city,n_trains,tx,day,mean_delay,fraction_cancelled,fraction_delayed,weekday,year
Berlin_Hbf,686,21.17,2021-09-01,227.2700296735905,0.0174927113702623,0.9940652818991098,2,2021
Berlin_Hbf,705,19.98,2021-09-02,173.4375,0.7276595744680852,0.96875,3,2021
Berlin_Hbf,699,23.609999,2021-09-03,250.85427135678395,0.7153075822603719,0.984924623115578,4,2021
Berlin_Hbf,498,18.81,2021-09-04,74.81927710843374,0.6666666666666666,0.9819277108433736,5,2021
Berlin_Hbf,579,22.289999,2021-09-05,167.6086956521739,0.6822107081174439,0.9565217391304348,6,2021
Berlin_Hbf,684,22.55,2021-09-06,211.14285714285717,0.6929824561403509,0.919047619047619,0,2021
Berlin_Hbf,674,22.269999,2021-09-07,217.0909090909091,0.0207715133531157,0.9696969696969696,1,2021
Berlin_Hbf,691,25.25,2021-09-08,753.4411764705883,0.0159189580318379,0.9897058823529412,2,2021
Berlin_Hbf,703,27.13,2021-09-09,318.6,0.0042674253200568,0.9771428571428572,3,2021
Berlin_Hbf,715,27.449999,2021-09-10,477.2688477951636,0.0167832167832167,0.9800853485064012,4,2021
Berlin_Hbf,639,24.23,2021-09-11,281.9699499165275,0.0625978090766823,0.959933222036728,5,2021
Berlin_Hbf,659,21.74,2021-09-12,194.43396226415092,0.0349013657056145,0.9559748427672956,6,2021
Berlin_Hbf,716,19.27,2021-09-13,287.35042735042737,0.0195530726256983,0.9871794871794872,0,2021
Berlin_Hbf,713,21.949999,2021-09-14,276.0342368045649,0.0168302945301542,0.9743223965763196,1,2021
Berlin_Hbf,715,23.68,2021-09-15,225.0212765957447,0.0139860139860139,0.9829787234042552,2,2021
Berlin_Hbf,716,19.4,2021-09-16,252.88762446657185,0.0181564245810055,0.9886201991465148,3,2021
Berlin_Hbf,733,16.25,2021-09-17,328.060522696011,0.0081855388813096,0.9738651994497936,4,2021
Berlin_Hbf,646,17.199999,2021-09-18,127.89968652037618,0.0123839009287925,0.95141065830721,5,2021
Berlin_Hbf,673,15.42,2021-09-19,235.3012048192771,0.013372956909361,0.9774096385542168,6,2021
Berlin_Hbf,719,15.969999,2021-09-20,391.8881118881119,0.0055632823365785,0.9944055944055944,0,2021
Berlin_Hbf,712,15.71,2021-09-21,208.44380403458212,0.0252808988764044,0.9798270893371758,1,2021
Berlin_Hbf,715,17.82,2021-09-22,316.21861152141804,0.0531468531468531,0.9867060561299852,2,2021
Berlin_Hbf,717,18.85,2021-09-23,264.7166921898928,0.0892608089260808,0.9800918836140888,3,2021
Berlin_Hbf,733,17.18,2021-09-24,438.88726207906296,0.068212824010914,0.9882869692532944,4,2021
Berlin_Hbf,646,20.38,2021-09-25,246.98360655737704,0.0557275541795665,0.980327868852459,5,2021
Berlin_Hbf,670,24.689999,2021-09-26,287.2952086553323,0.0343283582089552,0.973724884080371,6,2021
Berlin_Hbf,721,20.52,2021-09-27,307.489114658926,0.044382801664355,0.9941944847605224,0,2021
Berlin_Hbf,716,18.24,2021-09-28,339.48275862068965,0.0279329608938547,0.985632183908046,1,2021
Berlin_Hbf,717,16.35,2021-09-29,502.4023154848046,0.0362622036262203,0.9913169319826338,2,2021
Berlin_Hbf,717,16.14,2021-09-30,603.9301310043668,0.0418410041841004,0.992721979621543,3,2021
Berlin_Hbf,11,18.6,2021-10-01,152.72727272727272,0.0,0.7272727272727273,4,2021
Berlin_Hbf,499,15.32,2022-05-01,222.2085889570552,0.0200400801603206,0.967280163599182,6,2022
Berlin_Hbf,476,19.08,2022-05-02,245.74468085106383,0.0126050420168067,0.9723404255319148,0,2022
Berlin_Hbf,475,18.539999,2022-05-03,264.6908315565032,0.0126315789473684,0.9701492537313432,1,2022
Berlin_Hbf,492,19.35,2022-05-04,251.9496855345912,0.0304878048780487,0.9832285115303984,2,2022
Berlin_Hbf,496,18.44,2022-05-05,310.23454157782515,0.0544354838709677,0.9744136460554372,3,2022
Berlin_Hbf,506,19.869999,2022-05-06,379.83967935871743,0.0138339920948616,0.9799599198396792,4,2022
Berlin_Hbf,494,22.42,2022-05-07,322.16326530612247,0.0080971659919028,0.9877551020408164,5,2022
Berlin_Hbf,511,19.869999,2022-05-08,257.5841584158416,0.0117416829745596,0.9742574257425742,6,2022
Berlin_Hbf,479,21.47,2022-05-09,279.9147121535181,0.0208768267223382,0.9872068230277186,0,2022
Berlin_Hbf,511,26.47,2022-05-10,342.685370741483,0.0234833659491193,0.9759519038076152,1,2022
Berlin_Hbf,519,28.3,2022-05-11,420.3550295857988,0.0231213872832369,0.9743589743589745,2,2022
Berlin_Hbf,523,19.47,2022-05-12,493.5408560311284,0.017208413001912,0.990272373540856,3,2022
Berlin_Hbf,540,18.83,2022-05-13,376.1363636363636,0.0222222222222222,0.9753787878787878,4,2022
Berlin_Hbf,504,19.98,2022-05-14,361.9433198380567,0.0198412698412698,0.9696356275303644,5,2022
Berlin_Hbf,520,21.83,2022-05-15,315.88235294117646,0.0192307692307692,0.9666666666666668,6,2022
Berlin_Hbf,489,25.51,2022-05-16,458.6974789915967,0.0265848670756646,0.9852941176470588,0,2022
Berlin_Hbf,490,21.689999,2022-05-17,318.5200845665962,0.0346938775510204,0.970401691331924,1,2022
Berlin_Hbf,498,24.73,2022-05-18,369.6652719665272,0.0401606425702811,0.9665271966527196,2,2022
Berlin_Hbf,498,28.75,2022-05-19,711.7372881355932,0.0522088353413654,0.989406779661017,3,2022
Berlin_Hbf,532,25.24,2022-05-20,1249.601593625498,0.056390977443609,0.9760956175298804,4,2022
Berlin_Hbf,529,18.279999,2022-05-21,440.5679513184584,0.0680529300567107,0.9634888438133874,5,2022
Berlin_Hbf,549,19.38,2022-05-22,218.07909604519773,0.0327868852459016,0.9566854990583804,6,2022
Berlin_Hbf,526,22.91,2022-05-23,193.399209486166,0.0380228136882129,0.932806324110672,0,2022
Berlin_Hbf,523,22.289999,2022-05-24,313.32023575638505,0.0267686424474187,0.950884086444008,1,2022
Berlin_Hbf,547,21.13,2022-05-25,249.343339587242,0.0255941499085923,0.9568480300187616,2,2022
Berlin_Hbf,543,20.99,2022-05-26,202.2920517560074,0.003683241252302,0.9205175600739371,3,2022
Berlin_Hbf,522,18.22,2022-05-27,164.53125,0.0191570881226053,0.935546875,4,2022
Berlin_Hbf,531,15.98,2022-05-28,147.77142857142857,0.0112994350282485,0.9276190476190476,5,2022
Berlin_Hbf,546,15.299999,2022-05-29,232.44444444444449,0.0109890109890109,0.9555555555555556,6,2022
Berlin_Hbf,521,16.449999,2022-05-30,194.1586073500967,0.0076775431861804,0.9613152804642168,0,2022
Berlin_Hbf,517,20.17,2022-05-31,225.5577299412916,0.011605415860735,0.9412915851272016,1,2022
Berlin_Hbf,529,20.07,2022-06-01,222.79158699808795,0.0113421550094517,0.9388145315487572,2,2022
Berlin_Hbf,533,19.57,2022-06-02,929.1796875,0.0393996247654784,0.97265625,3,2022
Berlin_Hbf,554,25.63,2022-06-03,518.503937007874,0.0830324909747292,0.970472440944882,4,2022
Berlin_Hbf,529,24.57,2022-06-04,437.4857142857143,0.0075614366729678,0.9447619047619048,5,2022
Berlin_Hbf,514,28.14,2022-06-05,276.6,0.0272373540856031,0.94,6,2022
Berlin_Hbf,539,25.269999,2022-06-06,331.2849162011173,0.0037105751391465,0.9757914338919924,0,2022
Berlin_Hbf,519,24.56,2022-06-07,246.4579256360078,0.0154142581888246,0.980430528375734,1,2022
Berlin_Hbf,525,25.97,2022-06-08,334.5742574257426,0.0380952380952381,0.9405940594059404,2,2022
Berlin_Hbf,533,21.75,2022-06-09,181.1583011583012,0.0281425891181988,0.9362934362934364,3,2022
Berlin_Hbf,547,25.33,2022-06-10,355.75418994413405,0.0182815356489945,0.9646182495344506,4,2022
Berlin_Hbf,529,27.34,2022-06-11,316.84615384615387,0.0170132325141776,0.9596153846153846,5,2022
Berlin_Hbf,540,26.49,2022-06-12,382.0809248554913,0.0388888888888888,0.9672447013487476,6,2022
Berlin_Hbf,521,21.21,2022-06-13,238.12865497076024,0.0153550863723608,0.9610136452241717,0,2022
Berlin_Hbf,525,19.949999,2022-06-14,296.9142857142857,0.0,0.9485714285714286,1,2022
Berlin_Hbf,543,25.769999,2022-06-15,500.1117318435754,0.011049723756906,0.9813780260707636,2,2022
Berlin_Hbf,537,24.359999,2022-06-16,362.7324478178368,0.0186219739292365,0.9715370018975332,3,2022
Berlin_Hbf,545,25.96,2022-06-17,380.97196261682245,0.018348623853211,0.97196261682243,4,2022
Berlin_Hbf,533,33.75,2022-06-18,460.9356725146199,0.0375234521575985,0.9707602339181286,5,2022
Berlin_Hbf,435,36.03,2022-06-19,1054.5864661654136,0.0827586206896551,0.987468671679198,6,2022
Berlin_Hbf,525,18.029999,2022-06-20,565.1441241685144,0.1409523809523809,0.9822616407982262,0,2022
Berlin_Hbf,529,24.6,2022-06-21,338.1818181818182,0.1890359168241966,0.9533799533799534,1,2022
Berlin_Hbf,539,27.67,2022-06-22,465.3793103448276,0.1929499072356215,0.9724137931034482,2,2022
Berlin_Hbf,537,30.22,2022-06-23,420.51502145922746,0.1322160148975791,0.9892703862660944,3,2022
Berlin_Hbf,547,32.5,2022-06-24,683.4117647058823,0.0676416819012797,0.9745098039215686,4,2022
Berlin_Hbf,532,29.109999,2022-06-25,334.7490347490348,0.0263157894736842,0.9787644787644788,5,2022
Berlin_Hbf,549,32.469997,2022-06-26,307.9696394686908,0.0400728597449908,0.967741935483871,6,2022
Berlin_Hbf,529,35.399998,2022-06-27,393.96449704142015,0.0415879017013232,0.960552268244576,0,2022
Berlin_Hbf,529,26.519999,2022-06-28,287.81431334622823,0.0226843100189035,0.9709864603481624,1,2022
Berlin_Hbf,539,25.63,2022-06-29,325.0661625708885,0.0185528756957328,0.9395085066162572,2,2022
Berlin_Hbf,539,28.16,2022-06-30,422.2131147540984,0.0946196660482374,0.9692622950819672,3,2022
Berlin_Hbf,549,26.449999,2022-07-01,819.8499061913697,0.029143897996357,0.9606003752345216,4,2022
Berlin_Hbf,528,26.609999,2022-07-02,175.53435114503816,0.0075757575757575,0.9446564885496184,5,2022
Berlin_Hbf,544,29.97,2022-07-03,619.5872420262664,0.0202205882352941,0.951219512195122,6,2022
Berlin_Hbf,529,25.22,2022-07-04,419.64912280701753,0.0302457466918714,0.9707602339181286,0,2022
Berlin_Hbf,523,25.41,2022-07-05,315.02912621359224,0.0152963671128107,0.9359223300970874,1,2022
Berlin_Hbf,527,20.41,2022-07-06,296.0842105263158,0.0986717267552182,0.9578947368421052,2,2022
Berlin_Hbf,531,20.47,2022-07-07,329.296875,0.0357815442561205,0.962890625,3,2022
Berlin_Hbf,556,20.369999,2022-07-08,216.75276752767527,0.0251798561151079,0.92619926199262,4,2022
Berlin_Hbf,666,21.08,2022-07-09,384.3037974683545,0.051051051051051,0.9541139240506328,5,2022
Berlin_Hbf,679,20.26,2022-07-10,265.8841463414634,0.0338733431516936,0.9527439024390244,6,2022
Berlin_Hbf,690,23.519999,2022-07-11,283.0837004405286,0.0130434782608695,0.972099853157122,0,2022
Berlin_Hbf,694,27.06,2022-07-12,650.5843071786311,0.1368876080691642,0.979966611018364,1,2022
Berlin_Hbf,720,30.24,2022-07-13,564.2477876106195,0.0583333333333333,0.9837758112094396,2,2022
Berlin_Hbf,721,24.4,2022-07-14,571.0778443113772,0.073509015256588,0.9775449101796408,3,2022
Berlin_Hbf,765,20.289999,2022-07-15,374.64033850493655,0.0732026143790849,0.9732016925246828,4,2022
Berlin_Hbf,679,21.9,2022-07-16,223.55555555555557,0.0058910162002945,0.9407407407407408,5,2022
Berlin_Hbf,661,23.59,2022-07-17,473.5483870967742,0.0151285930408472,0.9600614439324116,6,2022
Berlin_Hbf,669,28.51,2022-07-18,438.9618320610687,0.0209267563527653,0.9786259541984732,0,2022
Berlin_Hbf,667,35.21,2022-07-19,522.2439024390244,0.0779610194902548,0.9821138211382112,1,2022
Berlin_Hbf,679,37.79,2022-07-20,537.3658536585366,0.0942562592047128,0.9821138211382112,2,2022
Berlin_Hbf,663,28.869999,2022-07-21,459.5541401273885,0.0527903469079939,0.9808917197452228,3,2022
Berlin_Hbf,670,23.93,2022-07-22,357.629179331307,0.017910447761194,0.9802431610942248,4,2022
Berlin_Hbf,600,24.3,2022-07-23,272.42424242424244,0.01,0.9747474747474748,5,2022
Berlin_Hbf,611,28.39,2022-07-24,339.6302521008403,0.0261865793780687,0.973109243697479,6,2022
Berlin_Hbf,668,35.36,2022-07-25,377.3684210526316,0.0329341317365269,0.9845201238390092,0,2022
Berlin_Hbf,666,24.439999,2022-07-26,505.527950310559,0.033033033033033,0.9736024844720496,1,2022
Berlin_Hbf,683,20.91,2022-07-27,403.6607142857143,0.0161054172767203,0.9761904761904762,2,2022
Berlin_Hbf,709,23.74,2022-07-28,541.4307004470938,0.0535966149506347,0.9865871833084948,3,2022
Berlin_Hbf,719,28.73,2022-07-29,581.6521739130435,0.0403337969401947,0.9753623188405796,4,2022
Berlin_Hbf,632,27.019999,2022-07-30,275.82236842105266,0.0379746835443038,0.962171052631579,5,2022
Berlin_Hbf,662,28.529999,2022-07-31,378.7326120556414,0.0226586102719033,0.9752704791344669,6,2022
Berlin_Hbf,694,24.39,2022-08-01,359.3684210526316,0.0417867435158501,0.9789473684210528,0,2022
Berlin_Hbf,692,27.64,2022-08-02,312.6080476900149,0.0303468208092485,0.9746646795827124,1,2022
Berlin_Hbf,696,33.75,2022-08-03,593.0973451327434,0.0258620689655172,0.9852507374631267,2,2022
Berlin_Hbf,699,37.079998,2022-08-04,820.6015037593985,0.2389127324749642,0.9830827067669172,3,2022
Berlin_Hbf,717,28.359999,2022-08-05,719.672131147541,0.2343096234309623,0.97632058287796,4,2022
Berlin_Hbf,649,23.16,2022-08-06,757.5,0.0878274268104776,0.9695945945945946,5,2022
Berlin_Hbf,662,24.8,2022-08-07,512.6851851851852,0.0211480362537764,0.9660493827160492,6,2022
Berlin_Hbf,710,27.47,2022-08-08,469.3617021276596,0.0070422535211267,0.975886524822695,0,2022
Berlin_Hbf,698,27.46,2022-08-09,403.77906976744185,0.0143266475644699,0.9811046511627908,1,2022
Berlin_Hbf,694,28.84,2022-08-10,523.5882352941177,0.0201729106628242,0.9838235294117648,2,2022
Berlin_Hbf,695,30.23,2022-08-11,517.5483870967741,0.1079136690647482,0.9758064516129032,3,2022
Berlin_Hbf,695,30.42,2022-08-12,570.2189781021898,0.014388489208633,0.981021897810219,4,2022
Berlin_Hbf,623,29.83,2022-08-13,400.5853658536585,0.0128410914927768,0.975609756097561,5,2022
Berlin_Hbf,638,32.489998,2022-08-14,519.9024390243902,0.0360501567398119,0.9772357723577236,6,2022
Berlin_Hbf,690,31.49,2022-08-15,736.9082125603865,0.1,0.9758454106280192,0,2022
Berlin_Hbf,688,30.099998,2022-08-16,565.5,0.0116279069767441,0.9691176470588236,1,2022
Berlin_Hbf,700,32.48,2022-08-17,498.2570162481536,0.0328571428571428,0.9867060561299852,2,2022
Berlin_Hbf,701,33.75,2022-08-18,491.9597989949749,0.1483594864479315,0.9932998324958124,3,2022
Berlin_Hbf,709,24.22,2022-08-19,481.7673048600884,0.0423131170662905,0.9764359351988218,4,2022
Berlin_Hbf,644,22.06,2022-08-20,595.2076677316294,0.0279503105590062,0.9840255591054312,5,2022
Berlin_Hbf,663,24.58,2022-08-21,300.4601226993865,0.0165912518853695,0.9677914110429447,6,2022
Berlin_Hbf,706,24.359999,2022-08-22,346.3323782234957,0.0113314447592068,0.9799426934097422,0,2022
Berlin_Hbf,706,25.88,2022-08-23,300.4335260115607,0.0198300283286118,0.9739884393063584,1,2022
Berlin_Hbf,712,27.31,2022-08-24,392.457627118644,0.0056179775280898,0.980225988700565,2,2022
Berlin_Hbf,715,28.21,2022-08-25,403.007299270073,0.0419580419580419,0.9824817518248176,3,2022
Berlin_Hbf,644,29.179998,2022-08-26,528.2950819672132,0.0527950310559006,0.9868852459016394,4,2022
Berlin_Hbf,137,23.83,2022-08-27,114.69026548672566,0.1751824817518248,1.0,5,2022
Berlin_Hbf,139,21.68,2022-08-28,198.0487804878049,0.1151079136690647,0.975609756097561,6,2022
Berlin_Hbf,273,22.58,2022-08-29,205.1764705882353,0.0659340659340659,1.0,0,2022
Berlin_Hbf,269,21.81,2022-08-30,125.3225806451613,0.0780669144981412,0.9919354838709676,1,2022
Berlin_Hbf,269,22.24,2022-08-31,104.21052631578948,0.4349442379182156,1.0,2,2022
Berlin_Hbf,271,21.76,2022-09-01,79.37743190661479,0.051660516605166,0.9883268482490272,3,2022
Berlin_Hbf,275,22.529999,2022-09-02,65.97701149425288,0.0509090909090909,0.992337164750958,4,2022
Berlin_Hbf,283,22.289999,2022-09-03,40.07722007722008,0.0848056537102473,0.972972972972973,5,2022
Berlin_Hbf,283,24.449999,2022-09-04,77.24137931034483,0.07773851590106,0.9961685823754788,6,2022
Berlin_Hbf,269,24.369999,2022-09-05,50.36144578313253,0.0743494423791821,0.9919678714859438,0,2022
Berlin_Hbf,269,23.01,2022-09-06,86.32411067193677,0.0594795539033457,0.9881422924901184,1,2022
Berlin_Hbf,271,25.67,2022-09-07,79.76470588235294,0.059040590405904,0.984313725490196,2,2022
Berlin_Hbf,273,18.17,2022-09-08,216.8,0.1758241758241758,0.9911111111111112,3,2022
Berlin_Hbf,287,23.24,2022-09-09,144.3824701195219,0.1254355400696864,0.9880478087649402,4,2022
Berlin_Hbf,285,22.48,2022-09-10,126.66666666666669,0.0842105263157894,0.9808429118773946,5,2022
Berlin_Hbf,283,20.13,2022-09-11,135.54655870445345,0.127208480565371,0.9838056680161944,6,2022
Berlin_Hbf,277,20.72,2022-09-12,99.01140684410646,0.0505415162454873,0.973384030418251,0,2022
Berlin_Hbf,275,19.96,2022-09-13,142.75862068965515,0.0509090909090909,0.9616858237547892,1,2022
Berlin_Hbf,275,18.99,2022-09-14,143.49809885931558,0.0436363636363636,0.9809885931558936,2,2022
Berlin_Hbf,275,18.63,2022-09-15,157.01149425287358,0.0509090909090909,0.9731800766283524,3,2022
Berlin_Hbf,336,17.76,2022-09-16,311.2738853503185,0.0654761904761904,0.964968152866242,4,2022
Berlin_Hbf,623,16.32,2022-09-17,380.22690437601295,0.0096308186195826,0.985413290113452,5,2022
Berlin_Hbf,629,14.559999,2022-09-18,455.7825370675453,0.0349761526232114,0.9934102141680397,6,2022
Berlin_Hbf,719,16.38,2022-09-19,485.3254437869823,0.0598052851182197,0.9763313609467456,0,2022
Berlin_Hbf,713,14.79,2022-09-20,381.8340611353712,0.0364656381486676,0.9737991266375546,1,2022
Berlin_Hbf,719,16.94,2022-09-21,398.6890243902439,0.0876216968011126,0.9786585365853658,2,2022
Berlin_Hbf,719,16.97,2022-09-22,401.4921090387375,0.0305980528511821,0.9842180774748924,3,2022
Berlin_Hbf,703,17.31,2022-09-23,328.09453471196457,0.0369843527738264,0.9793205317577548,4,2022
Berlin_Hbf,590,16.43,2022-09-24,225.71917808219175,0.0101694915254237,0.9726027397260274,5,2022
Berlin_Hbf,635,18.89,2022-09-25,266.29213483146066,0.0188976377952755,0.9727126805778492,6,2022
Berlin_Hbf,688,17.19,2022-09-26,324.578313253012,0.0348837209302325,0.9683734939759036,0,2022
Berlin_Hbf,682,13.45,2022-09-27,229.0062111801242,0.0557184750733137,0.9658385093167702,1,2022
Berlin_Hbf,680,12.469999,2022-09-28,462.7027027027027,0.6735294117647059,0.972972972972973,2,2022
Berlin_Hbf,678,14.73,2022-09-29,276.77115987460814,0.0589970501474926,0.9702194357366772,3,2022
Berlin_Hbf,685,17.35,2022-09-30,308.0610687022901,0.0437956204379562,0.964885496183206,4,2022
Berlin_Hbf,10,12.84,2022-10-01,696.0,0.0,1.0,5,2022
Dortmund_Hbf,1177,17.27,2021-09-01,232.04565408252853,0.0322854715378079,0.9868305531167691,2,2021
Dortmund_Hbf,1187,22.01,2021-09-02,88.09018567639258,0.3647851727042965,0.986737400530504,3,2021
Dortmund_Hbf,1223,24.449999,2021-09-03,140.7188703465982,0.3630417007358953,0.9845956354300384,4,2021
Dortmund_Hbf,1072,20.32,2021-09-04,91.248322147651,0.3050373134328358,0.9771812080536912,5,2021
Dortmund_Hbf,998,24.1,2021-09-05,95.06607929515418,0.3176352705410821,0.9765051395007344,6,2021
Dortmund_Hbf,1187,24.98,2021-09-06,65.04527813712808,0.3487784330244313,0.9793014230271668,0,2021
Dortmund_Hbf,1185,24.75,2021-09-07,172.12858384013902,0.0286919831223628,0.993049522154648,1,2021
Dortmund_Hbf,1185,27.81,2021-09-08,280.9549071618037,0.0455696202531645,0.9902740937223696,2,2021
Dortmund_Hbf,1184,27.67,2021-09-09,311.7708333333333,0.027027027027027,0.9947916666666666,3,2021
Dortmund_Hbf,1217,24.47,2021-09-10,245.1802179379715,0.019720624486442,0.9907795473595976,4,2021
Dortmund_Hbf,1071,21.0,2021-09-11,147.19923002887393,0.0298786181139122,0.9826756496631376,5,2021
Dortmund_Hbf,1006,21.05,2021-09-12,236.17021276595744,0.0656063618290258,0.9872340425531916,6,2021
Dortmund_Hbf,1203,21.16,2021-09-13,139.27118644067798,0.0191188694929343,0.988135593220339,0,2021
Dortmund_Hbf,1200,25.48,2021-09-14,182.24108658743637,0.0183333333333333,0.9855687606112056,1,2021
Dortmund_Hbf,1200,21.77,2021-09-15,162.41291418861513,0.0191666666666666,0.9872557349192864,2,2021
Dortmund_Hbf,1199,19.77,2021-09-16,125.83476764199656,0.030859049207673,0.9784853700516352,3,2021
Dortmund_Hbf,1194,20.65,2021-09-17,282.01605709188226,0.0611390284757118,0.9901873327386262,4,2021
Dortmund_Hbf,1062,21.06,2021-09-18,148.86679920477138,0.0527306967984934,0.9811133200795228,5,2021
Dortmund_Hbf,999,18.109999,2021-09-19,176.97841726618705,0.026026026026026,0.9825282631038028,6,2021
Dortmund_Hbf,1217,16.67,2021-09-20,202.66331658291455,0.0188989317995069,0.9824120603015076,0,2021
Dortmund_Hbf,1214,17.779999,2021-09-21,158.84422110552765,0.0164744645799011,0.9857621440536012,1,2021
Dortmund_Hbf,1214,20.22,2021-09-22,318.74678111587986,0.0403624382207578,0.984549356223176,2,2021
Dortmund_Hbf,1208,19.83,2021-09-23,215.25510204081635,0.0264900662251655,0.9940476190476192,3,2021
Dortmund_Hbf,1240,18.68,2021-09-24,239.89958158995816,0.0362903225806451,0.989958158995816,4,2021
Dortmund_Hbf,1075,20.8,2021-09-25,184.24528301886792,0.013953488372093,0.9867924528301888,5,2021
Dortmund_Hbf,1009,24.18,2021-09-26,227.8181818181818,0.018830525272547,0.9828282828282828,6,2021
Dortmund_Hbf,1211,21.51,2021-09-27,197.7983193277311,0.0173410404624277,0.9899159663865548,0,2021
Dortmund_Hbf,1209,18.27,2021-09-28,275.23728813559325,0.0239867659222497,0.9966101694915256,1,2021
Dortmund_Hbf,1206,13.7699995,2021-09-29,293.3333333333333,0.0149253731343283,0.9907407407407408,2,2021
Dortmund_Hbf,1203,15.389999,2021-09-30,295.9527824620573,0.0141313383208645,0.9915682967959528,3,2021
Dortmund_Hbf,11,18.46,2021-10-01,583.6363636363636,0.0,1.0,4,2021
Dortmund_Hbf,1028,15.0199995,2022-05-01,228.10756972111557,0.0233463035019455,0.9890438247011952,6,2022
Dortmund_Hbf,1247,19.42,2022-05-02,261.84971098265896,0.028869286287089,0.9933938893476466,0,2022
Dortmund_Hbf,1241,18.289999,2022-05-03,216.79197994987467,0.0354552780016116,0.9933166248955724,1,2022
Dortmund_Hbf,1240,17.98,2022-05-04,245.22613065326632,0.0370967741935483,0.990787269681742,2,2022
Dortmund_Hbf,1243,19.02,2022-05-05,182.03811101905552,0.0289621882542236,0.991714995857498,3,2022
Dortmund_Hbf,1283,21.39,2022-05-06,275.2828685258964,0.0218238503507404,0.995219123505976,4,2022
Dortmund_Hbf,1115,22.22,2022-05-07,444.6210720887246,0.0295964125560538,0.9926062846580408,5,2022
Dortmund_Hbf,1042,18.52,2022-05-08,353.23353293413174,0.0383877159309021,0.994011976047904,6,2022
Dortmund_Hbf,1258,24.93,2022-05-09,332.1271393643032,0.0246422893481717,0.9991850040749796,0,2022
Dortmund_Hbf,1252,25.46,2022-05-10,273.03986710963454,0.0383386581469648,0.9958471760797342,1,2022
Dortmund_Hbf,1237,25.88,2022-05-11,242.67352185089973,0.0565885206143896,0.9957155098543272,2,2022
Dortmund_Hbf,1239,19.369999,2022-05-12,531.2295786758383,0.0613397901533494,0.998280309544282,3,2022
Dortmund_Hbf,1279,19.58,2022-05-13,340.2746365105008,0.0320562939796716,0.9983844911147012,4,2022
Dortmund_Hbf,1102,22.23,2022-05-14,367.1523178807947,0.0408348457350272,0.9952696310312203,5,2022
Dortmund_Hbf,1029,25.24,2022-05-15,355.5623100303951,0.0408163265306122,0.9868287740628168,6,2022
Dortmund_Hbf,1221,25.279999,2022-05-16,375.9268929503916,0.0589680589680589,0.9947780678851176,0,2022
Dortmund_Hbf,1219,21.98,2022-05-17,155.63451776649745,0.0303527481542247,0.9932318104906938,1,2022
Dortmund_Hbf,1219,29.51,2022-05-18,468.6842105263158,0.0648072190319934,0.9921052631578948,2,2022
Dortmund_Hbf,1221,28.68,2022-05-19,531.8086956521739,0.0581490581490581,0.9930434782608696,3,2022
Dortmund_Hbf,1277,23.779999,2022-05-20,758.9038785834739,0.0712607674236491,0.9924114671163576,4,2022
Dortmund_Hbf,1155,18.789999,2022-05-21,267.6422764227642,0.0415584415584415,0.991869918699187,5,2022
Dortmund_Hbf,1081,21.71,2022-05-22,234.985590778098,0.0370027752081406,0.9855907780979828,6,2022
Dortmund_Hbf,1244,25.91,2022-05-23,246.64961636828644,0.0570739549839228,0.990622335890878,0,2022
Dortmund_Hbf,1241,17.619999,2022-05-24,344.23728813559325,0.0491539081385979,0.9915254237288136,1,2022
Dortmund_Hbf,1293,19.41,2022-05-25,364.72019464720194,0.0464037122969837,0.9951338199513382,2,2022
Dortmund_Hbf,1062,19.98,2022-05-26,198.08612440191388,0.0160075329566855,0.9885167464114832,3,2022
Dortmund_Hbf,1213,18.19,2022-05-27,195.77319587628867,0.0403957131079967,0.9914089347079038,4,2022
Dortmund_Hbf,1114,17.0,2022-05-28,241.94624652455977,0.0314183123877917,0.9916589434661724,5,2022
Dortmund_Hbf,1051,14.759999,2022-05-29,235.06292352371733,0.0171265461465271,0.9883833494675702,6,2022
Dortmund_Hbf,1245,15.57,2022-05-30,262.58764607679467,0.0377510040160642,0.9924874791318864,0,2022
Dortmund_Hbf,1243,18.44,2022-05-31,295.0169491525424,0.0506838294448913,0.9932203389830508,1,2022
Dortmund_Hbf,1243,18.15,2022-06-01,326.9397993311037,0.0378117457763475,0.9941471571906354,2,2022
Dortmund_Hbf,1245,19.93,2022-06-02,484.8362720403023,0.0433734939759036,0.9907640638119228,3,2022
Dortmund_Hbf,1333,24.13,2022-06-03,567.0862470862471,0.0345086271567892,0.9984459984459984,4,2022
Dortmund_Hbf,1163,24.279999,2022-06-04,421.8198037466548,0.0361134995700773,0.9946476360392508,5,2022
Dortmund_Hbf,1139,22.41,2022-06-05,345.0802139037433,0.0149253731343283,0.9955436720142602,6,2022
Dortmund_Hbf,1149,21.08,2022-06-06,368.7147887323944,0.011314186248912,0.988556338028169,0,2022
Dortmund_Hbf,1289,20.8,2022-06-07,383.3898305084746,0.038789759503491,0.9967715899919288,1,2022
Dortmund_Hbf,1284,22.119999,2022-06-08,252.6440410418311,0.0132398753894081,0.9976322020520916,2,2022
Dortmund_Hbf,1285,19.68,2022-06-09,280.8785942492013,0.02568093385214,0.9976038338658147,3,2022
Dortmund_Hbf,1320,23.31,2022-06-10,325.84181675802665,0.0325757575757575,0.9984338292873924,4,2022
Dortmund_Hbf,1102,24.58,2022-06-11,367.2622478386167,0.0553539019963702,0.9932756964457252,5,2022
Dortmund_Hbf,1031,23.23,2022-06-12,314.5472837022133,0.0358874878758486,0.9919517102615694,6,2022
Dortmund_Hbf,1236,20.08,2022-06-13,322.0573355817875,0.0404530744336569,0.9932546374367622,0,2022
Dortmund_Hbf,1233,21.869999,2022-06-14,414.77815699658703,0.0494728304947283,0.9982935153583616,1,2022
Dortmund_Hbf,1259,26.74,2022-06-15,485.7781599312124,0.0762509928514694,0.996560619088564,2,2022
Dortmund_Hbf,1032,23.949999,2022-06-16,316.53306613226454,0.0329457364341085,0.9889779559118236,3,2022
Dortmund_Hbf,1267,28.91,2022-06-17,399.7014925373134,0.048145224940805,0.9975124378109452,4,2022
Dortmund_Hbf,1106,32.62,2022-06-18,494.864593781344,0.0985533453887884,0.9949849548645938,5,2022
Dortmund_Hbf,791,23.06,2022-06-19,363.4354194407457,0.0505689001264222,0.9946737683089214,6,2022
Dortmund_Hbf,1235,21.16,2022-06-20,299.38461538461536,0.0526315789473684,0.9948717948717948,0,2022
Dortmund_Hbf,1233,22.5,2022-06-21,279.43589743589746,0.0510948905109489,0.9974358974358974,1,2022
Dortmund_Hbf,1233,27.3,2022-06-22,315.570583262891,0.040551500405515,0.9983093829247676,2,2022
Dortmund_Hbf,1235,32.19,2022-06-23,351.5641476274165,0.0785425101214574,0.9982425307557118,3,2022
Dortmund_Hbf,1274,24.98,2022-06-24,384.0302267002519,0.065149136577708,0.9958018471872376,4,2022
Dortmund_Hbf,1099,26.269999,2022-06-25,353.0880929332043,0.0600545950864422,0.9970958373668926,5,2022
Dortmund_Hbf,1026,22.17,2022-06-26,290.8891108891109,0.0243664717348927,0.995004995004995,6,2022
Dortmund_Hbf,1205,21.35,2022-06-27,327.6096687555953,0.0730290456431535,0.9973142345568488,0,2022
Dortmund_Hbf,1223,25.119999,2022-06-28,427.95865633074936,0.0506950122649223,0.9931093884582256,1,2022
Dortmund_Hbf,1213,25.4,2022-06-29,390.5989110707804,0.0915086562242374,0.998185117967332,2,2022
Dortmund_Hbf,1209,30.9,2022-06-30,408.9230769230769,0.086021505376344,0.9945701357466064,3,2022
Dortmund_Hbf,1242,21.92,2022-07-01,379.3531914893617,0.0539452495974235,0.9974468085106384,4,2022
Dortmund_Hbf,1098,26.539999,2022-07-02,360.23598820059,0.0737704918032786,0.9960668633235004,5,2022
Dortmund_Hbf,1046,25.99,2022-07-03,317.6047904191617,0.0420650095602294,0.9930139720558884,6,2022
Dortmund_Hbf,1243,24.5,2022-07-04,375.3071672354949,0.0571198712791633,0.9974402730375428,0,2022
Dortmund_Hbf,1241,23.519999,2022-07-05,243.9932603201348,0.0435132957292506,0.995787700084246,1,2022
Dortmund_Hbf,1241,21.189999,2022-07-06,260.893760539629,0.0443190975020145,0.997470489038786,2,2022
Dortmund_Hbf,1254,20.05,2022-07-07,274.4529262086514,0.0598086124401913,0.993214588634436,3,2022
Dortmund_Hbf,1295,23.43,2022-07-08,262.4512987012987,0.0486486486486486,0.997564935064935,4,2022
Dortmund_Hbf,1133,23.619999,2022-07-09,305.8102766798419,0.1067961165048543,0.9950592885375494,5,2022
Dortmund_Hbf,1047,18.199999,2022-07-10,259.38947368421054,0.0926456542502387,0.983157894736842,6,2022
Dortmund_Hbf,1243,21.68,2022-07-11,213.50442477876103,0.0909090909090909,0.9946902654867256,0,2022
Dortmund_Hbf,1241,28.529999,2022-07-12,559.9645075421473,0.0918614020950846,0.9964507542147294,1,2022
Dortmund_Hbf,1241,29.269999,2022-07-13,282.7986348122867,0.0556003223207091,0.9974402730375428,2,2022
Dortmund_Hbf,1242,24.35,2022-07-14,338.87867647058823,0.1239935587761674,0.9972426470588236,3,2022
Dortmund_Hbf,1278,22.55,2022-07-15,287.0489038785835,0.0719874804381846,0.9991568296795952,4,2022
Dortmund_Hbf,1113,23.039999,2022-07-16,294.4488188976378,0.087151841868823,0.9960629921259844,5,2022
Dortmund_Hbf,1038,26.13,2022-07-17,434.7936507936508,0.0895953757225433,0.9936507936507936,6,2022
Dortmund_Hbf,1239,33.27,2022-07-18,330.6866197183099,0.0831315577078288,0.9947183098591548,0,2022
Dortmund_Hbf,1237,38.0,2022-07-19,551.3725490196078,0.1341956345998383,0.9981325863678804,1,2022
Dortmund_Hbf,1237,31.47,2022-07-20,335.10869565217394,0.1075181891673403,0.9981884057971014,2,2022
Dortmund_Hbf,1239,22.71,2022-07-21,306.49373881932024,0.0976594027441485,0.9946332737030412,3,2022
Dortmund_Hbf,1274,21.789999,2022-07-22,314.8695652173913,0.097331240188383,0.997391304347826,4,2022
Dortmund_Hbf,1110,25.17,2022-07-23,285.6496062992126,0.0846846846846846,0.9931102362204725,5,2022
Dortmund_Hbf,1034,30.24,2022-07-24,251.71189979123173,0.0735009671179884,0.9895615866388308,6,2022
Dortmund_Hbf,1238,28.89,2022-07-25,266.19343389529723,0.0896607431340872,0.9937888198757764,0,2022
Dortmund_Hbf,1241,22.369999,2022-07-26,368.994708994709,0.0862207896857373,0.9973544973544972,1,2022
Dortmund_Hbf,1275,21.65,2022-07-27,258.75,0.0713725490196078,0.9864864864864864,2,2022
Dortmund_Hbf,1249,24.35,2022-07-28,368.0952380952381,0.0920736589271417,0.9902998236331568,3,2022
Dortmund_Hbf,1277,24.34,2022-07-29,296.8713204373423,0.0689115113547376,0.9966358284272496,4,2022
Dortmund_Hbf,1155,26.39,2022-07-30,305.3122087604846,0.070995670995671,0.994408201304753,5,2022
Dortmund_Hbf,1032,25.8,2022-07-31,277.23919915700736,0.0804263565891472,0.9905163329820864,6,2022
Dortmund_Hbf,1212,23.34,2022-08-01,314.0773286467487,0.061056105610561,0.9947275922671354,0,2022
Dortmund_Hbf,1211,28.56,2022-08-02,261.227621483376,0.0313790255986787,0.9948849104859336,1,2022
Dortmund_Hbf,1211,32.04,2022-08-03,398.69303525365433,0.0396366639141205,0.994840928632846,2,2022
Dortmund_Hbf,1212,33.36,2022-08-04,323.1541850220264,0.0635313531353135,0.9938325991189428,3,2022
Dortmund_Hbf,1250,22.6,2022-08-05,357.74624373956595,0.0416,0.994991652754591,4,2022
Dortmund_Hbf,1060,22.689999,2022-08-06,424.0658276863504,0.0254716981132075,0.9970958373668926,5,2022
Dortmund_Hbf,980,25.449999,2022-08-07,270.2893890675241,0.0479591836734693,0.9978563772775992,6,2022
Dortmund_Hbf,1204,25.789999,2022-08-08,361.6157989228007,0.074750830564784,0.9973070017953322,0,2022
Dortmund_Hbf,1203,27.64,2022-08-09,358.2825484764543,0.0997506234413965,0.9953831948291784,1,2022
Dortmund_Hbf,1203,29.859999,2022-08-10,445.4946996466431,0.0590191188694929,0.9973498233215548,2,2022
Dortmund_Hbf,1209,31.199999,2022-08-11,330.7266435986159,0.0438378825475599,0.9965397923875432,3,2022
Dortmund_Hbf,1302,31.369999,2022-08-12,547.3086419753087,0.0668202764976958,0.9958847736625516,4,2022
Dortmund_Hbf,1113,31.59,2022-08-13,561.4581280788177,0.0880503144654088,0.9970443349753696,5,2022
Dortmund_Hbf,1041,32.079998,2022-08-14,375.678391959799,0.0441882804995196,0.9919597989949748,6,2022
Dortmund_Hbf,1269,25.99,2022-08-15,375.15996718621824,0.0394011032308904,0.9950779327317474,0,2022
Dortmund_Hbf,1269,30.08,2022-08-16,363.9933444259568,0.0527974783293932,0.9958402662229616,1,2022
Dortmund_Hbf,1268,27.039999,2022-08-17,325.82781456953643,0.0473186119873817,0.9917218543046358,2,2022
Dortmund_Hbf,1268,26.0,2022-08-18,419.65936739659367,0.0276025236593059,0.9927007299270072,3,2022
Dortmund_Hbf,1309,27.63,2022-08-19,367.0167064439141,0.0397249809014514,0.9952267303102624,4,2022
Dortmund_Hbf,1120,24.519999,2022-08-20,751.7333333333333,0.7991071428571429,0.9822222222222222,5,2022
Dortmund_Hbf,981,25.56,2022-08-21,333.6977491961415,0.0489296636085626,0.992497320471597,6,2022
Dortmund_Hbf,1207,27.57,2022-08-22,357.2703412073491,0.0530240265120132,0.994750656167979,0,2022
Dortmund_Hbf,1205,30.869999,2022-08-23,257.4716652136007,0.0481327800829875,0.996512641673932,1,2022
Dortmund_Hbf,1204,32.329998,2022-08-24,312.5280414150129,0.037375415282392,0.989646246764452,2,2022
Dortmund_Hbf,1206,32.149998,2022-08-25,362.9577464788732,0.0580431177446102,0.9929577464788732,3,2022
Dortmund_Hbf,1248,24.08,2022-08-26,318.06615776081424,0.0552884615384615,0.9957591178965224,4,2022
Dortmund_Hbf,1057,21.6,2022-08-27,344.8586387434555,0.0964995269631031,0.9863874345549738,5,2022
Dortmund_Hbf,984,23.47,2022-08-28,359.6825396825397,0.0396341463414634,0.9968253968253968,6,2022
Dortmund_Hbf,1207,23.84,2022-08-29,305.98411297440424,0.0613090306545153,0.998234774933804,0,2022
Dortmund_Hbf,1203,24.92,2022-08-30,397.26480836236937,0.0457190357439734,0.995644599303136,1,2022
Dortmund_Hbf,1203,24.8,2022-08-31,272.22972972972974,0.0157938487115544,0.9932432432432432,2,2022
Dortmund_Hbf,1217,25.39,2022-09-01,250.58227848101265,0.0262941659819227,0.9949367088607596,3,2022
Dortmund_Hbf,1254,26.14,2022-09-02,281.12699747687134,0.0518341307814992,0.9949537426408748,4,2022
Dortmund_Hbf,1071,26.58,2022-09-03,241.35960591133005,0.0522875816993464,0.993103448275862,5,2022
Dortmund_Hbf,997,28.01,2022-09-04,235.72736520854528,0.0140421263791374,0.9888097660223804,6,2022
Dortmund_Hbf,1223,30.46,2022-09-05,272.3076923076923,0.0539656582174979,0.9913569576490924,0,2022
Dortmund_Hbf,1222,30.51,2022-09-06,286.3049095607235,0.0499181669394435,0.9939707149009476,1,2022
Dortmund_Hbf,1222,24.42,2022-09-07,287.28857890148214,0.0613747954173486,0.992153443766347,2,2022
Dortmund_Hbf,1224,22.25,2022-09-08,456.4323374340949,0.0702614379084967,0.9964850615114236,3,2022
Dortmund_Hbf,1262,21.689999,2022-09-09,534.4729849424269,0.1053882725832012,0.9973427812223208,4,2022
Dortmund_Hbf,1068,17.65,2022-09-10,270.18218623481783,0.0749063670411985,0.9979757085020244,5,2022
Dortmund_Hbf,998,20.74,2022-09-11,267.33188720173536,0.0761523046092184,0.9956616052060736,6,2022
Dortmund_Hbf,1224,24.8,2022-09-12,226.8849557522124,0.076797385620915,0.9920353982300883,0,2022
Dortmund_Hbf,1227,24.07,2022-09-13,296.1491760624458,0.0603096984515077,1.0,1,2022
Dortmund_Hbf,1185,16.69,2022-09-14,284.5967042497832,0.0270042194092827,0.9956634865568084,2,2022
Dortmund_Hbf,1187,17.42,2022-09-15,288.9005235602094,0.0345408593091828,0.9965095986038396,3,2022
Dortmund_Hbf,1221,15.9,2022-09-16,297.62478485370053,0.0483210483210483,0.9965576592082616,4,2022
Dortmund_Hbf,1007,15.059999,2022-09-17,263.0439223697651,0.0278053624627606,0.9908069458631256,5,2022
Dortmund_Hbf,929,12.13,2022-09-18,246.4,0.0312163616792249,0.9977777777777778,6,2022
Dortmund_Hbf,1226,17.16,2022-09-19,270.69767441860466,0.0530179445350734,0.9948320413436692,0,2022
Dortmund_Hbf,1201,16.22,2022-09-20,222.47191011235955,0.0366361365528726,0.9982713915298184,1,2022
Dortmund_Hbf,1193,17.76,2022-09-21,312.9181494661922,0.0578373847443419,0.9955516014234876,2,2022
Dortmund_Hbf,1195,19.64,2022-09-22,273.8835794960904,0.0368200836820083,0.9956559513466552,3,2022
Dortmund_Hbf,1227,18.67,2022-09-23,223.43399482312336,0.0554197229013854,0.993960310612597,4,2022
Dortmund_Hbf,1039,16.609999,2022-09-24,232.5370187561698,0.02502406159769,0.9960513326752222,5,2022
Dortmund_Hbf,981,17.82,2022-09-25,249.9367088607595,0.0336391437308868,0.9926160337552744,6,2022
Dortmund_Hbf,1203,13.139999,2022-09-26,188.4192730346577,0.0166251039068994,0.9983093829247676,0,2022
Dortmund_Hbf,1201,11.54,2022-09-27,204.14201183431956,0.0149875104079933,0.9949281487743026,1,2022
Dortmund_Hbf,1202,13.17,2022-09-28,192.23650385604117,0.0291181364392678,0.9931448157669236,2,2022
Dortmund_Hbf,1204,15.639999,2022-09-29,188.2142857142857,0.0232558139534883,0.9948979591836736,3,2022
Dortmund_Hbf,1239,16.55,2022-09-30,366.1860854987426,0.0371267150928167,0.9966471081307628,4,2022
Dortmund_Hbf,15,17.109999,2022-10-01,532.0,0.0,1.0,5,2022
Düsseldorf_Hbf,1831,16.97,2021-09-01,234.280701754386,0.0660841070453304,0.9865497076023392,2,2021
Düsseldorf_Hbf,1852,23.46,2021-09-02,157.82051282051282,0.4946004319654428,0.9497863247863249,3,2021
Düsseldorf_Hbf,1901,25.91,2021-09-03,281.0197710718002,0.4944765912677538,0.9604578563995838,4,2021
Düsseldorf_Hbf,1671,22.02,2021-09-04,173.16062176165804,0.4225014961101137,0.9699481865284976,5,2021
Düsseldorf_Hbf,1562,26.3,2021-09-05,152.9934924078091,0.409731113956466,0.9642082429501084,6,2021
Düsseldorf_Hbf,1853,25.779999,2021-09-06,129.6976016684046,0.4824608742579601,0.9468196037539104,0,2021
Düsseldorf_Hbf,1852,26.199999,2021-09-07,275.9329608938547,0.0334773218142548,0.9843575418994414,1,2021
Düsseldorf_Hbf,1851,27.289999,2021-09-08,336.4927857935627,0.0264721772015126,0.9794672586015538,2,2021
Düsseldorf_Hbf,1845,27.56,2021-09-09,363.7267080745341,0.0401084010840108,0.9887069452286844,3,2021
Düsseldorf_Hbf,1896,23.48,2021-09-10,285.49379384781435,0.0226793248945147,0.9875876956287102,4,2021
Düsseldorf_Hbf,1641,21.74,2021-09-11,241.04934415990007,0.024375380865326,0.976889444097439,5,2021
Düsseldorf_Hbf,1538,21.789999,2021-09-12,308.43501326259945,0.0195058517555266,0.9741379310344828,6,2021
Düsseldorf_Hbf,1818,22.0,2021-09-13,251.71557562076748,0.0253025302530253,0.9847629796839728,0,2021
Düsseldorf_Hbf,1815,25.06,2021-09-14,229.89795918367344,0.028099173553719,0.981859410430839,1,2021
Düsseldorf_Hbf,1816,22.07,2021-09-15,226.93136698808848,0.0291850220264317,0.9818491208167895,2,2021
Düsseldorf_Hbf,1836,20.3,2021-09-16,195.9932088285229,0.0375816993464052,0.978494623655914,3,2021
Düsseldorf_Hbf,1886,21.3,2021-09-17,318.3424807903403,0.0339342523860021,0.9846322722283204,4,2021
Düsseldorf_Hbf,1695,22.51,2021-09-18,248.29174664107487,0.0778761061946902,0.9724888035828536,5,2021
Düsseldorf_Hbf,1591,19.439999,2021-09-19,252.51533742331287,0.0779384035197988,0.9625085207907292,6,2021
Düsseldorf_Hbf,1872,17.27,2021-09-20,291.61556603773585,0.094017094017094,0.9840801886792452,0,2021
Düsseldorf_Hbf,1861,18.41,2021-09-21,261.33254716981133,0.0886620096722192,0.9870283018867924,1,2021
Düsseldorf_Hbf,1861,20.26,2021-09-22,461.74688057041,0.0956475013433637,0.9904931669637552,2,2021
Düsseldorf_Hbf,1868,21.31,2021-09-23,336.3984243106359,0.0487152034261242,0.988182329769274,3,2021
Düsseldorf_Hbf,1917,20.18,2021-09-24,290.28729281767954,0.0558163797600417,0.9806629834254144,4,2021
Düsseldorf_Hbf,1675,23.3,2021-09-25,275.8541266794626,0.066865671641791,0.9718490083173384,5,2021
Düsseldorf_Hbf,1512,23.699999,2021-09-26,262.0881355932204,0.0244708994708994,0.9789830508474576,6,2021
Düsseldorf_Hbf,1866,21.38,2021-09-27,422.1955403087479,0.062700964630225,0.9828473413379074,0,2021
Düsseldorf_Hbf,1859,17.869999,2021-09-28,373.13769751693,0.0467993544916621,0.9875846501128668,1,2021
Düsseldorf_Hbf,1845,14.639999,2021-09-29,431.5519253208868,0.0710027100271002,0.9865810968494748,2,2021
Düsseldorf_Hbf,1849,15.37,2021-09-30,371.0224719101124,0.0373174689021092,0.9898876404494382,3,2021
Düsseldorf_Hbf,16,18.64,2021-10-01,1916.25,0.0,1.0,4,2021
Düsseldorf_Hbf,1715,15.49,2022-05-01,235.6253704801423,0.0163265306122449,0.989330171902786,6,2022
Düsseldorf_Hbf,2233,19.99,2022-05-02,352.1898496240602,0.0470219435736677,0.9915413533834586,0,2022
Düsseldorf_Hbf,2227,19.07,2022-05-03,272.46268656716416,0.037269869779973,0.9953358208955224,1,2022
Düsseldorf_Hbf,2227,18.279999,2022-05-04,315.0625289485873,0.0305343511450381,0.9925891616489116,2,2022
Düsseldorf_Hbf,2236,19.96,2022-05-05,273.25367647058823,0.0268336314847942,0.9921875,3,2022
Düsseldorf_Hbf,2241,21.71,2022-05-06,339.81541301338257,0.0330209727800089,0.993077988001846,4,2022
Düsseldorf_Hbf,1627,22.789999,2022-05-07,694.4778987828315,0.0405654578979717,0.9974375400384368,5,2022
Düsseldorf_Hbf,1510,19.74,2022-05-08,511.7598908594816,0.0291390728476821,0.995225102319236,6,2022
Düsseldorf_Hbf,2048,25.039999,2022-05-09,386.05263157894734,0.03515625,0.9954453441295548,0,2022
Düsseldorf_Hbf,2048,26.0,2022-05-10,342.9521410579345,0.03076171875,0.9974811083123426,1,2022
Düsseldorf_Hbf,2186,26.76,2022-05-11,257.85781990521326,0.0347666971637694,0.995734597156398,2,2022
Düsseldorf_Hbf,2246,20.42,2022-05-12,386.19444444444446,0.0382902938557435,0.9944444444444444,3,2022
Düsseldorf_Hbf,2293,20.22,2022-05-13,429.3818181818182,0.0405582206716092,0.9913636363636364,4,2022
Düsseldorf_Hbf,1868,22.76,2022-05-14,371.6900617630545,0.0465738758029978,0.9932622122403144,5,2022
Düsseldorf_Hbf,1759,26.81,2022-05-15,440.80904223676384,0.0443433769187038,0.989886972040452,6,2022
Düsseldorf_Hbf,2240,26.769999,2022-05-16,500.834114339269,0.0473214285714285,0.9939081537019682,0,2022
Düsseldorf_Hbf,2235,25.539999,2022-05-17,298.9948813401582,0.0384787472035794,0.9888320148906468,1,2022
Düsseldorf_Hbf,2235,30.09,2022-05-18,527.1810089020771,0.0953020134228188,0.9915924826904056,2,2022
Düsseldorf_Hbf,2251,29.16,2022-05-19,694.5167853509664,0.1266103953798311,0.9908443540183112,3,2022
Düsseldorf_Hbf,2300,25.029999,2022-05-20,722.07,0.1304347826086956,0.996,4,2022
Düsseldorf_Hbf,1894,19.48,2022-05-21,288.9700996677741,0.0464625131995776,0.9905869324473976,5,2022
Düsseldorf_Hbf,1755,23.519999,2022-05-22,262.8451882845188,0.0467236467236467,0.9886431560071728,6,2022
Düsseldorf_Hbf,2241,24.789999,2022-05-23,281.816522136011,0.0223114680946006,0.9949794614331356,0,2022
Düsseldorf_Hbf,2239,18.21,2022-05-24,345.00687757909213,0.0259044216167932,0.9954149472718936,1,2022
Düsseldorf_Hbf,2315,20.3,2022-05-25,389.4535519125683,0.0514038876889848,0.994990892531876,2,2022
Düsseldorf_Hbf,1852,20.869999,2022-05-26,282.71017699115043,0.0237580993520518,0.9933628318584072,3,2022
Düsseldorf_Hbf,2324,19.49,2022-05-27,274.449378330373,0.0309810671256454,0.9982238010657194,4,2022
Düsseldorf_Hbf,1964,17.73,2022-05-28,224.02969247083772,0.0397148676171079,0.9904559915164368,5,2022
Düsseldorf_Hbf,1855,14.88,2022-05-29,284.73214285714283,0.0339622641509433,0.9921875,6,2022
Düsseldorf_Hbf,2242,16.25,2022-05-30,297.1883786316776,0.0481712756467439,0.9906279287722588,0,2022
Düsseldorf_Hbf,2232,19.51,2022-05-31,288.73595505617976,0.043010752688172,0.9929775280898876,1,2022
Düsseldorf_Hbf,2255,18.4,2022-06-01,433.4361851332399,0.0514412416851441,0.992052360916316,2,2022
Düsseldorf_Hbf,2263,21.109999,2022-06-02,519.7372262773723,0.0919133893062306,0.994160583941606,3,2022
Düsseldorf_Hbf,2313,25.63,2022-06-03,654.5429234338748,0.0683095546908776,0.9967517401392112,4,2022
Düsseldorf_Hbf,1852,26.189999,2022-06-04,527.2361809045226,0.0329373650107991,0.9944165270798436,5,2022
Düsseldorf_Hbf,1742,21.83,2022-06-05,328.9216263995286,0.0258323765786452,0.9911608721272834,6,2022
Düsseldorf_Hbf,1720,21.59,2022-06-06,315.2392203189604,0.0156976744186046,0.9881866509155346,0,2022
Düsseldorf_Hbf,2234,20.88,2022-06-07,327.3484497917631,0.0326768128916741,0.994447015270708,1,2022
Düsseldorf_Hbf,2262,20.85,2022-06-08,302.1525885558583,0.026525198938992,0.991371480472298,2,2022
Düsseldorf_Hbf,2267,20.1,2022-06-09,397.6770013882462,0.0467578297309219,0.993984266543267,3,2022
Düsseldorf_Hbf,2316,23.689999,2022-06-10,433.6129905277402,0.0427461139896373,0.9927830401443392,4,2022
Düsseldorf_Hbf,1795,25.17,2022-06-11,351.25214408233273,0.0256267409470752,0.989136649514008,5,2022
Düsseldorf_Hbf,1654,23.63,2022-06-12,315.4189944134078,0.0259975816203143,0.994413407821229,6,2022
Düsseldorf_Hbf,2187,20.96,2022-06-13,405.4562737642586,0.0379515317786922,0.995722433460076,0,2022
Düsseldorf_Hbf,2183,23.41,2022-06-14,458.24493731918994,0.0499312872194228,0.9927675988428158,1,2022
Düsseldorf_Hbf,2224,28.07,2022-06-15,560.2247191011236,0.0795863309352518,0.9956033219345384,2,2022
Düsseldorf_Hbf,1717,25.05,2022-06-16,333.56718192627824,0.0203843913803145,0.9946492271105828,3,2022
Düsseldorf_Hbf,2273,29.81,2022-06-17,596.3289280469897,0.1011878574571051,0.9946157611355848,4,2022
Düsseldorf_Hbf,1805,34.04,2022-06-18,490.3727506426735,0.1379501385041551,0.9948586118251928,5,2022
Düsseldorf_Hbf,1284,23.56,2022-06-19,344.0269587194608,0.0755451713395638,0.995787700084246,6,2022
Düsseldorf_Hbf,2201,21.529999,2022-06-20,316.07503607503605,0.0554293502953203,0.9947089947089948,0,2022
Düsseldorf_Hbf,2198,23.71,2022-06-21,280.6040585181689,0.0359417652411283,0.9952807928268051,1,2022
Düsseldorf_Hbf,2201,28.619999,2022-06-22,311.4462416745956,0.0449795547478418,0.994291151284491,2,2022
Düsseldorf_Hbf,2208,31.63,2022-06-23,406.9767441860465,0.0652173913043478,0.996124031007752,3,2022
Düsseldorf_Hbf,2280,25.109999,2022-06-24,391.82461103253183,0.0697368421052631,0.9966996699669968,4,2022
Düsseldorf_Hbf,2180,25.599998,2022-06-25,356.63309352517985,0.0435779816513761,0.9908872901678656,5,2022
Düsseldorf_Hbf,2054,21.119999,2022-06-26,227.75510204081635,0.0219084712755598,0.993529118964659,6,2022
Düsseldorf_Hbf,2572,22.39,2022-06-27,273.5806451612903,0.0357698289269051,0.992741935483871,0,2022
Düsseldorf_Hbf,2564,25.26,2022-06-28,465.5950413223141,0.0561622464898595,0.9954545454545456,1,2022
Düsseldorf_Hbf,2570,28.099998,2022-06-29,299.9752270850537,0.0575875486381322,0.9921552436003304,2,2022
Düsseldorf_Hbf,2575,30.619999,2022-06-30,327.9525222551929,0.083883495145631,0.989826197541331,3,2022
Düsseldorf_Hbf,2630,21.939999,2022-07-01,409.3489583333333,0.1239543726235741,0.9930555555555556,4,2022
Düsseldorf_Hbf,2189,26.91,2022-07-02,272.2608695652174,0.0543627227044312,0.991304347826087,5,2022
Düsseldorf_Hbf,2059,26.019999,2022-07-03,283.8333333333333,0.1257892180670228,0.9877777777777778,6,2022
Düsseldorf_Hbf,2575,25.3,2022-07-04,287.822257806245,0.0299029126213592,0.9915932746196956,0,2022
Düsseldorf_Hbf,2567,24.5,2022-07-05,265.5416834474426,0.032723022984028,0.991542488924688,1,2022
Düsseldorf_Hbf,2568,21.92,2022-07-06,252.1473851030111,0.0171339563862928,0.9952456418383518,2,2022
Düsseldorf_Hbf,2572,20.859999,2022-07-07,250.1289282836422,0.0349922239502332,0.9943593875906528,3,2022
Düsseldorf_Hbf,2626,24.199999,2022-07-08,337.435688035933,0.0674028941355674,0.9946917109024092,4,2022
Düsseldorf_Hbf,2177,25.05,2022-07-09,264.8575712143928,0.0808451998162609,0.9940029985007496,5,2022
Düsseldorf_Hbf,2049,19.699999,2022-07-10,237.46652935118436,0.0522205954123962,0.986096807415036,6,2022
Düsseldorf_Hbf,2574,21.82,2022-07-11,209.91439054219325,0.047008547008547,0.993477374643294,0,2022
Düsseldorf_Hbf,2571,29.13,2022-07-12,628.484076433121,0.0840140023337222,0.99447983014862,1,2022
Düsseldorf_Hbf,2567,30.5,2022-07-13,324.59687123947054,0.0288274250097389,0.9935820296831128,2,2022
Düsseldorf_Hbf,2572,25.41,2022-07-14,303.64897959183673,0.0474339035769828,0.9922448979591836,3,2022
Düsseldorf_Hbf,2569,22.82,2022-07-15,287.6138737985792,0.0685091475282211,0.9916422900125366,4,2022
Düsseldorf_Hbf,2109,23.84,2022-07-16,274.86614173228344,0.096728307254623,0.9926509186351706,5,2022
Düsseldorf_Hbf,1979,27.38,2022-07-17,375.0,0.0358767054067711,0.990041928721174,6,2022
Düsseldorf_Hbf,2511,34.309998,2022-07-18,360.8503543142977,0.0446037435284747,0.992496873697374,0,2022
Düsseldorf_Hbf,2497,37.96,2022-07-19,440.2751504729149,0.0684821786143372,0.9939810834049873,1,2022
Düsseldorf_Hbf,2506,31.029999,2022-07-20,275.03025064822816,0.0766161213088587,0.993085566119274,2,2022
Düsseldorf_Hbf,2509,22.609999,2022-07-21,295.86387434554973,0.0864886408927859,0.9960732984293194,3,2022
Düsseldorf_Hbf,2564,22.72,2022-07-22,324.5170068027211,0.1400156006240249,0.9936507936507936,4,2022
Düsseldorf_Hbf,2113,26.029999,2022-07-23,277.4247491638796,0.150970184571699,0.9910813823857302,5,2022
Düsseldorf_Hbf,1985,31.179998,2022-07-24,257.2241992882562,0.1506297229219143,0.9922894424673784,6,2022
Düsseldorf_Hbf,2515,28.0,2022-07-25,297.1596145789694,0.0508946322067594,0.9941348973607038,0,2022
Düsseldorf_Hbf,2505,23.439999,2022-07-26,317.8074197582326,0.042315369261477,0.992496873697374,1,2022
Düsseldorf_Hbf,2483,21.81,2022-07-27,250.24511840465308,0.0306081353201772,0.9904445367677608,2,2022
Düsseldorf_Hbf,2494,25.56,2022-07-28,406.3126593033135,0.0561347233360064,0.9936278674596432,3,2022
Düsseldorf_Hbf,2564,24.98,2022-07-29,291.5670436187399,0.0343213728549142,0.994345718901454,4,2022
Düsseldorf_Hbf,2108,26.43,2022-07-30,298.50073493385594,0.0317836812144212,0.9897109260166586,5,2022
Düsseldorf_Hbf,1976,27.369999,2022-07-31,247.88717402873868,0.0490890688259109,0.986695050558808,6,2022
Düsseldorf_Hbf,2509,25.72,2022-08-01,311.3333333333333,0.0314866480669589,0.9950617283950616,0,2022
Düsseldorf_Hbf,2513,29.56,2022-08-02,366.8198604842019,0.0302427377636291,0.9954862535904802,1,2022
Düsseldorf_Hbf,2494,33.489998,2022-08-03,374.44168734491313,0.0304731355252606,0.9921422663358148,2,2022
Düsseldorf_Hbf,2498,34.09,2022-08-04,344.8381742738589,0.0352281825460368,0.9908713692946058,3,2022
Düsseldorf_Hbf,2492,23.019999,2022-08-05,362.3519599666389,0.0377207062600321,0.9954128440366972,4,2022
Düsseldorf_Hbf,1669,23.019999,2022-08-06,428.2476780185759,0.0323547034152186,0.9845201238390092,5,2022
Düsseldorf_Hbf,1552,26.48,2022-08-07,352.4694708276798,0.0502577319587628,0.9796472184531886,6,2022
Düsseldorf_Hbf,2181,27.0,2022-08-08,429.5316272332207,0.0504355800091701,0.9956542732979236,0,2022
Düsseldorf_Hbf,2174,29.349998,2022-08-09,511.2324794586757,0.0482980680772769,0.998066698888352,1,2022
Düsseldorf_Hbf,2164,31.5,2022-08-10,379.7976878612717,0.0406654343807763,0.99373795761079,2,2022
Düsseldorf_Hbf,2103,32.48,2022-08-11,417.3116089613035,0.0660960532572515,0.9918533604887984,3,2022
Düsseldorf_Hbf,2157,32.61,2022-08-12,572.9246231155779,0.0774223458507186,0.9964824120603016,4,2022
Düsseldorf_Hbf,1816,32.46,2022-08-13,659.9618563254927,0.1338105726872246,0.9942784488239034,5,2022
Düsseldorf_Hbf,1687,32.829998,2022-08-14,448.5009733939,0.0865441612329579,0.9954574951330304,6,2022
Düsseldorf_Hbf,2114,26.199999,2022-08-15,351.5582450832073,0.0619678334910123,0.9949571356530508,0,2022
Düsseldorf_Hbf,2111,30.289999,2022-08-16,367.2071181413742,0.0416864045476077,0.9935739001482946,1,2022
Düsseldorf_Hbf,2091,25.869999,2022-08-17,355.11525257479155,0.0248684839789574,0.994605198626778,2,2022
Düsseldorf_Hbf,2097,25.779999,2022-08-18,563.4360313315927,0.0867906533142584,0.9947780678851176,3,2022
Düsseldorf_Hbf,2215,27.76,2022-08-19,408.824082784572,0.0401805869074492,0.9967074317968015,4,2022
Düsseldorf_Hbf,1857,25.08,2022-08-20,595.8536585365854,0.0726978998384491,0.9924506387921022,5,2022
Düsseldorf_Hbf,1715,26.47,2022-08-21,365.8944815039418,0.0384839650145772,0.9915100060642814,6,2022
Düsseldorf_Hbf,2149,28.779999,2022-08-22,461.20975609756096,0.0460679385760819,0.9946341463414634,0,2022
Düsseldorf_Hbf,2166,30.599998,2022-08-23,463.8959764474976,0.0590951061865189,0.9970559371933267,1,2022
Düsseldorf_Hbf,2164,33.85,2022-08-24,406.5312190287413,0.0674676524953789,0.9925668979187314,2,2022
Düsseldorf_Hbf,2169,33.48,2022-08-25,436.2035225048924,0.057630244352236,0.9965753424657534,3,2022
Düsseldorf_Hbf,2236,23.59,2022-08-26,422.3484486873508,0.0630590339892665,0.9918854415274464,4,2022
Düsseldorf_Hbf,1802,21.4,2022-08-27,367.2,0.0566037735849056,0.9923529411764704,5,2022
Düsseldorf_Hbf,1670,24.4,2022-08-28,403.4443746071653,0.0473053892215568,0.9949717159019484,6,2022
Düsseldorf_Hbf,2103,24.66,2022-08-29,282.4003984063745,0.0451735615786971,0.9935258964143426,0,2022
Düsseldorf_Hbf,2100,27.789999,2022-08-30,412.5595238095238,0.04,0.996031746031746,1,2022
Düsseldorf_Hbf,2097,25.84,2022-08-31,278.4384093113482,0.016690510252742,0.9946653734238604,2,2022
Düsseldorf_Hbf,2103,26.65,2022-09-01,265.5275895450145,0.0175939134569662,0.9970958373668926,3,2022
Düsseldorf_Hbf,2159,26.82,2022-09-02,258.8059701492537,0.0379805465493283,0.9971112181030332,4,2022
Düsseldorf_Hbf,1742,26.26,2022-09-03,256.95885509839,0.0373134328358208,0.9916517590936196,5,2022
Düsseldorf_Hbf,1623,28.189999,2022-09-04,245.01595405232928,0.0345040049291435,0.99617102744097,6,2022
Düsseldorf_Hbf,2102,30.91,2022-09-05,280.224609375,0.0256898192197906,0.9951171875,0,2022
Düsseldorf_Hbf,2099,31.06,2022-09-06,256.7647058823529,0.0281086231538828,0.9931372549019608,1,2022
Düsseldorf_Hbf,2097,25.72,2022-09-07,315.8599695585997,0.0600858369098712,0.9939117199391172,2,2022
Düsseldorf_Hbf,2109,22.81,2022-09-08,493.41140529531566,0.0687529634898056,0.9974541751527496,3,2022
Düsseldorf_Hbf,2166,21.17,2022-09-09,600.7176287051482,0.1121883656509695,0.997919916796672,4,2022
Düsseldorf_Hbf,1746,18.109999,2022-09-10,318.756724447101,0.0418098510882016,0.9880454273759712,5,2022
Düsseldorf_Hbf,1619,21.65,2022-09-11,286.7388535031847,0.0302655960469425,0.989171974522293,6,2022
Düsseldorf_Hbf,2187,25.33,2022-09-12,295.1219512195122,0.0438957475994513,0.9956958393113344,0,2022
Düsseldorf_Hbf,2178,26.32,2022-09-13,319.83074753173486,0.0234159779614325,0.995768688293371,1,2022
Düsseldorf_Hbf,2182,17.25,2022-09-14,315.1602415234556,0.0132905591200733,0.9967487227124942,2,2022
Düsseldorf_Hbf,2188,18.07,2022-09-15,328.8293370944993,0.0278793418647166,0.996238834038552,3,2022
Düsseldorf_Hbf,2184,16.97,2022-09-16,286.4836725035494,0.0325091575091575,0.9976336961665878,4,2022
Düsseldorf_Hbf,1794,15.389999,2022-09-17,272.5754060324826,0.0390189520624303,0.995939675174014,5,2022
Düsseldorf_Hbf,1666,13.34,2022-09-18,275.750315258512,0.0480192076830732,0.9955863808322823,6,2022
Düsseldorf_Hbf,2123,16.9,2022-09-19,396.61274014155714,0.0682995760715968,0.9954499494438828,0,2022
Düsseldorf_Hbf,2118,16.27,2022-09-20,284.14201183431953,0.0424929178470254,0.9955621301775148,1,2022
Düsseldorf_Hbf,2134,17.98,2022-09-21,365.2835820895522,0.0581068416119962,0.9945273631840796,2,2022
Düsseldorf_Hbf,2140,19.119999,2022-09-22,312.6689689195856,0.052803738317757,0.9925999013320178,3,2022
Düsseldorf_Hbf,2195,18.46,2022-09-23,290.49680275454995,0.0738041002277904,0.9936055090998523,4,2022
Düsseldorf_Hbf,1810,17.02,2022-09-24,229.90235496840896,0.0381215469613259,0.9948305571510626,5,2022
Düsseldorf_Hbf,1682,17.699999,2022-09-25,277.04379562043795,0.0225921521997621,0.9939172749391728,6,2022
Düsseldorf_Hbf,2145,13.44,2022-09-26,239.56626506024097,0.0326340326340326,0.9946987951807228,0,2022
Düsseldorf_Hbf,2138,12.0199995,2022-09-27,249.2110266159696,0.0159027128157156,0.994296577946768,1,2022
Düsseldorf_Hbf,2140,14.009999,2022-09-28,284.10841654778886,0.0172897196261682,0.9966714217784118,2,2022
Düsseldorf_Hbf,2146,16.19,2022-09-29,248.01724137931035,0.027027027027027,0.9952107279693486,3,2022
Düsseldorf_Hbf,2201,17.33,2022-09-30,324.373232799246,0.0358927760109041,0.9938737040527804,4,2022
Düsseldorf_Hbf,35,17.42,2022-10-01,1338.857142857143,0.0,1.0,5,2022
Essen_Hbf,1720,16.24,2021-09-01,194.88536155202823,0.0110465116279069,0.9917695473251028,2,2021
Essen_Hbf,1736,21.98,2021-09-02,116.85503685503686,0.2966589861751152,0.9811629811629812,3,2021
Essen_Hbf,1768,24.84,2021-09-03,217.17551020408163,0.3071266968325792,0.9853061224489796,4,2021
Essen_Hbf,1596,18.96,2021-09-04,127.53899480069325,0.2769423558897243,0.9705372616984402,5,2021
Essen_Hbf,1460,24.199999,2021-09-05,153.64593301435406,0.2842465753424658,0.9894736842105264,6,2021
Essen_Hbf,1768,24.699999,2021-09-06,147.0429252782194,0.2884615384615384,0.9825119236883942,0,2021
Essen_Hbf,1763,24.689999,2021-09-07,221.0801393728223,0.0232558139534883,0.9889663182346108,1,2021
Essen_Hbf,1769,26.89,2021-09-08,302.0298165137615,0.0141322781232334,0.9885321100917432,2,2021
Essen_Hbf,1771,26.74,2021-09-09,313.53721869590305,0.0214568040654997,0.993075591459896,3,2021
Essen_Hbf,1800,23.09,2021-09-10,254.6028169014085,0.0138888888888888,0.9932394366197184,4,2021
Essen_Hbf,1598,20.439999,2021-09-11,202.2537025112685,0.0281602002503128,0.9922730199613652,5,2021
Essen_Hbf,1467,20.47,2021-09-12,256.79504814305363,0.0088616223585548,0.9910591471801926,6,2021
Essen_Hbf,1784,20.92,2021-09-13,221.3757816941444,0.0140134529147982,0.9931779420125072,0,2021
Essen_Hbf,1785,24.859999,2021-09-14,224.15672913117547,0.0134453781512605,0.9903463940942646,1,2021
Essen_Hbf,1770,21.26,2021-09-15,198.3904109589041,0.0101694915254237,0.9942922374429224,2,2021
Essen_Hbf,1790,19.47,2021-09-16,207.7973819009676,0.0184357541899441,0.9943084803642572,3,2021
Essen_Hbf,1820,20.3,2021-09-17,307.8378378378378,0.0241758241758241,0.9943693693693694,4,2021
Essen_Hbf,1613,21.23,2021-09-18,194.16666666666663,0.0626162430254184,0.992063492063492,5,2021
Essen_Hbf,1486,17.869999,2021-09-19,228.94049346879532,0.0726783310901749,0.993468795355588,6,2021
Essen_Hbf,1785,16.91,2021-09-20,338.1418092909535,0.0834733893557422,0.9896088019559902,0,2021
Essen_Hbf,1779,17.56,2021-09-21,225.32766990291265,0.073636874648679,0.9902912621359224,1,2021
Essen_Hbf,1782,19.38,2021-09-22,424.3803680981595,0.0852974186307519,0.9950920245398772,2,2021
Essen_Hbf,1781,19.77,2021-09-23,268.9642640823743,0.072992700729927,0.9915202907328892,3,2021
Essen_Hbf,1812,18.33,2021-09-24,281.89772727272725,0.0286975717439293,0.9960227272727272,4,2021
Essen_Hbf,1600,21.68,2021-09-25,169.36454849498327,0.065625,0.9906354515050168,5,2021
Essen_Hbf,1457,23.18,2021-09-26,177.7299703264095,0.0748112560054907,0.9844213649851632,6,2021
Essen_Hbf,1775,20.47,2021-09-27,265.91671845867,0.0935211267605633,0.9944064636420136,0,2021
Essen_Hbf,1781,16.92,2021-09-28,336.8024316109422,0.0763615946097698,0.993920972644377,1,2021
Essen_Hbf,1775,13.2699995,2021-09-29,327.3167916907097,0.0236619718309859,0.9953837276399308,2,2021
Essen_Hbf,1779,14.5,2021-09-30,280.70695553021665,0.014052838673412,0.9903078677309008,3,2021
Essen_Hbf,12,17.699999,2021-10-01,215.0,0.0,1.0,4,2021
Essen_Hbf,1463,14.37,2022-05-01,259.9583333333333,0.0157211209842788,0.99375,6,2022
Essen_Hbf,1775,18.88,2022-05-02,322.78659611992947,0.0416901408450704,0.9911816578483243,0,2022
Essen_Hbf,1777,18.13,2022-05-03,261.2050984936269,0.0287000562746201,0.993047508690614,1,2022
Essen_Hbf,1776,17.32,2022-05-04,247.2622478386167,0.0230855855855855,0.9919308357348704,2,2022
Essen_Hbf,1784,18.8,2022-05-05,219.6082949308756,0.0269058295964125,0.9902073732718892,3,2022
Essen_Hbf,1812,20.81,2022-05-06,308.89387984278494,0.0171081677704194,0.9882088714205502,4,2022
Essen_Hbf,1608,21.72,2022-05-07,485.0582590815627,0.0926616915422885,0.9910897875257024,5,2022
Essen_Hbf,1451,18.06,2022-05-08,425.9913793103448,0.0406616126809097,0.9906609195402298,6,2022
Essen_Hbf,1760,24.06,2022-05-09,324.8263888888889,0.0181818181818181,0.9913194444444444,0,2022
Essen_Hbf,1762,24.73,2022-05-10,323.7054354178843,0.02894438138479,0.9918176504967856,1,2022
Essen_Hbf,1780,25.26,2022-05-11,356.63583815028903,0.0280898876404494,0.9953757225433526,2,2022
Essen_Hbf,1782,18.949999,2022-05-12,538.9925373134329,0.0976430976430976,0.9931592039800996,3,2022
Essen_Hbf,1816,19.14,2022-05-13,377.9448909299656,0.040748898678414,0.9931113662456946,4,2022
Essen_Hbf,1628,21.789999,2022-05-14,416.3147792706334,0.0399262899262899,0.9852847088931542,5,2022
Essen_Hbf,1484,25.199999,2022-05-15,441.1072179397337,0.0384097035040431,0.9880868955851436,6,2022
Essen_Hbf,1764,25.609999,2022-05-16,536.6308243727599,0.0510204081632653,0.994026284348865,0,2022
Essen_Hbf,1762,22.84,2022-05-17,271.62303664921467,0.0244040862656072,0.9901105293775452,1,2022
Essen_Hbf,1762,28.76,2022-05-18,522.3305889803673,0.1038592508513053,0.9987333755541482,2,2022
Essen_Hbf,1764,27.81,2022-05-19,664.0650406504066,0.1632653061224489,0.9932249322493224,3,2022
Essen_Hbf,1790,24.15,2022-05-20,737.5649794801642,0.1832402234636871,0.9911080711354308,4,2022
Essen_Hbf,1606,18.32,2022-05-21,293.6455331412104,0.1357409713574097,0.9920749279538904,5,2022
Essen_Hbf,1452,21.81,2022-05-22,271.4466403162056,0.1287878787878787,0.9936758893280632,6,2022
Essen_Hbf,1770,24.13,2022-05-23,287.95871559633025,0.0146892655367231,0.993119266055046,0,2022
Essen_Hbf,1768,16.92,2022-05-24,384.8847926267281,0.0180995475113122,0.9965437788018432,1,2022
Essen_Hbf,1810,19.0,2022-05-25,436.8458781362007,0.0751381215469613,0.9946236559139784,2,2022
Essen_Hbf,1485,19.49,2022-05-26,222.5581395348837,0.0154882154882154,0.987688098495212,3,2022
Essen_Hbf,1688,17.9,2022-05-27,241.98317307692307,0.0142180094786729,0.9909855769230768,4,2022
Essen_Hbf,1623,16.449999,2022-05-28,212.05992509363296,0.0129390018484288,0.9893882646691636,5,2022
Essen_Hbf,1479,13.5,2022-05-29,265.45708304256806,0.0311020960108181,0.9916259595254712,6,2022
Essen_Hbf,1772,15.5199995,2022-05-30,273.57184750733137,0.0378103837471783,0.9929618768328444,0,2022
Essen_Hbf,1770,18.63,2022-05-31,391.719298245614,0.0338983050847457,0.9953216374269006,1,2022
Essen_Hbf,1768,17.1,2022-06-01,527.3176761433868,0.084841628959276,0.9932014833127316,2,2022
Essen_Hbf,1772,19.65,2022-06-02,543.7864077669902,0.0699774266365688,0.9878640776699028,3,2022
Essen_Hbf,1808,23.97,2022-06-03,623.5946924004825,0.0829646017699115,0.9975874547647768,4,2022
Essen_Hbf,1609,24.279999,2022-06-04,420.5821474773609,0.0391547545059042,0.9941785252263908,5,2022
Essen_Hbf,1455,21.08,2022-06-05,365.635103926097,0.1072164948453608,0.9923017705927636,6,2022
Essen_Hbf,1462,20.25,2022-06-06,284.96894409937886,0.008891928864569,0.9723947550034506,0,2022
Essen_Hbf,1768,19.939999,2022-06-07,372.1670702179177,0.0656108597285067,0.99636803874092,1,2022
Essen_Hbf,1771,20.59,2022-06-08,299.65397923875435,0.0208921513269339,0.994232987312572,2,2022
Essen_Hbf,1737,18.84,2022-06-09,318.8942307692308,0.0420264824409902,0.9963942307692308,3,2022
Essen_Hbf,1809,22.41,2022-06-10,413.059829059829,0.0298507462686567,0.996011396011396,4,2022
Essen_Hbf,1583,24.0,2022-06-11,377.8767123287671,0.0777005685407454,0.9883561643835616,5,2022
Essen_Hbf,1472,22.71,2022-06-12,346.37331440738114,0.0427989130434782,0.9900638750887154,6,2022
Essen_Hbf,1721,19.699999,2022-06-13,313.5542168674699,0.0354445090063916,0.989156626506024,0,2022
Essen_Hbf,1715,21.81,2022-06-14,526.8773234200744,0.0588921282798833,0.9950433705080544,1,2022
Essen_Hbf,1735,26.849998,2022-06-15,544.9571603427172,0.0582132564841498,0.996328029375765,2,2022
Essen_Hbf,1472,23.769999,2022-06-16,312.38227146814404,0.0190217391304347,0.9875346260387812,3,2022
Essen_Hbf,1743,28.39,2022-06-17,478.8076923076923,0.1049913941480206,0.9878205128205128,4,2022
Essen_Hbf,1550,32.37,2022-06-18,490.5956552207428,0.0793548387096774,0.9929922915206728,5,2022
Essen_Hbf,1173,22.42,2022-06-19,344.4052863436123,0.0323955669224211,0.988546255506608,6,2022
Essen_Hbf,1695,20.51,2022-06-20,337.9065420560748,0.0530973451327433,0.994392523364486,0,2022
Essen_Hbf,1690,22.33,2022-06-21,310.59902200489,0.0319526627218934,0.9944987775061124,1,2022
Essen_Hbf,1690,26.849998,2022-06-22,335.6483790523691,0.050887573964497,0.9968827930174564,2,2022
Essen_Hbf,1696,30.73,2022-06-23,413.4220532319392,0.0695754716981132,0.9955640050697084,3,2022
Essen_Hbf,1675,24.269999,2022-06-24,460.5926860025221,0.0531343283582089,0.9968474148802018,4,2022
Essen_Hbf,1287,25.119999,2022-06-25,543.6198347107438,0.0598290598290598,0.9950413223140496,5,2022
Essen_Hbf,1219,21.08,2022-06-26,356.4194373401535,0.0377358490566037,0.9957374254049446,6,2022
Essen_Hbf,1383,20.92,2022-06-27,559.1489361702128,0.0824295010845987,0.9952718676122932,0,2022
Essen_Hbf,1377,24.619999,2022-06-28,640.1123595505618,0.0951343500363108,0.9951845906902088,1,2022
Essen_Hbf,1377,26.49,2022-06-29,504.8780487804878,0.196078431372549,0.997289972899729,2,2022
Essen_Hbf,1382,29.519999,2022-06-30,560.2584814216478,0.1041968162083936,0.9959612277867528,3,2022
Essen_Hbf,1409,20.82,2022-07-01,534.5236188951161,0.1135557132718239,0.9911929543634908,4,2022
Essen_Hbf,1277,25.529999,2022-07-02,413.7109044801352,0.0736100234925606,0.9949281487743026,5,2022
Essen_Hbf,1218,24.91,2022-07-03,417.8143972246314,0.0533661740558292,0.99479618386817,6,2022
Essen_Hbf,1724,23.84,2022-07-04,395.8198198198198,0.0342227378190255,0.9933933933933934,0,2022
Essen_Hbf,1719,23.23,2022-07-05,365.6896551724138,0.0552646887725421,0.9944581280788176,1,2022
Essen_Hbf,1711,20.56,2022-07-06,368.1998795906081,0.0292226767971946,0.9945815773630344,2,2022
Essen_Hbf,1711,19.84,2022-07-07,298.06333739342267,0.0403272939801285,0.9884287454323996,3,2022
Essen_Hbf,1742,22.96,2022-07-08,319.76428992339424,0.0258323765786452,0.9976428992339422,4,2022
Essen_Hbf,1567,23.07,2022-07-09,326.3128491620112,0.0861518825781748,0.9902234636871508,5,2022
Essen_Hbf,1461,18.08,2022-07-10,273.2758620689655,0.0472279260780287,0.975574712643678,6,2022
Essen_Hbf,1712,21.449999,2022-07-11,226.3753846153846,0.0508177570093457,0.9883076923076924,0,2022
Essen_Hbf,1709,27.82,2022-07-12,625.6925031766201,0.0789935634874195,0.9904701397712834,1,2022
Essen_Hbf,1709,28.439999,2022-07-13,324.3424317617866,0.0567583382094792,0.9869727047146402,2,2022
Essen_Hbf,1710,23.9,2022-07-14,432.2687861271676,0.1906432748538011,0.9942196531791908,3,2022
Essen_Hbf,1741,21.75,2022-07-15,319.97565429093123,0.0562894887995404,0.9920876445526476,4,2022
Essen_Hbf,1567,22.49,2022-07-16,333.1123919308357,0.1142310146777281,0.989913544668588,5,2022
Essen_Hbf,1460,26.16,2022-07-17,421.961367013373,0.0780821917808219,0.986627043090639,6,2022
Essen_Hbf,1709,33.21,2022-07-18,392.2365988909427,0.0503218256290228,0.991373998767714,0,2022
Essen_Hbf,1706,36.89,2022-07-19,579.2622950819672,0.141852286049238,0.9938524590163934,1,2022
Essen_Hbf,1705,30.349998,2022-07-20,359.48069241011984,0.1190615835777126,0.9946737683089214,2,2022
Essen_Hbf,1708,21.27,2022-07-21,365.1485148514852,0.1129976580796253,0.9914191419141914,3,2022
Essen_Hbf,1740,21.199999,2022-07-22,362.3558282208589,0.0632183908045977,0.9975460122699388,4,2022
Essen_Hbf,1568,24.9,2022-07-23,328.3898305084746,0.096938775510204,0.992231638418079,5,2022
Essen_Hbf,1458,29.66,2022-07-24,278.97777777777776,0.074074074074074,0.9866666666666668,6,2022
Essen_Hbf,1712,27.359999,2022-07-25,304.0278657378087,0.0776869158878504,0.9911336288790372,0,2022
Essen_Hbf,1699,21.869999,2022-07-26,418.585086042065,0.0765155974102413,0.992989165073295,1,2022
Essen_Hbf,1539,20.91,2022-07-27,358.63165169315823,0.0597790773229369,0.9958534899792676,2,2022
Essen_Hbf,1569,24.21,2022-07-28,596.002994011976,0.1485022307202039,0.994011976047904,3,2022
Essen_Hbf,1740,23.6,2022-07-29,340.6569343065693,0.0551724137931034,0.9975669099756692,4,2022
Essen_Hbf,1569,25.35,2022-07-30,313.89993145990405,0.070108349267049,0.9945167923235092,5,2022
Essen_Hbf,1454,25.41,2022-07-31,290.87537091988133,0.0729023383768913,0.9866468842729972,6,2022
Essen_Hbf,1598,23.8,2022-08-01,333.53965183752416,0.0294117647058823,0.9896840747904576,0,2022
Essen_Hbf,1599,28.029999,2022-08-02,367.590618336887,0.1200750469043152,0.9928926794598436,1,2022
Essen_Hbf,1598,31.71,2022-08-03,474.5129224652088,0.055694618272841,0.994698475811796,2,2022
Essen_Hbf,1600,32.43,2022-08-04,467.0046082949309,0.050625,0.9953917050691244,3,2022
Essen_Hbf,1612,21.89,2022-08-05,452.65044814340587,0.0310173697270471,0.9903969270166452,4,2022
Essen_Hbf,1395,21.93,2022-08-06,426.57474600870825,0.0121863799283154,0.995645863570392,5,2022
Essen_Hbf,1292,24.96,2022-08-07,312.0678513731826,0.0417956656346749,0.9862681744749596,6,2022
Essen_Hbf,1598,25.619999,2022-08-08,458.8258839226151,0.0619524405506883,0.9973315543695798,0,2022
Essen_Hbf,1597,27.599998,2022-08-09,392.31067961165047,0.0325610519724483,0.9935275080906149,1,2022
Essen_Hbf,1596,29.439999,2022-08-10,396.2890625,0.037593984962406,0.9921875,2,2022
Essen_Hbf,1597,31.06,2022-08-11,326.33572828216853,0.0413274890419536,0.992815153494448,3,2022
Essen_Hbf,1549,30.939999,2022-08-12,597.8911095796003,0.0632666236281472,0.9951757408683668,4,2022
Essen_Hbf,1134,31.31,2022-08-13,517.3191899710704,0.0855379188712522,0.9922854387656702,5,2022
Essen_Hbf,1045,31.65,2022-08-14,244.14414414414412,0.0440191387559808,0.990990990990991,6,2022
Essen_Hbf,1615,24.609999,2022-08-15,384.4015444015444,0.0377708978328173,0.9935649935649936,0,2022
Essen_Hbf,1622,29.56,2022-08-16,372.5537294563843,0.0246609124537607,0.9917825537294565,1,2022
Essen_Hbf,1621,25.74,2022-08-17,301.70132325141776,0.0209747069710055,0.9936988027725268,2,2022
Essen_Hbf,1620,24.97,2022-08-18,443.5404896421846,0.0166666666666666,0.9918392969240428,3,2022
Essen_Hbf,1659,26.81,2022-08-19,435.046439628483,0.0265220012055455,0.9956656346749226,4,2022
Essen_Hbf,1451,23.89,2022-08-20,734.7058823529412,0.0861474844934527,0.9969834087481146,5,2022
Essen_Hbf,1326,25.25,2022-08-21,336.74236491777606,0.0369532428355957,0.9882537196554424,6,2022
Essen_Hbf,1591,27.72,2022-08-22,364.4805194805195,0.0320553111250785,0.9915584415584416,0,2022
Essen_Hbf,1588,30.039999,2022-08-23,350.9346991037132,0.0163727959697733,0.9884763124199744,1,2022
Essen_Hbf,1588,32.51,2022-08-24,346.5982028241335,0.0188916876574307,0.9878048780487804,2,2022
Essen_Hbf,1590,32.649998,2022-08-25,398.4362680683311,0.0427672955974842,0.992772667542707,3,2022
Essen_Hbf,1645,23.84,2022-08-26,392.57362355953904,0.0504559270516717,0.9948783610755442,4,2022
Essen_Hbf,1481,20.88,2022-08-27,373.7142857142857,0.0546927751519243,0.9957142857142856,5,2022
Essen_Hbf,1365,23.35,2022-08-28,405.2710843373494,0.0271062271062271,0.990210843373494,6,2022
Essen_Hbf,1600,23.779999,2022-08-29,325.93220338983053,0.04125,0.9954367666232072,0,2022
Essen_Hbf,1597,25.51,2022-08-30,437.2099087353325,0.0394489668127739,0.9960886571056062,1,2022
Essen_Hbf,1593,24.56,2022-08-31,309.41927249521376,0.0163214061519146,0.9968091895341415,2,2022
Essen_Hbf,1596,25.529999,2022-09-01,299.6897220426632,0.0307017543859649,0.9967679379444084,3,2022
Essen_Hbf,1618,25.859999,2022-09-02,314.3968871595331,0.0469715698393077,0.9909208819714656,4,2022
Essen_Hbf,1335,25.699999,2022-09-03,269.02092050209205,0.1048689138576779,0.985774058577406,5,2022
Essen_Hbf,1238,27.22,2022-09-04,223.3884297520661,0.0226171243941841,0.9776859504132231,6,2022
Essen_Hbf,1595,29.99,2022-09-05,313.9651837524178,0.0275862068965517,0.9929078014184396,0,2022
Essen_Hbf,1596,29.76,2022-09-06,264.6271510516252,0.0169172932330827,0.9910771191841936,1,2022
Essen_Hbf,1600,24.57,2022-09-07,341.71875,0.04,0.9908854166666666,2,2022
Essen_Hbf,1604,21.77,2022-09-08,400.4247104247104,0.0311720698254364,0.9916344916344916,3,2022
Essen_Hbf,1640,19.91,2022-09-09,510.635838150289,0.0506097560975609,0.9922928709055876,4,2022
Essen_Hbf,1454,17.029999,2022-09-10,331.5766738660907,0.0447042640990371,0.9949604031677466,5,2022
Essen_Hbf,1344,20.33,2022-09-11,251.327705295472,0.0305059523809523,0.9846508058326938,6,2022
Essen_Hbf,1599,24.0,2022-09-12,281.7459283387622,0.0400250156347717,0.9915309446254073,0,2022
Essen_Hbf,1520,25.17,2022-09-13,279.3172690763052,0.0171052631578947,0.994645247657296,1,2022
Essen_Hbf,1601,16.279999,2022-09-14,331.8204804045512,0.0118675827607745,0.9892541087231352,2,2022
Essen_Hbf,1605,16.779999,2022-09-15,275.1434034416826,0.022429906542056,0.9910771191841936,3,2022
Essen_Hbf,1633,16.199999,2022-09-16,407.0833333333333,0.030006123698714,0.995580808080808,4,2022
Essen_Hbf,1412,14.559999,2022-09-17,321.0196649672251,0.0276203966005665,0.9898033503277496,5,2022
Essen_Hbf,1323,12.04,2022-09-18,315.36,0.055177626606198,0.9896,6,2022
Essen_Hbf,1698,16.15,2022-09-19,388.2092307692308,0.0429917550058892,0.992,0,2022
Essen_Hbf,1694,15.799999,2022-09-20,346.2233375156838,0.0590318772136954,0.9899623588456712,1,2022
Essen_Hbf,1694,17.02,2022-09-21,456.6982922201138,0.0667060212514758,0.98292220113852,2,2022
Essen_Hbf,1698,18.56,2022-09-22,318.4,0.0282685512367491,0.9945454545454544,3,2022
Essen_Hbf,1732,17.91,2022-09-23,290.0970873786408,0.0484988452655889,0.9933252427184466,4,2022
Essen_Hbf,1542,16.21,2022-09-24,214.90835030549897,0.0447470817120622,0.991174473862865,5,2022
Essen_Hbf,1413,17.17,2022-09-25,258.431654676259,0.016277423920736,0.9920863309352518,6,2022
Essen_Hbf,1699,12.719999,2022-09-26,334.0134392180819,0.0364920541494997,0.9951130116065976,0,2022
Essen_Hbf,1694,10.84,2022-09-27,294.15770609319,0.011806375442739,0.996415770609319,1,2022
Essen_Hbf,1690,12.41,2022-09-28,280.0968523002421,0.0224852071005917,0.99455205811138,2,2022
Essen_Hbf,1697,15.2,2022-09-29,295.8695652173913,0.0241602828520919,0.9939613526570048,3,2022
Essen_Hbf,1690,16.05,2022-09-30,368.7946698970321,0.023076923076923,0.992731677771048,4,2022
Essen_Hbf,15,16.67,2022-10-01,324.0,0.0,1.0,5,2022
Frankfurt_Main_Hbf,1405,21.59,2021-09-01,253.3381607530775,0.0170818505338078,0.9847936278059376,2,2021
Frankfurt_Main_Hbf,1417,23.67,2021-09-02,192.5133689839572,0.4721242060691602,0.9572192513368984,3,2021
Frankfurt_Main_Hbf,1437,25.35,2021-09-03,212.82401091405185,0.4899095337508699,0.9549795361527968,4,2021
Frankfurt_Main_Hbf,1125,26.109999,2021-09-04,208.944099378882,0.5706666666666667,0.94824016563147,5,2021
Frankfurt_Main_Hbf,1061,26.75,2021-09-05,189.77319587628867,0.5428840716305372,0.9381443298969072,6,2021
Frankfurt_Main_Hbf,1470,27.65,2021-09-06,195.4787234042553,0.4884353741496599,0.9574468085106383,0,2021
Frankfurt_Main_Hbf,1470,26.16,2021-09-07,260.2399435426958,0.0360544217687074,0.983062808750882,1,2021
Frankfurt_Main_Hbf,1450,26.73,2021-09-08,252.0682302771855,0.0296551724137931,0.9879175550817342,2,2021
Frankfurt_Main_Hbf,1462,27.59,2021-09-09,300.7188160676533,0.0294117647058823,0.9866102889358704,3,2021
Frankfurt_Main_Hbf,1465,24.75,2021-09-10,284.09381663113004,0.0395904436860068,0.9836531627576404,4,2021
Frankfurt_Main_Hbf,1058,22.55,2021-09-11,302.49752229930624,0.0463137996219281,0.9672943508424182,5,2021
Frankfurt_Main_Hbf,1039,23.22,2021-09-12,283.06163021868787,0.0317613089509143,0.9791252485089464,6,2021
Frankfurt_Main_Hbf,1473,23.06,2021-09-13,240.2486187845304,0.0169721656483367,0.9806629834254144,0,2021
Frankfurt_Main_Hbf,1458,25.88,2021-09-14,275.15657620041753,0.0144032921810699,0.9867780097425192,1,2021
Frankfurt_Main_Hbf,1453,21.74,2021-09-15,312.8995756718529,0.0268410185822436,0.99009900990099,2,2021
Frankfurt_Main_Hbf,1445,18.68,2021-09-16,266.97167755991285,0.0470588235294117,0.9832970225127088,3,2021
Frankfurt_Main_Hbf,1456,20.3,2021-09-17,262.34363767074046,0.0446428571428571,0.9813084112149532,4,2021
Frankfurt_Main_Hbf,1103,22.1,2021-09-18,198.1433823529412,0.013599274705349,0.9696691176470588,5,2021
Frankfurt_Main_Hbf,1059,18.939999,2021-09-19,408.09293320425945,0.024551463644948,0.9719264278799612,6,2021
Frankfurt_Main_Hbf,1453,16.46,2021-09-20,369.9016853932585,0.019958706125258,0.9831460674157304,0,2021
Frankfurt_Main_Hbf,1446,17.41,2021-09-21,224.78813559322035,0.0207468879668049,0.9830508474576272,1,2021
Frankfurt_Main_Hbf,1446,20.46,2021-09-22,281.9013581129378,0.0325034578146611,0.9842744817726948,2,2021
Frankfurt_Main_Hbf,1446,23.39,2021-09-23,236.8443197755961,0.0138312586445366,0.9789621318373072,3,2021
Frankfurt_Main_Hbf,1480,21.26,2021-09-24,254.22941590429275,0.0398648648648648,0.9817030260380014,4,2021
Frankfurt_Main_Hbf,1242,23.779999,2021-09-25,249.23832923832924,0.0169082125603864,0.9623259623259623,5,2021
Frankfurt_Main_Hbf,1199,21.529999,2021-09-26,244.3728813559322,0.0158465387823186,0.9415254237288136,6,2021
Frankfurt_Main_Hbf,1454,20.65,2021-09-27,270.2348754448399,0.0337001375515818,0.990035587188612,0,2021
Frankfurt_Main_Hbf,1446,17.96,2021-09-28,276.94602272727275,0.0262793914246196,0.9815340909090908,1,2021
Frankfurt_Main_Hbf,1447,16.47,2021-09-29,270.9308885754584,0.0200414651002073,0.9816643159379408,2,2021
Frankfurt_Main_Hbf,1445,15.53,2021-09-30,394.52830188679246,0.0463667820069204,0.983309143686502,3,2021
Frankfurt_Main_Hbf,11,18.72,2021-10-01,458.1818181818182,0.0,0.9090909090909092,4,2021
Frankfurt_Main_Hbf,1164,16.88,2022-05-01,194.21875,0.0103092783505154,0.9487847222222222,6,2022
Frankfurt_Main_Hbf,1417,20.63,2022-05-02,274.27947598253274,0.0303458009880028,0.9737991266375546,0,2022
Frankfurt_Main_Hbf,1409,21.15,2022-05-03,275.12301013024603,0.0191625266146203,0.9761215629522432,1,2022
Frankfurt_Main_Hbf,1409,20.949999,2022-05-04,264.37364228819695,0.0198722498225692,0.9753801593048516,2,2022
Frankfurt_Main_Hbf,1448,17.93,2022-05-05,412.99928418038655,0.0352209944751381,0.9799570508231924,3,2022
Frankfurt_Main_Hbf,1473,21.13,2022-05-06,362.0876826722338,0.0244399185336048,0.9826026443980516,4,2022
Frankfurt_Main_Hbf,1293,22.91,2022-05-07,542.1686746987951,0.037122969837587,0.9686746987951808,5,2022
Frankfurt_Main_Hbf,1149,22.289999,2022-05-08,497.228805834093,0.0452567449956483,0.9316317228805834,6,2022
Frankfurt_Main_Hbf,1442,24.449999,2022-05-09,407.76740847092606,0.0339805825242718,0.966259870782484,0,2022
Frankfurt_Main_Hbf,1436,25.48,2022-05-10,442.04610951008647,0.0334261838440111,0.9639769452449568,1,2022
Frankfurt_Main_Hbf,1444,28.41,2022-05-11,495.5203619909502,0.0817174515235457,0.9766214177978884,2,2022
Frankfurt_Main_Hbf,1442,23.9,2022-05-12,405.6158357771261,0.0540915395284327,0.968475073313783,3,2022
Frankfurt_Main_Hbf,1464,21.23,2022-05-13,611.1379800853485,0.0396174863387978,0.972972972972973,4,2022
Frankfurt_Main_Hbf,1209,24.58,2022-05-14,390.54735013032143,0.0479735318444995,0.9626411815812336,5,2022
Frankfurt_Main_Hbf,1141,26.05,2022-05-15,519.1135734072022,0.0508326029798422,0.9649122807017544,6,2022
Frankfurt_Main_Hbf,1460,26.769999,2022-05-16,491.0022271714922,0.0773972602739726,0.9806978470675576,0,2022
Frankfurt_Main_Hbf,1480,24.9,2022-05-17,440.6542750929368,0.0912162162162162,0.971003717472119,1,2022
Frankfurt_Main_Hbf,1451,29.07,2022-05-18,523.4589800443459,0.0675396278428669,0.9770879526977088,2,2022
Frankfurt_Main_Hbf,1465,30.619999,2022-05-19,764.3516483516484,0.068259385665529,0.9758241758241758,3,2022
Frankfurt_Main_Hbf,1412,27.099998,2022-05-20,627.7433628318585,0.0396600566572237,0.9756637168141592,4,2022
Frankfurt_Main_Hbf,1174,20.939999,2022-05-21,356.2798937112489,0.0383304940374787,0.9610274579273692,5,2022
Frankfurt_Main_Hbf,1117,23.39,2022-05-22,448.2191780821918,0.0196956132497761,0.9579908675799088,6,2022
Frankfurt_Main_Hbf,1402,24.619999,2022-05-23,576.5079365079365,0.0563480741797432,0.9773242630385488,0,2022
Frankfurt_Main_Hbf,1464,20.24,2022-05-24,573.0718954248366,0.0594262295081967,0.979665940450254,1,2022
Frankfurt_Main_Hbf,1451,21.76,2022-05-25,441.0,0.0213645761543762,0.9732394366197183,2,2022
Frankfurt_Main_Hbf,1181,22.4,2022-05-26,285.22039757994816,0.0203217612193056,0.9515989628349178,3,2022
Frankfurt_Main_Hbf,1293,20.75,2022-05-27,282.53943217665613,0.0193348801237432,0.9605678233438486,4,2022
Frankfurt_Main_Hbf,1112,18.81,2022-05-28,232.00367647058823,0.0215827338129496,0.9503676470588236,5,2022
Frankfurt_Main_Hbf,1061,17.57,2022-05-29,280.0975609756098,0.0339302544769085,0.9453658536585364,6,2022
Frankfurt_Main_Hbf,1360,17.369999,2022-05-30,381.9907407407408,0.0470588235294117,0.9560185185185184,0,2022
Frankfurt_Main_Hbf,1365,22.359999,2022-05-31,473.9954163483576,0.041025641025641,0.9778456837280368,1,2022
Frankfurt_Main_Hbf,1363,22.47,2022-06-01,562.9198184568835,0.0300807043286867,0.9712556732223904,2,2022
Frankfurt_Main_Hbf,1364,22.439999,2022-06-02,619.2792792792793,0.0234604105571847,0.9812312312312312,3,2022
Frankfurt_Main_Hbf,1405,26.71,2022-06-03,717.4292272379495,0.0697508896797153,0.990053557765876,4,2022
Frankfurt_Main_Hbf,1116,27.22,2022-06-04,510.9908256880734,0.0232974910394265,0.9788990825688072,5,2022
Frankfurt_Main_Hbf,1054,22.65,2022-06-05,279.7864077669903,0.0227703984819734,0.9728155339805824,6,2022
Frankfurt_Main_Hbf,1037,24.029999,2022-06-06,293.988326848249,0.008678881388621,0.9601167315175098,0,2022
Frankfurt_Main_Hbf,1365,24.01,2022-06-07,522.571649883811,0.0542124542124542,0.9728892331525948,1,2022
Frankfurt_Main_Hbf,1363,22.3,2022-06-08,455.7683397683398,0.0498899486426999,0.9822393822393822,2,2022
Frankfurt_Main_Hbf,1373,21.359999,2022-06-09,774.144,0.0895848506919155,0.988,3,2022
Frankfurt_Main_Hbf,1408,25.279999,2022-06-10,730.2764976958525,0.0752840909090909,0.9815668202764976,4,2022
Frankfurt_Main_Hbf,1196,27.84,2022-06-11,517.4311926605504,0.088628762541806,0.9623853211009176,5,2022
Frankfurt_Main_Hbf,1058,28.269999,2022-06-12,370.1275760549559,0.0368620037807183,0.959764474975466,6,2022
Frankfurt_Main_Hbf,1358,22.99,2022-06-13,610.7208588957055,0.0397643593519882,0.963957055214724,0,2022
Frankfurt_Main_Hbf,1355,25.92,2022-06-14,709.3130990415335,0.0760147601476014,0.9792332268370608,1,2022
Frankfurt_Main_Hbf,1384,30.789999,2022-06-15,655.3563218390805,0.0570809248554913,0.9823754789272032,2,2022
Frankfurt_Main_Hbf,1138,28.8,2022-06-16,467.05234159779616,0.0430579964850615,0.9733700642791552,3,2022
Frankfurt_Main_Hbf,1355,30.15,2022-06-17,400.28169014084506,0.0568265682656826,0.97339593114241,4,2022
Frankfurt_Main_Hbf,1072,35.64,2022-06-18,402.6190476190476,0.0597014925373134,0.9623015873015872,5,2022
Frankfurt_Main_Hbf,797,35.329998,2022-06-19,641.5256588072122,0.0953575909661229,0.957004160887656,6,2022
Frankfurt_Main_Hbf,1334,20.359999,2022-06-20,456.6990291262136,0.0734632683658171,0.9741100323624596,0,2022
Frankfurt_Main_Hbf,1331,26.63,2022-06-21,451.0966693744923,0.0751314800901577,0.9610073111291632,1,2022
Frankfurt_Main_Hbf,1331,29.15,2022-06-22,355.4495699765442,0.039068369646882,0.9781078967943706,2,2022
Frankfurt_Main_Hbf,1332,31.97,2022-06-23,455.17899761336514,0.0563063063063063,0.9769291964996022,3,2022
Frankfurt_Main_Hbf,1356,27.49,2022-06-24,527.430441898527,0.0988200589970501,0.9877250409165302,4,2022
Frankfurt_Main_Hbf,1144,27.699999,2022-06-25,374.6232558139535,0.0603146853146853,0.9609302325581396,5,2022
Frankfurt_Main_Hbf,1108,27.689999,2022-06-26,360.6936416184971,0.0631768953068592,0.9518304431599228,6,2022
Frankfurt_Main_Hbf,1320,24.119999,2022-06-27,353.2093775262732,0.0628787878787878,0.9636216653193208,0,2022
Frankfurt_Main_Hbf,1325,26.33,2022-06-28,390.6730769230769,0.0581132075471698,0.9735576923076924,1,2022
Frankfurt_Main_Hbf,1325,29.029999,2022-06-29,311.9615692554043,0.0573584905660377,0.9607686148919136,2,2022
Frankfurt_Main_Hbf,1325,31.83,2022-06-30,400.3715670436188,0.0656603773584905,0.9781906300484652,3,2022
Frankfurt_Main_Hbf,1358,21.58,2022-07-01,429.421875,0.0574374079528718,0.9625,4,2022
Frankfurt_Main_Hbf,1145,27.72,2022-07-02,317.0722781335773,0.045414847161572,0.9414455626715462,5,2022
Frankfurt_Main_Hbf,1101,30.349998,2022-07-03,322.9530201342282,0.0526793823796548,0.9482262703739214,6,2022
Frankfurt_Main_Hbf,1318,26.89,2022-07-04,332.90167865707434,0.050834597875569,0.9616306954436452,0,2022
Frankfurt_Main_Hbf,1314,27.76,2022-07-05,422.472266244057,0.0395738203957382,0.9619651347068146,1,2022
Frankfurt_Main_Hbf,1311,22.83,2022-07-06,329.1428571428572,0.0389016018306636,0.9650793650793652,2,2022
Frankfurt_Main_Hbf,1311,21.21,2022-07-07,307.9362549800797,0.0427154843630816,0.9673306772908368,3,2022
Frankfurt_Main_Hbf,1349,24.9,2022-07-08,438.0047885075818,0.0711638250555967,0.9616919393455706,4,2022
Frankfurt_Main_Hbf,1167,26.529999,2022-07-09,397.5487465181059,0.0771208226221079,0.9647168059424328,5,2022
Frankfurt_Main_Hbf,1122,20.869999,2022-07-10,256.94444444444446,0.0374331550802139,0.9638888888888888,6,2022
Frankfurt_Main_Hbf,1310,25.01,2022-07-11,335.00410846343465,0.0709923664122137,0.9794576828266228,0,2022
Frankfurt_Main_Hbf,1308,29.859999,2022-07-12,491.5831987075929,0.0535168195718654,0.9854604200323102,1,2022
Frankfurt_Main_Hbf,1308,33.57,2022-07-13,423.2561851556265,0.0420489296636085,0.9816440542697524,2,2022
Frankfurt_Main_Hbf,1306,28.88,2022-07-14,545.3278008298755,0.0773353751914242,0.979253112033195,3,2022
Frankfurt_Main_Hbf,1343,24.689999,2022-07-15,446.0849056603773,0.0528667163067758,0.9819182389937108,4,2022
Frankfurt_Main_Hbf,1172,25.93,2022-07-16,294.8820326678766,0.0597269624573378,0.9637023593466424,5,2022
Frankfurt_Main_Hbf,1124,29.22,2022-07-17,336.1789375582479,0.045373665480427,0.9599254426840632,6,2022
Frankfurt_Main_Hbf,1310,34.13,2022-07-18,408.9935064935065,0.0595419847328244,0.976461038961039,0,2022
Frankfurt_Main_Hbf,1302,37.35,2022-07-19,541.7647058823529,0.086021505376344,0.9857142857142858,1,2022
Frankfurt_Main_Hbf,1304,37.66,2022-07-20,506.5284974093264,0.111963190184049,0.9801381692573402,2,2022
Frankfurt_Main_Hbf,1304,28.17,2022-07-21,444.6454767726161,0.0590490797546012,0.9820700896495518,3,2022
Frankfurt_Main_Hbf,1343,29.769999,2022-07-22,447.5779376498801,0.0685033507073715,0.9752198241406874,4,2022
Frankfurt_Main_Hbf,1175,29.289999,2022-07-23,312.36559139784947,0.0502127659574468,0.9632616487455196,5,2022
Frankfurt_Main_Hbf,1131,32.23,2022-07-24,380.2186878727634,0.1105216622458001,0.9602385685884692,6,2022
Frankfurt_Main_Hbf,1353,34.61,2022-07-25,536.5561843168957,0.0857354028085735,0.9757477768795472,0,2022
Frankfurt_Main_Hbf,1350,27.039999,2022-07-26,566.4038616251006,0.0792592592592592,0.9806918744971842,1,2022
Frankfurt_Main_Hbf,1316,24.519999,2022-07-27,481.9233776387803,0.0281155015197568,0.9796716184519156,2,2022
Frankfurt_Main_Hbf,1316,27.58,2022-07-28,329.40711462450594,0.0387537993920972,0.9739130434782608,3,2022
Frankfurt_Main_Hbf,1316,29.82,2022-07-29,391.15015974440894,0.0486322188449848,0.97444089456869,4,2022
Frankfurt_Main_Hbf,1163,28.65,2022-07-30,439.0664272890485,0.0421324161650902,0.9614003590664272,5,2022
Frankfurt_Main_Hbf,1095,30.76,2022-07-31,262.6553672316384,0.0301369863013698,0.9500941619585688,6,2022
Frankfurt_Main_Hbf,1314,28.359999,2022-08-01,385.0285714285714,0.0677321156773211,0.9706122448979592,0,2022
Frankfurt_Main_Hbf,1308,30.38,2022-08-02,464.4607843137255,0.0642201834862385,0.9754901960784312,1,2022
Frankfurt_Main_Hbf,1309,34.75,2022-08-03,564.059652029826,0.0779220779220779,0.980115990057995,2,2022
Frankfurt_Main_Hbf,1310,37.829998,2022-08-04,501.3456686291001,0.0923664122137404,0.9798149705634988,3,2022
Frankfurt_Main_Hbf,1311,26.43,2022-08-05,484.20047732696895,0.0411899313501144,0.9777247414478918,4,2022
Frankfurt_Main_Hbf,1127,24.519999,2022-08-06,399.17215428033865,0.05678793256433,0.9595484477892756,5,2022
Frankfurt_Main_Hbf,1061,27.609999,2022-08-07,304.3486777668952,0.0377002827521206,0.9588638589618022,6,2022
Frankfurt_Main_Hbf,1266,30.109999,2022-08-08,443.0730897009967,0.0489731437598736,0.978405315614618,0,2022
Frankfurt_Main_Hbf,1264,31.179998,2022-08-09,432.190635451505,0.0537974683544303,0.968227424749164,1,2022
Frankfurt_Main_Hbf,1209,31.17,2022-08-10,349.2348284960422,0.0595533498759305,0.978891820580475,2,2022
Frankfurt_Main_Hbf,1209,31.67,2022-08-11,502.5,0.0603804797353184,0.9779929577464788,3,2022
Frankfurt_Main_Hbf,1227,31.109999,2022-08-12,413.33916083916085,0.0676446617766911,0.9702797202797204,4,2022
Frankfurt_Main_Hbf,1089,31.689999,2022-08-13,280.69565217391306,0.0495867768595041,0.952657004830918,5,2022
Frankfurt_Main_Hbf,1056,32.89,2022-08-14,391.0693069306931,0.043560606060606,0.9544554455445544,6,2022
Frankfurt_Main_Hbf,1195,26.83,2022-08-15,376.8085106382979,0.0560669456066945,0.976063829787234,0,2022
Frankfurt_Main_Hbf,1195,29.859999,2022-08-16,386.107678729038,0.0518828451882845,0.9779346866725508,1,2022
Frankfurt_Main_Hbf,1190,29.51,2022-08-17,333.32161687170475,0.0436974789915966,0.9727592267135324,2,2022
Frankfurt_Main_Hbf,1190,26.96,2022-08-18,424.6279491833031,0.0739495798319327,0.9809437386569873,3,2022
Frankfurt_Main_Hbf,1220,29.34,2022-08-19,423.0702515177797,0.0549180327868852,0.9705117085862968,4,2022
Frankfurt_Main_Hbf,1074,29.32,2022-08-20,421.8731707317073,0.0456238361266294,0.9629268292682926,5,2022
Frankfurt_Main_Hbf,1068,28.97,2022-08-21,386.1224489795918,0.0365168539325842,0.956268221574344,6,2022
Frankfurt_Main_Hbf,1219,30.529999,2022-08-22,432.41379310344826,0.0484003281378178,0.9689655172413794,0,2022
Frankfurt_Main_Hbf,1217,31.88,2022-08-23,369.2826274848747,0.0493015612161051,0.9706136560069144,1,2022
Frankfurt_Main_Hbf,1224,32.48,2022-08-24,425.5717970765263,0.0498366013071895,0.9690455717970764,2,2022
Frankfurt_Main_Hbf,1217,31.859999,2022-08-25,472.57785467128025,0.0501232539030402,0.9749134948096886,3,2022
Frankfurt_Main_Hbf,1223,31.66,2022-08-26,452.5151253241141,0.0539656582174979,0.9732065687121868,4,2022
Frankfurt_Main_Hbf,1086,25.73,2022-08-27,295.0,0.0497237569060773,0.9602713178294574,5,2022
Frankfurt_Main_Hbf,1052,26.56,2022-08-28,467.9408866995074,0.0351711026615969,0.961576354679803,6,2022
Frankfurt_Main_Hbf,1222,27.199999,2022-08-29,373.8095238095238,0.072013093289689,0.9673721340388008,0,2022
Frankfurt_Main_Hbf,1220,29.849998,2022-08-30,401.9371727748691,0.060655737704918,0.9781849912739964,1,2022
Frankfurt_Main_Hbf,1227,24.859999,2022-08-31,498.7694974003466,0.0594947025264873,0.9809358752166378,2,2022
Frankfurt_Main_Hbf,1219,26.41,2022-09-01,303.38172502134927,0.0393765381460213,0.9760888129803588,3,2022
Frankfurt_Main_Hbf,1224,25.779999,2022-09-02,621.9878997407087,0.0547385620915032,0.9766637856525496,4,2022
Frankfurt_Main_Hbf,1098,23.57,2022-09-03,296.09302325581393,0.0209471766848816,0.9683720930232558,5,2022
Frankfurt_Main_Hbf,1041,27.47,2022-09-04,373.7450199203187,0.0355427473583093,0.947211155378486,6,2022
Frankfurt_Main_Hbf,1253,30.65,2022-09-05,364.4949494949495,0.0518754988028731,0.9831649831649832,0,2022
Frankfurt_Main_Hbf,1264,30.769999,2022-09-06,405.4515050167224,0.0537974683544303,0.9782608695652174,1,2022
Frankfurt_Main_Hbf,1273,27.33,2022-09-07,462.2716049382716,0.0455616653574234,0.9851851851851852,2,2022
Frankfurt_Main_Hbf,1263,22.67,2022-09-08,583.4054562558796,0.1583531274742676,0.9840075258701788,3,2022
Frankfurt_Main_Hbf,1300,21.07,2022-09-09,462.3057644110276,0.0792307692307692,0.9824561403508772,4,2022
Frankfurt_Main_Hbf,1137,19.82,2022-09-10,466.97588126159553,0.0518909410729991,0.974025974025974,5,2022
Frankfurt_Main_Hbf,1058,22.46,2022-09-11,365.2224371373308,0.0226843100189035,0.960348162475822,6,2022
Frankfurt_Main_Hbf,1259,24.6,2022-09-12,283.1578947368421,0.0492454328832406,0.974937343358396,0,2022
Frankfurt_Main_Hbf,1254,21.24,2022-09-13,476.3305785123967,0.0350877192982456,0.9826446280991736,1,2022
Frankfurt_Main_Hbf,1254,20.55,2022-09-14,493.9312657166806,0.0486443381180223,0.9823973176865046,2,2022
Frankfurt_Main_Hbf,1125,19.52,2022-09-15,462.1561338289963,0.0435555555555555,0.9674721189591078,3,2022
Frankfurt_Main_Hbf,1164,17.55,2022-09-16,355.0044286979628,0.0300687285223367,0.9592559787422498,4,2022
Frankfurt_Main_Hbf,1035,15.839999,2022-09-17,226.02409638554215,0.0376811594202898,0.9658634538152612,5,2022
Frankfurt_Main_Hbf,901,13.38,2022-09-18,310.29953917050693,0.0366259711431742,0.9447004608294932,6,2022
Frankfurt_Main_Hbf,1322,17.05,2022-09-19,324.19504643962847,0.0226928895612708,0.9736842105263158,0,2022
Frankfurt_Main_Hbf,1270,16.41,2022-09-20,337.43164871582434,0.0496062992125984,0.9660314830157416,1,2022
Frankfurt_Main_Hbf,1170,17.98,2022-09-21,403.8482384823848,0.0538461538461538,0.971093044263776,2,2022
Frankfurt_Main_Hbf,1170,18.82,2022-09-22,301.06666666666666,0.0384615384615384,0.9635555555555556,3,2022
Frankfurt_Main_Hbf,1217,18.89,2022-09-23,315.34177215189874,0.0262941659819227,0.9645569620253164,4,2022
Frankfurt_Main_Hbf,1060,19.17,2022-09-24,341.9169960474308,0.0452830188679245,0.9456521739130436,5,2022
Frankfurt_Main_Hbf,988,13.28,2022-09-25,328.7619047619048,0.0435222672064777,0.9534391534391534,6,2022
Frankfurt_Main_Hbf,1332,14.58,2022-09-26,277.4548581255374,0.1268768768768768,0.9767841788478074,0,2022
Frankfurt_Main_Hbf,1326,13.2,2022-09-27,314.1744284504657,0.1093514328808446,0.9813717188823032,1,2022
Frankfurt_Main_Hbf,1315,13.2699995,2022-09-28,404.33521353746977,0.0562737642585551,0.9701853344077356,2,2022
Frankfurt_Main_Hbf,1184,14.29,2022-09-29,308.78682842287697,0.0253378378378378,0.9731369150779896,3,2022
Frankfurt_Main_Hbf,1222,16.81,2022-09-30,304.0533778148457,0.0188216039279869,0.9683069224353628,4,2022
Frankfurt_Main_Hbf,25,15.92,2022-10-01,103.2,0.0,0.88,5,2022
Hamburg_Hbf,906,22.189999,2021-09-01,405.1732101616629,0.0441501103752759,0.9711316397228638,2,2021
Hamburg_Hbf,901,17.75,2021-09-02,268.7434554973822,0.5760266370699223,0.9528795811518324,3,2021
Hamburg_Hbf,912,19.4,2021-09-03,384.93702770780857,0.5646929824561403,0.9571788413098236,4,2021
Hamburg_Hbf,859,20.38,2021-09-04,80.89709762532982,0.5587892898719441,0.920844327176781,5,2021
Hamburg_Hbf,830,21.01,2021-09-05,207.93388429752065,0.5626506024096386,0.9449035812672176,6,2021
Hamburg_Hbf,974,20.74,2021-09-06,134.80719794344472,0.6006160164271047,0.9665809768637532,0,2021
Hamburg_Hbf,964,22.519999,2021-09-07,264.2872687704026,0.0466804979253112,0.9760609357997824,1,2021
Hamburg_Hbf,972,24.84,2021-09-08,238.594249201278,0.0339506172839506,0.966986155484558,2,2021
Hamburg_Hbf,982,26.59,2021-09-09,553.5463258785943,0.0437881873727087,0.979765708200213,3,2021
Hamburg_Hbf,999,21.439999,2021-09-10,625.1987110633727,0.068068068068068,0.9849624060150376,4,2021
Hamburg_Hbf,972,21.359999,2021-09-11,556.9109357384442,0.0874485596707819,0.9684329199549042,5,2021
Hamburg_Hbf,878,20.91,2021-09-12,289.4736842105263,0.0261958997722095,0.9391812865497076,6,2021
Hamburg_Hbf,1022,17.57,2021-09-13,233.54124748490943,0.0273972602739726,0.9617706237424548,0,2021
Hamburg_Hbf,1012,21.539999,2021-09-14,223.0487804878049,0.0276679841897233,0.9745934959349594,1,2021
Hamburg_Hbf,1012,17.66,2021-09-15,325.01026694045174,0.0375494071146245,0.9609856262833676,2,2021
Hamburg_Hbf,1012,18.41,2021-09-16,282.8303850156087,0.050395256916996,0.9646201873048909,3,2021
Hamburg_Hbf,1050,16.22,2021-09-17,300.93203883495147,0.019047619047619,0.9533980582524272,4,2021
Hamburg_Hbf,888,17.81,2021-09-18,238.20689655172413,0.0202702702702702,0.9528735632183908,5,2021
Hamburg_Hbf,889,15.96,2021-09-19,411.2128146453089,0.0168728908886389,0.9508009153318078,6,2021
Hamburg_Hbf,976,14.12,2021-09-20,408.9123548046463,0.0297131147540983,0.969376979936642,0,2021
Hamburg_Hbf,969,16.49,2021-09-21,315.6276150627615,0.0134158926728586,0.9696652719665272,1,2021
Hamburg_Hbf,974,19.23,2021-09-22,314.32460732984293,0.0195071868583162,0.9612565445026178,2,2021
Hamburg_Hbf,975,16.5,2021-09-23,349.0557939914163,0.0441025641025641,0.9699570815450644,3,2021
Hamburg_Hbf,1015,17.85,2021-09-24,287.37823834196894,0.0492610837438423,0.9678756476683936,4,2021
Hamburg_Hbf,921,20.869999,2021-09-25,243.33333333333331,0.022801302931596,0.9355555555555556,5,2021
Hamburg_Hbf,916,23.47,2021-09-26,369.8976109215017,0.0403930131004366,0.9465301478953356,6,2021
Hamburg_Hbf,978,21.72,2021-09-27,401.67550371155886,0.0357873210633946,0.9713679745493108,0,2021
Hamburg_Hbf,971,19.359999,2021-09-28,408.9054197662061,0.0308959835221421,0.973432518597237,1,2021
Hamburg_Hbf,974,17.96,2021-09-29,333.8019169329074,0.0359342915811088,0.9574014909478168,2,2021
Hamburg_Hbf,976,15.95,2021-09-30,425.9047619047619,0.0317622950819672,0.9671957671957672,3,2021
Hamburg_Hbf,16,18.01,2021-10-01,210.0,0.0,1.0,4,2021
Hamburg_Hbf,932,14.07,2022-05-01,237.5250836120401,0.0375536480686695,0.9442586399108138,6,2022
Hamburg_Hbf,1033,16.4,2022-05-02,178.9990186457311,0.0135527589545014,0.9538763493621196,0,2022
Hamburg_Hbf,1024,13.75,2022-05-03,417.71313941825474,0.0263671875,0.970912738214644,1,2022
Hamburg_Hbf,1026,14.4,2022-05-04,326.8718967229394,0.0185185185185185,0.961271102284012,2,2022
Hamburg_Hbf,1031,16.89,2022-05-05,400.48268625393496,0.075654704170708,0.9674711437565582,3,2022
Hamburg_Hbf,1062,20.43,2022-05-06,299.7667638483965,0.0310734463276836,0.95821185617104,4,2022
Hamburg_Hbf,963,17.85,2022-05-07,421.211477151966,0.0228452751817237,0.944739638682253,5,2022
Hamburg_Hbf,950,17.25,2022-05-08,312.85252960172227,0.0221052631578947,0.946178686759957,6,2022
Hamburg_Hbf,1015,21.74,2022-05-09,342.63645726055614,0.0433497536945812,0.9577754891864058,0,2022
Hamburg_Hbf,886,24.59,2022-05-10,417.9953917050691,0.0203160270880361,0.9654377880184332,1,2022
Hamburg_Hbf,886,22.26,2022-05-11,450.4773561811505,0.0778781038374717,0.9608323133414932,2,2022
Hamburg_Hbf,894,18.77,2022-05-12,500.77821011673154,0.1375838926174496,0.9779507133592736,3,2022
Hamburg_Hbf,1044,16.24,2022-05-13,1315.8333333333333,0.5172413793103449,0.9861111111111112,4,2022
Hamburg_Hbf,892,18.16,2022-05-14,1273.6244541484716,0.4865470852017937,0.9912663755458516,5,2022
Hamburg_Hbf,876,20.98,2022-05-15,1534.4227353463589,0.3573059360730594,0.9786856127886324,6,2022
Hamburg_Hbf,1024,24.33,2022-05-16,504.7770700636943,0.080078125,0.9798301486199577,0,2022
Hamburg_Hbf,1020,19.609999,2022-05-17,449.52780692549845,0.0656862745098039,0.9790136411332634,1,2022
Hamburg_Hbf,1020,28.17,2022-05-18,572.8008298755186,0.0549019607843137,0.9730290456431536,2,2022
Hamburg_Hbf,1025,28.59,2022-05-19,720.4026845637584,0.1278048780487805,0.970917225950783,3,2022
Hamburg_Hbf,1055,20.63,2022-05-20,526.2737262737263,0.0511848341232227,0.981018981018981,4,2022
Hamburg_Hbf,871,16.92,2022-05-21,383.6428571428572,0.0355912743972445,0.963095238095238,5,2022
Hamburg_Hbf,801,18.699999,2022-05-22,361.45966709346993,0.0249687890137328,0.9564660691421256,6,2022
Hamburg_Hbf,902,23.15,2022-05-23,375.5017301038062,0.0388026607538802,0.9642445213379468,0,2022
Hamburg_Hbf,1016,18.67,2022-05-24,407.1774193548387,0.0236220472440944,0.970766129032258,1,2022
Hamburg_Hbf,1048,19.84,2022-05-25,417.4193548387097,0.023854961832061,0.9716520039100685,2,2022
Hamburg_Hbf,882,17.99,2022-05-26,261.19331742243435,0.0498866213151927,0.9391408114558472,3,2022
Hamburg_Hbf,885,15.03,2022-05-27,303.7070938215103,0.0124293785310734,0.954233409610984,4,2022
Hamburg_Hbf,793,13.45,2022-05-28,380.8429118773946,0.0126103404791929,0.9374201787994892,5,2022
Hamburg_Hbf,835,13.24,2022-05-29,455.9230769230769,0.0658682634730539,0.9487179487179488,6,2022
Hamburg_Hbf,1026,13.87,2022-05-30,346.63366336633663,0.0155945419103313,0.9653465346534652,0,2022
Hamburg_Hbf,1020,17.279999,2022-05-31,512.2619047619048,0.0117647058823529,0.9623015873015872,1,2022
Hamburg_Hbf,1023,16.8,2022-06-01,461.9755600814664,0.0400782013685239,0.960285132382892,2,2022
Hamburg_Hbf,1029,16.82,2022-06-02,434.2627883650953,0.0310981535471331,0.9648946840521564,3,2022
Hamburg_Hbf,1050,21.869999,2022-06-03,665.0837438423646,0.0333333333333333,0.9724137931034482,4,2022
Hamburg_Hbf,816,21.59,2022-06-04,509.9242424242424,0.0294117647058823,0.9595959595959596,5,2022
Hamburg_Hbf,774,23.71,2022-06-05,465.32085561497325,0.0335917312661498,0.9558823529411764,6,2022
Hamburg_Hbf,809,22.24,2022-06-06,264.25531914893617,0.0123609394313967,0.9436795994993742,0,2022
Hamburg_Hbf,961,17.75,2022-06-07,435.41755888650965,0.028095733610822,0.961456102783726,1,2022
Hamburg_Hbf,1026,23.18,2022-06-08,351.9838056680162,0.037037037037037,0.97165991902834,2,2022
Hamburg_Hbf,1030,20.63,2022-06-09,426.54654654654655,0.0300970873786407,0.961961961961962,3,2022
Hamburg_Hbf,1060,23.039999,2022-06-10,594.3362831858407,0.040566037735849,0.9803343166175024,4,2022
Hamburg_Hbf,888,23.0,2022-06-11,517.4912075029308,0.0394144144144144,0.9531066822977726,5,2022
Hamburg_Hbf,885,23.189999,2022-06-12,449.8550724637681,0.0644067796610169,0.9408212560386472,6,2022
Hamburg_Hbf,974,17.74,2022-06-13,494.6559633027523,0.1047227926078028,0.9610091743119266,0,2022
Hamburg_Hbf,963,18.99,2022-06-14,392.96928327645054,0.087227414330218,0.9476678043230944,1,2022
Hamburg_Hbf,970,22.01,2022-06-15,433.1019036954088,0.079381443298969,0.9462486002239642,2,2022
Hamburg_Hbf,967,21.72,2022-06-16,432.4232081911263,0.0910031023784901,0.9453924914675768,3,2022
Hamburg_Hbf,987,24.0,2022-06-17,516.7096774193549,0.0577507598784194,0.9623655913978496,4,2022
Hamburg_Hbf,891,24.47,2022-06-18,425.6617647058824,0.0841750841750841,0.9350490196078431,5,2022
Hamburg_Hbf,667,18.18,2022-06-19,464.59069020866775,0.0659670164917541,0.9534510433386838,6,2022
Hamburg_Hbf,978,19.13,2022-06-20,557.0089285714286,0.0838445807770961,0.9497767857142856,0,2022
Hamburg_Hbf,967,21.9,2022-06-21,345.9891891891892,0.0434332988624612,0.947027027027027,1,2022
Hamburg_Hbf,968,23.14,2022-06-22,294.1830065359477,0.0516528925619834,0.9509803921568628,2,2022
Hamburg_Hbf,971,29.57,2022-06-23,498.8325991189427,0.0648815653964984,0.9680616740088106,3,2022
Hamburg_Hbf,996,31.199999,2022-06-24,504.81641468682506,0.0702811244979919,0.9460043196544276,4,2022
Hamburg_Hbf,894,28.949999,2022-06-25,388.2650602409639,0.0715883668903803,0.9506024096385542,5,2022
Hamburg_Hbf,891,27.699999,2022-06-26,378.51674641148327,0.0617283950617283,0.9473684210526316,6,2022
Hamburg_Hbf,976,19.27,2022-06-27,441.7317845828933,0.0297131147540983,0.966209081309398,0,2022
Hamburg_Hbf,962,23.9,2022-06-28,520.8820286659317,0.0571725571725571,0.9514884233737596,1,2022
Hamburg_Hbf,968,28.3,2022-06-29,347.5704989154013,0.0475206611570247,0.9544468546637744,2,2022
Hamburg_Hbf,971,28.789999,2022-06-30,366.3157894736842,0.0411946446961895,0.9462943071965628,3,2022
Hamburg_Hbf,996,21.699999,2022-07-01,690.323275862069,0.0682730923694779,0.9655172413793104,4,2022
Hamburg_Hbf,897,24.9,2022-07-02,282.5806451612903,0.0668896321070234,0.935483870967742,5,2022
Hamburg_Hbf,892,27.13,2022-07-03,379.2399049881235,0.0560538116591928,0.9477434679334916,6,2022
Hamburg_Hbf,978,22.619999,2022-07-04,368.5069817400645,0.0480572597137014,0.9634801288936627,0,2022
Hamburg_Hbf,969,21.16,2022-07-05,418.0477223427332,0.0485036119711042,0.9631236442516268,1,2022
Hamburg_Hbf,965,19.84,2022-07-06,420.4625550660793,0.0590673575129533,0.9570484581497798,2,2022
Hamburg_Hbf,972,19.22,2022-07-07,343.39342523860023,0.029835390946502,0.9565217391304348,3,2022
Hamburg_Hbf,989,20.57,2022-07-08,432.829373650108,0.063700707785642,0.9557235421166308,4,2022
Hamburg_Hbf,898,21.23,2022-07-09,300.0,0.0178173719376391,0.947845804988662,5,2022
Hamburg_Hbf,889,18.91,2022-07-10,318.7628865979381,0.0179977502812148,0.9392898052691868,6,2022
Hamburg_Hbf,973,22.51,2022-07-11,280.3164556962025,0.0256937307297019,0.9462025316455696,0,2022
Hamburg_Hbf,961,24.4,2022-07-12,390.1653803748622,0.0561914672216441,0.9592061742006616,1,2022
Hamburg_Hbf,960,27.16,2022-07-13,440.43956043956047,0.0520833333333333,0.9571428571428572,2,2022
Hamburg_Hbf,975,19.699999,2022-07-14,469.6815286624204,0.0338461538461538,0.964968152866242,3,2022
Hamburg_Hbf,990,19.72,2022-07-15,366.5861690450055,0.0797979797979798,0.960482985729967,4,2022
Hamburg_Hbf,903,19.39,2022-07-16,280.7142857142857,0.0387596899224806,0.9377880184331796,5,2022
Hamburg_Hbf,881,21.84,2022-07-17,347.3871733966746,0.0442678774120317,0.9524940617577196,6,2022
Hamburg_Hbf,976,28.439999,2022-07-18,411.61290322580646,0.0471311475409836,0.9559139784946236,0,2022
Hamburg_Hbf,967,33.69,2022-07-19,575.5005624296963,0.0806618407445708,0.9640044994375704,1,2022
Hamburg_Hbf,965,38.66,2022-07-20,976.5417170495768,0.1430051813471502,0.9758162031438936,2,2022
Hamburg_Hbf,968,25.109999,2022-07-21,515.6902356902357,0.0795454545454545,0.9640852974186308,3,2022
Hamburg_Hbf,988,19.64,2022-07-22,603.0716723549488,0.1103238866396761,0.9681456200227532,4,2022
Hamburg_Hbf,897,19.85,2022-07-23,417.9428571428571,0.0245261984392419,0.9554285714285714,5,2022
Hamburg_Hbf,882,29.59,2022-07-24,494.1686746987952,0.0589569160997732,0.963855421686747,6,2022
Hamburg_Hbf,977,32.579998,2022-07-25,405.7894736842105,0.0665301944728761,0.9671052631578948,0,2022
Hamburg_Hbf,969,19.99,2022-07-26,441.26338329764457,0.0361197110423116,0.9603854389721628,1,2022
Hamburg_Hbf,966,19.02,2022-07-27,463.125,0.0393374741200828,0.9644396551724138,2,2022
Hamburg_Hbf,973,20.58,2022-07-28,439.7025171624714,0.1017471736896197,0.9633867276887872,3,2022
Hamburg_Hbf,990,25.74,2022-07-29,463.1049250535332,0.0565656565656565,0.9603854389721628,4,2022
Hamburg_Hbf,792,24.65,2022-07-30,745.9947643979058,0.0353535353535353,0.9659685863874344,5,2022
Hamburg_Hbf,783,25.56,2022-07-31,463.1523178807947,0.0357598978288633,0.9496688741721856,6,2022
Hamburg_Hbf,972,21.279999,2022-08-01,394.7065101387407,0.0360082304526749,0.9541088580576308,0,2022
Hamburg_Hbf,962,25.769999,2022-08-02,510.5166475315729,0.0945945945945946,0.9621125143513204,1,2022
Hamburg_Hbf,960,31.46,2022-08-03,479.66887417218544,0.05625,0.9591611479028698,2,2022
Hamburg_Hbf,963,35.76,2022-08-04,637.1761960326721,0.1100726895119418,0.9614935822637106,3,2022
Hamburg_Hbf,1002,19.72,2022-08-05,597.707423580786,0.0858283433133732,0.962882096069869,4,2022
Hamburg_Hbf,710,21.07,2022-08-06,571.407624633431,0.0394366197183098,0.9472140762463344,5,2022
Hamburg_Hbf,703,22.529999,2022-08-07,439.672131147541,0.0455192034139402,0.9523099850968704,6,2022
Hamburg_Hbf,939,23.08,2022-08-08,489.66442953020135,0.047923322683706,0.96420581655481,0,2022
Hamburg_Hbf,934,25.59,2022-08-09,493.7953795379538,0.0267665952890792,0.965896589658966,1,2022
Hamburg_Hbf,934,27.15,2022-08-10,471.8518518518519,0.0460385438972162,0.957351290684624,2,2022
Hamburg_Hbf,944,29.529999,2022-08-11,755.0281214848144,0.0582627118644067,0.970753655793026,3,2022
Hamburg_Hbf,962,30.359999,2022-08-12,491.34767836919593,0.0821205821205821,0.97281993204983,4,2022
Hamburg_Hbf,714,30.67,2022-08-13,521.4218009478673,0.1134453781512605,0.9478672985781992,5,2022
Hamburg_Hbf,712,30.599998,2022-08-14,508.42105263157896,0.1193820224719101,0.9569377990430622,6,2022
Hamburg_Hbf,1000,31.779999,2022-08-15,623.8747099767982,0.138,0.9756380510440836,0,2022
Hamburg_Hbf,988,29.51,2022-08-16,446.6966292134832,0.0991902834008097,0.9651685393258428,1,2022
Hamburg_Hbf,928,29.109999,2022-08-17,436.3452914798206,0.0387931034482758,0.9618834080717488,2,2022
Hamburg_Hbf,923,26.22,2022-08-18,501.288056206089,0.0747562296858071,0.9800936768149884,3,2022
Hamburg_Hbf,903,23.25,2022-08-19,661.549815498155,0.0996677740863787,0.965559655596556,4,2022
Hamburg_Hbf,932,24.05,2022-08-20,689.3906810035842,0.101931330472103,0.972520908004779,5,2022
Hamburg_Hbf,923,25.48,2022-08-21,580.2230483271376,0.1256771397616468,0.9739776951672864,6,2022
Hamburg_Hbf,1009,25.949999,2022-08-22,501.79459459459457,0.0832507433102081,0.9643243243243244,0,2022
Hamburg_Hbf,1002,28.279999,2022-08-23,484.3613707165109,0.0389221556886227,0.9615784008307372,1,2022
Hamburg_Hbf,1000,28.939999,2022-08-24,473.1034482758621,0.043,0.9696969696969696,2,2022
Hamburg_Hbf,1007,28.519999,2022-08-25,533.4038054968288,0.0605759682224429,0.970401691331924,3,2022
Hamburg_Hbf,1018,27.619999,2022-08-26,426.2769230769231,0.0422396856581532,0.961025641025641,4,2022
Hamburg_Hbf,927,24.039999,2022-08-27,353.87470997679816,0.070118662351672,0.9547563805104408,5,2022
Hamburg_Hbf,922,21.189999,2022-08-28,390.3905325443787,0.0835140997830802,0.9526627218934912,6,2022
Hamburg_Hbf,1007,21.289999,2022-08-29,352.15727948990434,0.0655412115193644,0.9617428267800212,0,2022
Hamburg_Hbf,998,22.06,2022-08-30,424.0549102428722,0.0511022044088176,0.955649419218585,1,2022
Hamburg_Hbf,999,23.55,2022-08-31,516.8166849615807,0.088088088088088,0.9725576289791438,2,2022
Hamburg_Hbf,991,23.1,2022-09-01,283.90852390852393,0.0292633703329969,0.9656964656964656,3,2022
Hamburg_Hbf,1015,23.119999,2022-09-02,489.53389830508473,0.0699507389162561,0.9713983050847458,4,2022
Hamburg_Hbf,905,23.31,2022-09-03,289.1415313225058,0.0475138121546961,0.9361948955916474,5,2022
Hamburg_Hbf,906,24.91,2022-09-04,334.20494699646645,0.0629139072847682,0.9411071849234394,6,2022
Hamburg_Hbf,1010,24.769999,2022-09-05,360.6437768240343,0.0772277227722772,0.9624463519313304,0,2022
Hamburg_Hbf,1002,20.779999,2022-09-06,351.2842105263158,0.0518962075848303,0.9663157894736842,1,2022
Hamburg_Hbf,1001,23.439999,2022-09-07,425.1929092805005,0.0419580419580419,0.9708029197080292,2,2022
Hamburg_Hbf,1003,17.18,2022-09-08,422.4814422057264,0.0598205383848454,0.9671261930010604,3,2022
Hamburg_Hbf,1027,21.47,2022-09-09,570.3913043478261,0.1041869522882181,0.9695652173913044,4,2022
Hamburg_Hbf,913,20.52,2022-09-10,440.32941176470587,0.0690032858707557,0.9682352941176472,5,2022
Hamburg_Hbf,913,20.74,2022-09-11,338.74015748031496,0.0262869660460021,0.9448818897637796,6,2022
Hamburg_Hbf,1008,22.07,2022-09-12,326.177370030581,0.0267857142857142,0.9734964322120284,0,2022
Hamburg_Hbf,999,20.89,2022-09-13,372.60869565217394,0.033033033033033,0.9627329192546584,1,2022
Hamburg_Hbf,997,18.66,2022-09-14,324.8810754912099,0.0300902708124373,0.9627714581178904,2,2022
Hamburg_Hbf,1001,17.96,2022-09-15,290.6907545164718,0.0599400599400599,0.955366631243358,3,2022
Hamburg_Hbf,1024,15.78,2022-09-16,385.3564154786151,0.041015625,0.9653767820773932,4,2022
Hamburg_Hbf,921,15.32,2022-09-17,305.1121076233184,0.0314875135722041,0.9517937219730942,5,2022
Hamburg_Hbf,915,13.719999,2022-09-18,284.5733788395904,0.0393442622950819,0.9613196814562004,6,2022
Hamburg_Hbf,1002,17.77,2022-09-19,377.76850886339935,0.0429141716566866,0.959332638164755,0,2022
Hamburg_Hbf,992,16.71,2022-09-20,238.13278008298755,0.0282258064516129,0.9533195020746889,1,2022
Hamburg_Hbf,995,18.05,2022-09-21,312.75,0.0351758793969849,0.953125,2,2022
Hamburg_Hbf,995,18.039999,2022-09-22,321.69278996865205,0.0381909547738693,0.9529780564263324,3,2022
Hamburg_Hbf,1036,17.93,2022-09-23,363.469591226321,0.0318532818532818,0.9730807577268196,4,2022
Hamburg_Hbf,942,14.099999,2022-09-24,300.59933407325195,0.0435244161358811,0.948945615982242,5,2022
Hamburg_Hbf,932,14.79,2022-09-25,419.6625421822272,0.0461373390557939,0.952755905511811,6,2022
Hamburg_Hbf,999,13.059999,2022-09-26,344.5482866043613,0.036036036036036,0.9698857736240912,0,2022
Hamburg_Hbf,987,12.009999,2022-09-27,294.0246406570842,0.0131712259371833,0.9630390143737166,1,2022
Hamburg_Hbf,986,13.07,2022-09-28,265.6687898089172,0.0446247464503042,0.9670912951167728,2,2022
Hamburg_Hbf,990,11.59,2022-09-29,397.9731127197518,0.0232323232323232,0.970010341261634,3,2022
Hamburg_Hbf,1023,16.38,2022-09-30,472.0283975659229,0.0361681329423264,0.9665314401622718,4,2022
Hamburg_Hbf,17,16.15,2022-10-01,829.4117647058823,0.0,1.0,5,2022
Hannover_Hbf,1428,21.039999,2021-09-01,204.77888730385163,0.0182072829131652,0.9828815977175464,2,2021
Hannover_Hbf,1432,23.34,2021-09-02,146.16915422885572,0.5789106145251397,0.9502487562189056,3,2021
Hannover_Hbf,1468,22.9,2021-09-03,204.099173553719,0.587874659400545,0.9553719008264464,4,2021
Hannover_Hbf,1372,20.88,2021-09-04,68.34224598930481,0.5911078717201166,0.9340463458110516,5,2021
Hannover_Hbf,1030,20.35,2021-09-05,90.125,0.5339805825242718,0.8729166666666667,6,2021
Hannover_Hbf,1184,22.38,2021-09-06,78.68512110726644,0.5118243243243243,0.9065743944636678,0,2021
Hannover_Hbf,1177,25.06,2021-09-07,166.57963446475196,0.0237892948173322,0.938207136640557,1,2021
Hannover_Hbf,1175,26.33,2021-09-08,322.97650130548305,0.022127659574468,0.9469103568320278,2,2021
Hannover_Hbf,1179,28.74,2021-09-09,295.3333333333333,0.0076335877862595,0.9504273504273504,3,2021
Hannover_Hbf,1211,24.89,2021-09-10,292.2986577181208,0.0156895127993393,0.9446308724832216,4,2021
Hannover_Hbf,1166,21.96,2021-09-11,259.00089206066014,0.0385934819897084,0.9375557537912578,5,2021
Hannover_Hbf,1050,21.789999,2021-09-12,187.9843444227006,0.0266666666666666,0.926614481409002,6,2021
Hannover_Hbf,1460,20.199999,2021-09-13,227.14899713467048,0.0438356164383561,0.9878223495702004,0,2021
Hannover_Hbf,1448,24.93,2021-09-14,186.4782608695652,0.0469613259668508,0.9818840579710144,1,2021
Hannover_Hbf,1446,21.92,2021-09-15,252.41077931536785,0.0504840940525587,0.9868900218499636,2,2021
Hannover_Hbf,1448,18.48,2021-09-16,183.2,0.0158839779005524,0.9775438596491228,3,2021
Hannover_Hbf,1505,18.57,2021-09-17,309.3888515782404,0.0106312292358804,0.977165883143049,4,2021
Hannover_Hbf,1366,18.23,2021-09-18,189.26829268292684,0.0095168374816983,0.9600886917960088,5,2021
Hannover_Hbf,1273,14.98,2021-09-19,290.25848142164784,0.0274941084053417,0.974151857835218,6,2021
Hannover_Hbf,1422,15.36,2021-09-20,416.9275786393562,0.0386779184247538,0.9868324798829554,0,2021
Hannover_Hbf,1416,16.199999,2021-09-21,232.99492385786803,0.0261299435028248,0.981145757795504,1,2021
Hannover_Hbf,1416,18.609999,2021-09-22,408.2396449704142,0.0451977401129943,0.9881656804733728,2,2021
Hannover_Hbf,1418,19.26,2021-09-23,268.207343412527,0.0204513399153737,0.9769618430525558,3,2021
Hannover_Hbf,1505,18.279999,2021-09-24,426.9690721649485,0.0332225913621262,0.9890034364261168,4,2021
Hannover_Hbf,1378,22.529999,2021-09-25,252.6410835214447,0.0355587808417997,0.981941309255079,5,2021
Hannover_Hbf,1286,25.31,2021-09-26,358.6935483870968,0.0357698289269051,0.9806451612903224,6,2021
Hannover_Hbf,1459,22.21,2021-09-27,300.25495750708217,0.0322138450993831,0.9879603399433428,0,2021
Hannover_Hbf,1454,18.15,2021-09-28,267.4526315789474,0.0199449793672627,0.9698245614035088,1,2021
Hannover_Hbf,1453,18.279999,2021-09-29,280.746887966805,0.0048176187198898,0.9785615491009682,2,2021
Hannover_Hbf,1454,15.65,2021-09-30,326.6480446927374,0.015130674002751,0.9804469273743016,3,2021
Hannover_Hbf,14,19.0,2021-10-01,188.57142857142856,0.0,1.0,4,2021
Hannover_Hbf,1150,15.639999,2022-05-01,205.7742782152231,0.0060869565217391,0.9615048118985128,6,2022
Hannover_Hbf,1309,19.73,2022-05-02,204.31432973805852,0.0084033613445378,0.9591679506933743,0,2022
Hannover_Hbf,1302,17.74,2022-05-03,439.3831168831169,0.053763440860215,0.9829545454545454,1,2022
Hannover_Hbf,1302,17.83,2022-05-04,353.12548713951674,0.0145929339477726,0.9696024941543258,2,2022
Hannover_Hbf,1304,19.47,2022-05-05,319.81220657277,0.0199386503067484,0.970266040688576,3,2022
Hannover_Hbf,1358,21.74,2022-05-06,357.48125937031483,0.0176730486008836,0.9685157421289357,4,2022
Hannover_Hbf,1262,21.789999,2022-05-07,420.6823720552396,0.0245641838351822,0.9601949634443542,5,2022
Hannover_Hbf,1164,18.38,2022-05-08,228.15652173913043,0.0120274914089347,0.9582608695652174,6,2022
Hannover_Hbf,1314,23.84,2022-05-09,318.5437645236251,0.017503805175038,0.967467079783114,0,2022
Hannover_Hbf,1305,25.56,2022-05-10,455.9619952494062,0.032183908045977,0.9714964370546318,1,2022
Hannover_Hbf,1305,25.82,2022-05-11,286.73929961089493,0.0153256704980842,0.9665369649805448,2,2022
Hannover_Hbf,1307,19.35,2022-05-12,484.7849882720876,0.0214231063504208,0.9718530101641908,3,2022
Hannover_Hbf,1358,18.33,2022-05-13,435.21259842519686,0.06480117820324,0.9645669291338582,4,2022
Hannover_Hbf,1262,20.74,2022-05-14,344.51290591174023,0.0483359746434231,0.9592006661115736,5,2022
Hannover_Hbf,1172,23.51,2022-05-15,658.9150090415914,0.0563139931740614,0.9593128390596743,6,2022
Hannover_Hbf,1307,25.189999,2022-05-16,446.2292490118577,0.0321346595256312,0.9644268774703556,0,2022
Hannover_Hbf,1298,23.779999,2022-05-17,321.48837209302326,0.0061633281972265,0.9589147286821704,1,2022
Hannover_Hbf,1300,28.43,2022-05-18,448.989819890368,0.0176923076923076,0.9678935003915426,2,2022
Hannover_Hbf,1304,28.72,2022-05-19,624.4147682639434,0.0237730061349693,0.9725058915946584,3,2022
Hannover_Hbf,1359,23.99,2022-05-20,940.4268292682926,0.0345842531272994,0.976371951219512,4,2022
Hannover_Hbf,1233,18.3,2022-05-21,310.46280991735534,0.0186536901865369,0.962809917355372,5,2022
Hannover_Hbf,1146,20.1,2022-05-22,310.3374777975133,0.0174520069808027,0.9564831261101244,6,2022
Hannover_Hbf,1284,24.85,2022-05-23,297.639653815893,0.0101246105919003,0.966955153422502,0,2022
Hannover_Hbf,1273,18.81,2022-05-24,332.9402390438247,0.01413982717989,0.9633466135458169,1,2022
Hannover_Hbf,1332,20.039999,2022-05-25,316.5045592705167,0.012012012012012,0.9582066869300911,2,2022
Hannover_Hbf,1157,20.13,2022-05-26,170.2191060473269,0.013828867761452,0.9316389132340052,3,2022
Hannover_Hbf,1259,17.67,2022-05-27,238.60016090104585,0.0127084988085782,0.9573612228479486,4,2022
Hannover_Hbf,1233,15.62,2022-05-28,188.32369942196533,0.0178426601784266,0.9265070189925682,5,2022
Hannover_Hbf,1148,13.58,2022-05-29,240.903454384411,0.0165505226480836,0.9211691762621788,6,2022
Hannover_Hbf,1285,14.57,2022-05-30,288.70866141732284,0.0116731517509727,0.9543307086614172,0,2022
Hannover_Hbf,1279,19.27,2022-05-31,371.39953088350273,0.0,0.9562157935887412,1,2022
Hannover_Hbf,1277,17.88,2022-06-01,374.4321766561514,0.0070477682067345,0.9755520504731862,2,2022
Hannover_Hbf,1281,19.939999,2022-06-02,807.5384615384615,0.0866510538641686,0.9794871794871794,3,2022
Hannover_Hbf,1350,24.019999,2022-06-03,395.6292388847023,0.017037037037037,0.9706103993971364,4,2022
Hannover_Hbf,1250,25.22,2022-06-04,268.5530546623794,0.0048,0.959807073954984,5,2022
Hannover_Hbf,1092,24.699999,2022-06-05,262.5830258302583,0.0073260073260073,0.9511070110701108,6,2022
Hannover_Hbf,1154,22.83,2022-06-06,266.8875326939843,0.0060658578856152,0.958151700087184,0,2022
Hannover_Hbf,1335,21.76,2022-06-07,288.1183611532625,0.0127340823970037,0.9681335356600912,1,2022
Hannover_Hbf,1321,23.1,2022-06-08,290.03808073115005,0.0060560181680545,0.9702970297029704,2,2022
Hannover_Hbf,1331,22.65,2022-06-09,297.54545454545456,0.0082644628099173,0.9621212121212122,3,2022
Hannover_Hbf,1382,22.949999,2022-06-10,395.1240875912409,0.0086830680173661,0.9766423357664232,4,2022
Hannover_Hbf,1249,25.66,2022-06-11,326.57851239669424,0.0312249799839871,0.9586776859504132,5,2022
Hannover_Hbf,1168,24.66,2022-06-12,491.5706806282722,0.0188356164383561,0.9781849912739964,6,2022
Hannover_Hbf,1313,19.17,2022-06-13,541.5058823529412,0.0289413556740289,0.9788235294117648,0,2022
Hannover_Hbf,1305,21.48,2022-06-14,336.8978955572876,0.0168582375478927,0.97116134060795,1,2022
Hannover_Hbf,1332,27.26,2022-06-15,531.9506553585196,0.0262762762762762,0.976869699306091,2,2022
Hannover_Hbf,1309,24.07,2022-06-16,442.29635376260666,0.0152788388082505,0.9689681923972072,3,2022
Hannover_Hbf,1340,25.57,2022-06-17,369.03614457831327,0.008955223880597,0.9728915662650602,4,2022
Hannover_Hbf,1178,31.859999,2022-06-18,620.4520795660036,0.0611205432937181,0.9701627486437612,5,2022
Hannover_Hbf,842,24.119999,2022-06-19,726.7584480600751,0.0510688836104513,0.9874843554443054,6,2022
Hannover_Hbf,1308,20.4,2022-06-20,504.2105263157895,0.0412844036697247,0.9808612440191388,0,2022
Hannover_Hbf,1298,23.64,2022-06-21,330.4278922345483,0.0277349768875192,0.9786053882725833,1,2022
Hannover_Hbf,1298,27.57,2022-06-22,527.4038461538462,0.0385208012326656,0.9743589743589745,2,2022
Hannover_Hbf,1300,31.88,2022-06-23,540.0485044462409,0.0484615384615384,0.978981406628941,3,2022
Hannover_Hbf,1344,27.3,2022-06-24,523.6363636363636,0.0424107142857142,0.9774669774669774,4,2022
Hannover_Hbf,1246,30.08,2022-06-25,306.33906633906633,0.0200642054574638,0.9582309582309584,5,2022
Hannover_Hbf,1171,27.91,2022-06-26,380.9000900090009,0.0512382578992314,0.9414941494149416,6,2022
Hannover_Hbf,1305,25.359999,2022-06-27,316.50592885375494,0.0306513409961685,0.9770750988142292,0,2022
Hannover_Hbf,1295,26.17,2022-06-28,371.4964370546318,0.0247104247104247,0.973871733966746,1,2022
Hannover_Hbf,1293,27.519999,2022-06-29,391.1547911547912,0.0556844547563805,0.9631449631449632,2,2022
Hannover_Hbf,1297,31.24,2022-06-30,411.67602245388935,0.038550501156515,0.9631114675220528,3,2022
Hannover_Hbf,1340,21.17,2022-07-01,506.5551330798479,0.0186567164179104,0.982509505703422,4,2022
Hannover_Hbf,1180,27.92,2022-07-02,304.8490230905862,0.0457627118644067,0.9511545293072824,5,2022
Hannover_Hbf,1148,29.439999,2022-07-03,329.4887892376682,0.0287456445993031,0.9596412556053812,6,2022
Hannover_Hbf,1231,25.4,2022-07-04,397.02564102564105,0.0495532087733549,0.95982905982906,0,2022
Hannover_Hbf,1223,23.949999,2022-07-05,474.6736292428199,0.0605069501226492,0.9686684073107048,1,2022
Hannover_Hbf,1219,21.33,2022-07-06,385.1351351351352,0.0287120590648072,0.985641891891892,2,2022
Hannover_Hbf,1227,19.17,2022-07-07,450.63291139240505,0.0342298288508557,0.978902953586498,3,2022
Hannover_Hbf,1265,21.56,2022-07-08,284.69135802469134,0.0395256916996047,0.9621399176954732,4,2022
Hannover_Hbf,1184,24.09,2022-07-09,360.0535236396075,0.0532094594594594,0.9527207850133808,5,2022
Hannover_Hbf,1146,19.67,2022-07-10,239.4080717488789,0.0270506108202443,0.9506726457399104,6,2022
Hannover_Hbf,1233,19.09,2022-07-11,241.87963726298435,0.016220600162206,0.967848309975268,0,2022
Hannover_Hbf,1223,28.24,2022-07-12,453.1578947368421,0.0367947669664758,0.970288624787776,1,2022
Hannover_Hbf,1219,31.529999,2022-07-13,359.2033195020747,0.0114848236259228,0.970954356846473,2,2022
Hannover_Hbf,1264,23.359999,2022-07-14,404.8421052631579,0.0229430379746835,0.979757085020243,3,2022
Hannover_Hbf,1300,19.779999,2022-07-15,405.130228887135,0.0253846153846153,0.9739542225730072,4,2022
Hannover_Hbf,1217,22.06,2022-07-16,235.87085811384875,0.0328677074774034,0.9643160577740016,5,2022
Hannover_Hbf,1146,25.34,2022-07-17,556.5911151405259,0.037521815008726,0.970081595648232,6,2022
Hannover_Hbf,1253,32.88,2022-07-18,392.7047146401985,0.0351157222665602,0.98014888337469,0,2022
Hannover_Hbf,1237,37.76,2022-07-19,637.8595890410959,0.0557801131770412,0.9820205479452054,1,2022
Hannover_Hbf,1239,39.42,2022-07-20,748.3018867924528,0.1444713478611783,0.9858490566037736,2,2022
Hannover_Hbf,1243,26.21,2022-07-21,437.33898305084745,0.0506838294448913,0.9788135593220338,3,2022
Hannover_Hbf,1277,19.279999,2022-07-22,447.1844660194175,0.0321064996084573,0.9805825242718448,4,2022
Hannover_Hbf,1208,24.07,2022-07-23,322.8475147430497,0.0173841059602649,0.9671440606571188,5,2022
Hannover_Hbf,1139,30.789999,2022-07-24,283.73881932021465,0.0184372256365232,0.9570661896243292,6,2022
Hannover_Hbf,1258,33.66,2022-07-25,331.1631663974152,0.0158982511923688,0.974151857835218,0,2022
Hannover_Hbf,1248,21.89,2022-07-26,569.975349219392,0.0248397435897435,0.9704190632703368,1,2022
Hannover_Hbf,1244,21.98,2022-07-27,376.4309210526316,0.022508038585209,0.9679276315789472,2,2022
Hannover_Hbf,1252,24.619999,2022-07-28,348.1578947368421,0.0287539936102236,0.966282894736842,3,2022
Hannover_Hbf,1284,28.16,2022-07-29,416.5687053216839,0.0194704049844236,0.976965845909452,4,2022
Hannover_Hbf,1182,26.5,2022-07-30,506.273127753304,0.0397631133671742,0.9744493392070483,5,2022
Hannover_Hbf,1142,26.869999,2022-07-31,332.8455284552846,0.0306479859894921,0.9611562782294488,6,2022
Hannover_Hbf,1260,22.5,2022-08-01,285.46644844517186,0.0301587301587301,0.9754500818330606,0,2022
Hannover_Hbf,1247,28.15,2022-08-02,315.1,0.0376904570970328,0.9816666666666668,1,2022
Hannover_Hbf,1246,33.25,2022-08-03,535.8952702702703,0.0497592295345104,0.9704391891891893,2,2022
Hannover_Hbf,1248,36.489998,2022-08-04,482.0847457627119,0.0544871794871794,0.9796610169491524,3,2022
Hannover_Hbf,1286,21.14,2022-08-05,458.8676103247294,0.0660964230171073,0.9725228975853456,4,2022
Hannover_Hbf,1216,23.06,2022-08-06,421.1320754716981,0.084703947368421,0.9748427672955976,5,2022
Hannover_Hbf,1138,25.47,2022-08-07,297.709497206704,0.0562390158172231,0.9702048417132216,6,2022
Hannover_Hbf,1264,26.49,2022-08-08,450.6858594411516,0.0656645569620253,0.9644369178662152,0,2022
Hannover_Hbf,1254,28.39,2022-08-09,349.7142857142857,0.0510366826156299,0.9739495798319328,1,2022
Hannover_Hbf,1250,29.34,2022-08-10,467.0367207514944,0.0632,0.97267292912041,2,2022
Hannover_Hbf,1258,31.599998,2022-08-11,492.70110076206606,0.06120826709062,0.9729043183742592,3,2022
Hannover_Hbf,1291,31.279999,2022-08-12,450.3685503685504,0.0542215336948102,0.968058968058968,4,2022
Hannover_Hbf,1213,31.84,2022-08-13,263.5242290748899,0.0643033800494641,0.9559471365638766,5,2022
Hannover_Hbf,1138,32.59,2022-08-14,373.7240075614367,0.070298769771529,0.9706994328922496,6,2022
Hannover_Hbf,1260,31.519999,2022-08-15,722.2300884955753,0.1031746031746031,0.9716814159292037,0,2022
Hannover_Hbf,1253,30.63,2022-08-16,334.70737913486005,0.0590582601755786,0.9711620016963528,1,2022
Hannover_Hbf,1218,30.74,2022-08-17,372.3574468085106,0.035303776683087,0.9676595744680851,2,2022
Hannover_Hbf,1145,26.59,2022-08-18,373.9890710382514,0.0410480349344978,0.9635701275045536,3,2022
Hannover_Hbf,1180,27.279999,2022-08-19,424.7131509267432,0.0398305084745762,0.9682259488084732,4,2022
Hannover_Hbf,1117,25.43,2022-08-20,632.6462395543175,0.0358102059086839,0.9665738161559888,5,2022
Hannover_Hbf,1055,26.349998,2022-08-21,348.1075697211155,0.0483412322274881,0.953187250996016,6,2022
Hannover_Hbf,1229,28.81,2022-08-22,334.05128205128204,0.0480065093572009,0.9709401709401708,0,2022
Hannover_Hbf,1221,30.13,2022-08-23,340.7035175879397,0.0221130221130221,0.9656616415410384,1,2022
Hannover_Hbf,1217,31.89,2022-08-24,386.4824120603015,0.0188989317995069,0.9782244556113904,2,2022
Hannover_Hbf,1277,30.59,2022-08-25,474.4,0.0602975724353954,0.9725,3,2022
Hannover_Hbf,1314,30.279999,2022-08-26,486.9586374695864,0.0616438356164383,0.9797242497972424,4,2022
Hannover_Hbf,1262,22.25,2022-08-27,325.3923205342237,0.0507131537242472,0.976627712854758,5,2022
Hannover_Hbf,1185,23.34,2022-08-28,376.75531914893617,0.0481012658227848,0.976063829787234,6,2022
Hannover_Hbf,1312,24.18,2022-08-29,387.639902676399,0.0602134146341463,0.9724249797242498,0,2022
Hannover_Hbf,1302,24.57,2022-08-30,558.0929095354523,0.0576036866359447,0.9845150774246128,1,2022
Hannover_Hbf,1302,24.16,2022-08-31,449.7592295345104,0.043010752688172,0.9887640449438202,2,2022
Hannover_Hbf,1304,24.769999,2022-09-01,350.50632911392404,0.0306748466257668,0.9802215189873418,3,2022
Hannover_Hbf,1347,24.949999,2022-09-02,359.81595092024537,0.0319227913882702,0.9838957055214724,4,2022
Hannover_Hbf,1262,25.34,2022-09-03,333.0024410089504,0.0261489698890649,0.9715215622457284,5,2022
Hannover_Hbf,1185,27.08,2022-09-04,324.7244094488189,0.0354430379746835,0.9658792650918636,6,2022
Hannover_Hbf,1313,29.24,2022-09-05,416.3373493975904,0.0517897943640517,0.9799196787148594,0,2022
Hannover_Hbf,1305,25.93,2022-09-06,509.9755501222494,0.0597701149425287,0.982885085574572,1,2022
Hannover_Hbf,1303,26.98,2022-09-07,469.4678316123908,0.0337682271680736,0.9833200953137412,2,2022
Hannover_Hbf,1305,18.58,2022-09-08,483.1275060144346,0.0444444444444444,0.9903769045709704,3,2022
Hannover_Hbf,1349,21.96,2022-09-09,512.3506594259115,0.0444773906597479,0.9891388673390225,4,2022
Hannover_Hbf,1262,21.039999,2022-09-10,337.025472473295,0.0356576862123613,0.9728841413311422,5,2022
Hannover_Hbf,1189,20.52,2022-09-11,378.0364900086881,0.031959629941127,0.9678540399652475,6,2022
Hannover_Hbf,1313,23.619999,2022-09-12,295.2830188679245,0.0312261995430312,0.9842767295597484,0,2022
Hannover_Hbf,1305,21.369999,2022-09-13,290.7619047619048,0.0344827586206896,0.9793650793650792,1,2022
Hannover_Hbf,1300,17.99,2022-09-14,283.27868852459017,0.0146153846153846,0.9789227166276346,2,2022
Hannover_Hbf,1303,18.56,2022-09-15,431.5914489311164,0.0306983883346124,0.978622327790974,3,2022
Hannover_Hbf,1345,17.63,2022-09-16,341.0672853828306,0.0386617100371747,0.979891724671307,4,2022
Hannover_Hbf,1223,15.38,2022-09-17,216.87344913151364,0.0114472608340147,0.9735318444995864,5,2022
Hannover_Hbf,1149,13.009999,2022-09-18,328.23214285714283,0.0252393385552654,0.9767857142857144,6,2022
Hannover_Hbf,1309,16.69,2022-09-19,325.359375,0.0221543162719633,0.9734375,0,2022
Hannover_Hbf,1299,15.74,2022-09-20,319.90675990676,0.0092378752886836,0.9790209790209792,1,2022
Hannover_Hbf,1301,17.69,2022-09-21,394.0746624305004,0.03228285933897,0.9872915011914216,2,2022
Hannover_Hbf,1302,18.83,2022-09-22,380.5473025801408,0.0176651305683563,0.9788897576231432,3,2022
Hannover_Hbf,1375,18.48,2022-09-23,291.5068493150685,0.0443636363636363,0.9802130898021308,4,2022
Hannover_Hbf,1290,15.009999,2022-09-24,435.3658536585366,0.0465116279069767,0.9845528455284552,5,2022
Hannover_Hbf,1202,16.75,2022-09-25,400.9957081545064,0.0307820299500831,0.976824034334764,6,2022
Hannover_Hbf,1333,13.79,2022-09-26,326.0030627871363,0.0202550637659414,0.9777947932618682,0,2022
Hannover_Hbf,1321,12.469999,2022-09-27,250.74418604651163,0.0234670704012112,0.9868217054263566,1,2022
Hannover_Hbf,1319,10.969999,2022-09-28,286.3093415007657,0.0098559514783927,0.9831546707503828,2,2022
Hannover_Hbf,1323,15.33,2022-09-29,359.44954128440367,0.0113378684807256,0.9808868501529052,3,2022
Hannover_Hbf,1374,16.46,2022-09-30,386.64162283997,0.0312954876273653,0.9812171299774606,4,2022
Hannover_Hbf,19,16.72,2022-10-01,550.5882352941177,0.1052631578947368,1.0,5,2022
Köln_Hbf,2111,17.3,2021-09-01,244.7437774524158,0.02936996684036,0.9956076134699854,2,2021
Köln_Hbf,2138,23.64,2021-09-02,207.9767441860465,0.5977549111318989,0.9918604651162792,3,2021
Köln_Hbf,2163,26.18,2021-09-03,314.6292134831461,0.588534442903375,0.9786516853932584,4,2021
Köln_Hbf,1873,24.88,2021-09-04,226.3453815261044,0.601174586225307,0.9518072289156626,5,2021
Köln_Hbf,1588,27.18,2021-09-05,165.89861751152074,0.5900503778337531,0.9262672811059908,6,2021
Köln_Hbf,2037,26.01,2021-09-06,160.10738255033556,0.6342660775650466,0.9731543624161074,0,2021
Köln_Hbf,2140,26.769999,2021-09-07,448.2677567705672,0.0855140186915887,0.9913132345426674,1,2021
Köln_Hbf,2139,27.359999,2021-09-08,279.6927508401344,0.0261804581580177,0.9913586173787806,2,2021
Köln_Hbf,1980,27.97,2021-09-09,365.28675703858187,0.0313131313131313,0.9937434827945776,3,2021
Köln_Hbf,2119,24.23,2021-09-10,351.24387855044074,0.0363378952336007,0.9887365328109696,4,2021
Köln_Hbf,2114,22.31,2021-09-11,263.307240704501,0.0331125827814569,0.9877690802348336,5,2021
Köln_Hbf,1731,22.39,2021-09-12,301.2544802867383,0.0329289428076256,0.9814814814814816,6,2021
Köln_Hbf,2241,22.48,2021-09-13,258.93150684931504,0.0227576974564926,0.9931506849315068,0,2021
Köln_Hbf,2234,25.33,2021-09-14,227.9183673469388,0.0129811996418979,0.9945578231292516,1,2021
Köln_Hbf,2233,21.949999,2021-09-15,242.81729428172943,0.0367218987908643,0.99256159925616,2,2021
Köln_Hbf,2223,20.199999,2021-09-16,206.4779582366589,0.0305892937471884,0.993967517401392,3,2021
Köln_Hbf,2255,21.609999,2021-09-17,340.66445182724254,0.0656319290465631,0.9914570479354532,4,2021
Köln_Hbf,2146,23.019999,2021-09-18,233.4250614250614,0.0517241379310344,0.9906633906633908,5,2021
Köln_Hbf,1853,19.699999,2021-09-19,222.78523489932888,0.0350782514840798,0.987695749440716,6,2021
Köln_Hbf,1770,17.199999,2021-09-20,299.3793103448276,0.0169491525423728,0.9908045977011494,0,2021
Köln_Hbf,1448,18.289999,2021-09-21,290.0356379187455,0.0310773480662983,0.9914468995010692,1,2021
Köln_Hbf,1448,20.41,2021-09-22,413.2858161083393,0.0310773480662983,0.992872416250891,2,2021
Köln_Hbf,1461,22.42,2021-09-23,343.65156794425087,0.0177960301163586,0.9881533101045296,3,2021
Köln_Hbf,1497,20.859999,2021-09-24,334.08065618591934,0.0227120908483633,0.9863294600136704,4,2021
Köln_Hbf,1431,23.81,2021-09-25,243.45323741007195,0.0286512928022362,0.9820143884892086,5,2021
Köln_Hbf,1345,23.269999,2021-09-26,277.44811683320523,0.0327137546468401,0.97847809377402,6,2021
Köln_Hbf,1619,21.49,2021-09-27,426.7471410419314,0.0277949351451513,0.98856416772554,0,2021
Köln_Hbf,1592,17.94,2021-09-28,404.4201030927835,0.0251256281407035,0.9896907216494846,1,2021
Köln_Hbf,1220,15.37,2021-09-29,588.4512085944494,0.0844262295081967,0.9946284691136974,2,2021
Köln_Hbf,1254,15.57,2021-09-30,786.7597765363129,0.1435406698564593,0.9981378026070764,3,2021
Köln_Hbf,17,18.82,2021-10-01,1567.0588235294117,0.0,1.0,4,2021
Köln_Hbf,1712,15.66,2022-05-01,220.89622641509436,0.0093457943925233,0.9864386792452832,6,2022
Köln_Hbf,2450,19.91,2022-05-02,397.4603174603175,0.0742857142857142,0.986331569664903,0,2022
Köln_Hbf,2450,19.27,2022-05-03,483.149246919215,0.1057142857142857,0.9908717480602464,1,2022
Köln_Hbf,2450,18.449999,2022-05-04,318.4733475479744,0.0428571428571428,0.9850746268656716,2,2022
Köln_Hbf,2454,19.859999,2022-05-05,251.81969949916527,0.0236348818255908,0.9795492487479132,3,2022
Köln_Hbf,2510,21.74,2022-05-06,344.86508585445625,0.0254980079681274,0.9893704006541292,4,2022
Köln_Hbf,2331,22.619999,2022-05-07,471.2644701691897,0.0364650364650364,0.9848619768477292,5,2022
Köln_Hbf,2000,20.46,2022-05-08,486.3809523809524,0.055,0.9941798941798942,6,2022
Köln_Hbf,2451,25.56,2022-05-09,328.41702127659573,0.0412076703386372,0.994468085106383,0,2022
Köln_Hbf,2448,26.58,2022-05-10,319.02132998745293,0.0232843137254901,0.98870765370138,1,2022
Köln_Hbf,2451,28.06,2022-05-11,273.2675814751286,0.0485516115871073,0.9858490566037736,2,2022
Köln_Hbf,2454,21.48,2022-05-12,335.5799240826655,0.0338223308883455,0.9881906368620836,3,2022
Köln_Hbf,2464,20.59,2022-05-13,477.6991150442478,0.0369318181818181,0.988621997471555,4,2022
Köln_Hbf,2295,22.99,2022-05-14,322.5459688826025,0.0758169934640522,0.9806694955209808,5,2022
Köln_Hbf,2037,26.76,2022-05-15,360.62370062370064,0.055473735886107,0.9844074844074844,6,2022
Köln_Hbf,2426,26.59,2022-05-16,417.7728678745029,0.0671887881286067,0.9889527176314626,0,2022
Köln_Hbf,2423,25.92,2022-05-17,326.5210084033613,0.0177465951300041,0.9907563025210084,1,2022
Köln_Hbf,2424,30.09,2022-05-18,513.4660320207703,0.0466171617161716,0.9909130246646474,2,2022
Köln_Hbf,2427,29.779999,2022-05-19,647.9479392624729,0.0502678203543469,0.9913232104121475,3,2022
Köln_Hbf,2512,24.85,2022-05-20,795.5565142364107,0.0772292993630573,0.989646246764452,4,2022
Köln_Hbf,2348,20.08,2022-05-21,337.5788031064413,0.067717206132879,0.977615349474646,5,2022
Köln_Hbf,2031,24.05,2022-05-22,291.0480123902943,0.0462826193993106,0.9803820340733091,6,2022
Köln_Hbf,2449,24.83,2022-05-23,316.7295597484277,0.0261331155573703,0.9886792452830188,0,2022
Köln_Hbf,2448,18.99,2022-05-24,367.0017035775128,0.0408496732026143,0.9914821124361158,1,2022
Köln_Hbf,2444,20.64,2022-05-25,389.5822454308094,0.0597381342062193,0.9830287206266318,2,2022
Köln_Hbf,1959,21.55,2022-05-26,297.89748953974896,0.0239918325676365,0.9843096234309624,3,2022
Köln_Hbf,2268,20.18,2022-05-27,259.2509025270758,0.0229276895943562,0.9819494584837544,4,2022
Köln_Hbf,2037,17.76,2022-05-28,468.9137380191693,0.0780559646539028,0.988817891373802,5,2022
Köln_Hbf,1797,15.049999,2022-05-29,279.90615835777123,0.0511964385086254,0.98475073313783,6,2022
Köln_Hbf,2243,16.44,2022-05-30,382.7790861987753,0.0534997770842621,0.983513895430994,0,2022
Köln_Hbf,2240,19.72,2022-05-31,315.43744120413925,0.0508928571428571,0.98447789275635,1,2022
Köln_Hbf,2241,19.06,2022-06-01,417.9916317991632,0.0401606425702811,0.98558809855881,2,2022
Köln_Hbf,2242,21.73,2022-06-02,491.664167916042,0.107493309545049,0.9900049975012494,3,2022
Köln_Hbf,2219,26.25,2022-06-03,743.9700748129676,0.0964398377647589,0.9945137157107232,4,2022
Köln_Hbf,1830,27.5,2022-06-04,714.8745519713261,0.0852459016393442,0.995221027479092,5,2022
Köln_Hbf,1561,21.66,2022-06-05,354.2377434519812,0.0461242793081358,0.9952988582941572,6,2022
Köln_Hbf,1551,22.06,2022-06-06,356.55577299412914,0.011605415860735,0.989562948467058,0,2022
Köln_Hbf,2174,21.13,2022-06-07,407.4307186472522,0.0206991720331186,0.9967120713950212,1,2022
Köln_Hbf,2186,20.6,2022-06-08,366.262341325811,0.0269899359560841,0.99059708509638,2,2022
Köln_Hbf,2187,20.51,2022-06-09,386.9169404035664,0.0256058527663465,0.992961051149695,3,2022
Köln_Hbf,2332,23.9,2022-06-10,413.9866962305987,0.0330188679245283,0.9902439024390244,4,2022
Köln_Hbf,2342,25.439999,2022-06-11,441.9137849360493,0.0986336464560204,0.9838938891520608,5,2022
Köln_Hbf,2039,23.85,2022-06-12,367.89473684210526,0.0308974987739087,0.98582995951417,6,2022
Köln_Hbf,2456,21.21,2022-06-13,357.3444676409186,0.0248371335504886,0.9899791231732776,0,2022
Köln_Hbf,2454,24.09,2022-06-14,348.45569620253167,0.0342298288508557,0.9877637130801687,1,2022
Köln_Hbf,2490,28.8,2022-06-15,524.1928540680155,0.0670682730923694,0.9888075764098148,2,2022
Köln_Hbf,2026,25.38,2022-06-16,297.6470588235294,0.0182625863770977,0.9849170437405732,3,2022
Köln_Hbf,2521,30.58,2022-06-17,597.8589853826311,0.0773502578341927,0.9905417024935512,4,2022
Köln_Hbf,2296,35.219997,2022-06-18,439.4577685088634,0.1646341463414634,0.983837330552659,5,2022
Köln_Hbf,1603,24.68,2022-06-19,382.843853820598,0.0611353711790393,0.9867109634551496,6,2022
Köln_Hbf,2455,21.43,2022-06-20,425.77874186550974,0.0610997963340122,0.9913232104121475,0,2022
Köln_Hbf,2450,23.92,2022-06-21,366.3346104725415,0.0412244897959183,0.9948914431673052,1,2022
Köln_Hbf,2455,28.99,2022-06-22,338.66098081023455,0.0448065173116089,0.991044776119403,2,2022
Köln_Hbf,2460,31.279999,2022-06-23,448.65476708750543,0.066260162601626,0.9882455376578144,3,2022
Köln_Hbf,2515,25.18,2022-06-24,520.8867843306069,0.0763419483101391,0.99009900990099,4,2022
Köln_Hbf,2350,26.24,2022-06-25,556.3479096588179,0.1144680851063829,0.9913503123498318,5,2022
Köln_Hbf,1980,21.02,2022-06-26,301.0574189880614,0.1116161616161616,0.9869243888573052,6,2022
Köln_Hbf,2377,21.82,2022-06-27,334.5693563009973,0.0719394194362642,0.9886672710788758,0,2022
Köln_Hbf,2367,25.35,2022-06-28,503.0334432406971,0.1030840726658217,0.9919924634950542,1,2022
Köln_Hbf,2372,28.16,2022-06-29,417.6509433962264,0.1062394603709949,0.9924528301886792,2,2022
Köln_Hbf,2378,31.26,2022-06-30,523.064039408867,0.1463414634146341,0.9911330049261085,3,2022
Köln_Hbf,2275,22.31,2022-07-01,519.3355170800187,0.0606593406593406,0.9929808142255498,4,2022
Köln_Hbf,2134,27.56,2022-07-02,325.72700296735906,0.0524835988753514,0.9861523244312562,5,2022
Köln_Hbf,1865,26.43,2022-07-03,392.2657580919932,0.0557640750670241,0.982396365701306,6,2022
Köln_Hbf,2184,25.369999,2022-07-04,393.8040345821325,0.0467032967032967,0.989433237271854,0,2022
Köln_Hbf,2182,24.96,2022-07-05,411.189009947892,0.032538955087076,0.9924206537186168,1,2022
Köln_Hbf,2214,21.939999,2022-07-06,350.1385041551247,0.021680216802168,0.9861495844875346,2,2022
Köln_Hbf,2218,20.51,2022-07-07,347.18911309244487,0.039224526600541,0.982637259502581,3,2022
Köln_Hbf,2271,24.08,2022-07-08,411.1242603550296,0.0325847644209599,0.9913518434228492,4,2022
Köln_Hbf,2126,25.35,2022-07-09,370.37687145069697,0.0888993414863593,0.982447083118224,5,2022
Köln_Hbf,1880,19.66,2022-07-10,351.119733924612,0.0404255319148936,0.9778270509977828,6,2022
Köln_Hbf,2216,21.66,2022-07-11,233.85119326158167,0.0356498194945848,0.9864295741693964,0,2022
Köln_Hbf,2182,29.57,2022-07-12,577.4144486692015,0.0357470210815765,0.99287072243346,1,2022
Köln_Hbf,2183,31.81,2022-07-13,396.2970014278915,0.037562986715529,0.9861970490242742,2,2022
Köln_Hbf,2186,25.97,2022-07-14,433.98389388915206,0.0343092406221409,0.9900521080056846,3,2022
Köln_Hbf,2271,23.25,2022-07-15,559.189453125,0.098194627917217,0.98583984375,4,2022
Köln_Hbf,2124,24.48,2022-07-16,347.89291026276646,0.0503766478342749,0.9881011403073872,5,2022
Köln_Hbf,1847,27.8,2022-07-17,625.7950530035336,0.0806713589604764,0.983510011778563,6,2022
Köln_Hbf,2186,35.02,2022-07-18,557.3751783166905,0.0379688929551692,0.9914407988587732,0,2022
Köln_Hbf,2147,38.02,2022-07-19,779.1933815925543,0.0992081974848625,0.9932781799379524,1,2022
Köln_Hbf,2148,31.359999,2022-07-20,533.799784714747,0.1350093109869646,0.9930032292787944,2,2022
Köln_Hbf,2155,23.279999,2022-07-21,473.4825327510917,0.1498839907192575,0.9912663755458516,3,2022
Köln_Hbf,2269,23.32,2022-07-22,572.9185969556585,0.3340678713089466,0.9821310390469888,4,2022
Köln_Hbf,2127,26.56,2022-07-23,501.7353579175705,0.3497884344146685,0.9783080260303688,5,2022
Köln_Hbf,1814,32.329998,2022-07-24,394.8773006134969,0.2811466372657111,0.9769938650306748,6,2022
Köln_Hbf,2153,29.179998,2022-07-25,469.8387096774193,0.0784951230840687,0.9879032258064516,0,2022
Köln_Hbf,2147,24.22,2022-07-26,495.2137592137592,0.0521658127619934,0.9882063882063882,1,2022
Köln_Hbf,2148,22.369999,2022-07-27,397.6589595375722,0.0335195530726257,0.9869942196531792,2,2022
Köln_Hbf,2151,26.06,2022-07-28,444.3423597678917,0.0385867038586703,0.9893617021276596,3,2022
Köln_Hbf,2269,25.98,2022-07-29,419.39890710382514,0.0321727633318642,0.9867941712204008,4,2022
Köln_Hbf,2127,26.88,2022-07-30,441.0696266397578,0.0681711330512458,0.9868819374369324,5,2022
Köln_Hbf,1813,28.34,2022-07-31,381.7702227432591,0.0590182018753447,0.9753810082063306,6,2022
Köln_Hbf,2149,26.05,2022-08-01,533.8081395348837,0.0395532805956258,0.9878875968992248,0,2022
Köln_Hbf,2143,30.42,2022-08-02,465.55555555555554,0.0424638357442837,0.98635477582846,1,2022
Köln_Hbf,2144,34.51,2022-08-03,521.5429975429976,0.0508395522388059,0.9901719901719902,2,2022
Köln_Hbf,2147,35.26,2022-08-04,506.8914229053049,0.0605496040987424,0.9881011403073872,3,2022
Köln_Hbf,2164,23.34,2022-08-05,470.0541072306936,0.060536044362292,0.9896704377766848,4,2022
Köln_Hbf,1576,23.619999,2022-08-06,476.827495042961,0.0399746192893401,0.9887640449438202,5,2022
Köln_Hbf,1366,26.859999,2022-08-07,349.30197268588773,0.0351390922401171,0.9878603945371776,6,2022
Köln_Hbf,2209,27.859999,2022-08-08,344.6060037523452,0.0348574015391579,0.9887429643527204,0,2022
Köln_Hbf,2217,30.07,2022-08-09,472.1237693389592,0.0378890392422192,0.9882794186591656,1,2022
Köln_Hbf,2218,32.27,2022-08-10,450.8108108108109,0.0491433724075743,0.9890943575154102,2,2022
Köln_Hbf,2221,32.51,2022-08-11,496.867816091954,0.059882935614588,0.9904214559386972,3,2022
Köln_Hbf,2255,32.57,2022-08-12,463.1407269338304,0.0483370288248337,0.989748369058714,4,2022
Köln_Hbf,2107,32.69,2022-08-13,499.7133757961784,0.1058376839107736,0.9883227176220808,5,2022
Köln_Hbf,1856,33.19,2022-08-14,341.3009049773756,0.0474137931034482,0.9824660633484162,6,2022
Köln_Hbf,2124,25.96,2022-08-15,389.54773869346735,0.0630885122410546,0.9879396984924624,0,2022
Köln_Hbf,2124,30.519999,2022-08-16,333.3815028901734,0.0225988700564971,0.9913294797687862,1,2022
Köln_Hbf,2121,26.5,2022-08-17,302.98828125,0.0344177274870344,0.98828125,2,2022
Köln_Hbf,2124,25.31,2022-08-18,455.3329994992489,0.0597928436911487,0.9874812218327492,3,2022
Köln_Hbf,2172,27.93,2022-08-19,451.42996108949416,0.0534069981583793,0.9883268482490272,4,2022
Köln_Hbf,2010,25.119999,2022-08-20,558.7179487179487,0.0686567164179104,0.9909188034188036,5,2022
Köln_Hbf,1791,27.199999,2022-08-21,361.3636363636364,0.0664433277498604,0.979066985645933,6,2022
Köln_Hbf,2129,29.06,2022-08-22,526.8805528134254,0.0483795209018318,0.9921026653504442,0,2022
Köln_Hbf,2113,31.349998,2022-08-23,372.36328125,0.0307619498343587,0.990234375,1,2022
Köln_Hbf,2124,34.05,2022-08-24,482.6686217008798,0.0367231638418079,0.9824046920821116,2,2022
Köln_Hbf,2141,33.55,2022-08-25,574.0929535232384,0.0653900046707146,0.9900049975012494,3,2022
Köln_Hbf,2205,23.119999,2022-08-26,601.0622009569378,0.0521541950113378,0.9913875598086124,4,2022
Köln_Hbf,2061,20.689999,2022-08-27,469.2197125256674,0.0548277535177098,0.9892197125256672,5,2022
Köln_Hbf,1813,24.85,2022-08-28,446.96356275303646,0.0463320463320463,0.989010989010989,6,2022
Köln_Hbf,2145,25.16,2022-08-29,327.533234859675,0.0531468531468531,0.982274741506647,0,2022
Köln_Hbf,2140,29.109999,2022-08-30,475.9006211180124,0.0971962616822429,0.9875776397515528,1,2022
Köln_Hbf,2135,25.609999,2022-08-31,351.05882352941177,0.0444964871194379,0.9892156862745098,2,2022
Köln_Hbf,2142,26.66,2022-09-01,366.93088448525856,0.0340802987861811,0.985983566940551,3,2022
Köln_Hbf,2186,26.81,2022-09-02,300.9035294117647,0.0279048490393412,0.9891764705882352,4,2022
Köln_Hbf,2040,26.21,2022-09-03,256.1408882082696,0.0397058823529411,0.9754977029096478,5,2022
Köln_Hbf,1793,28.06,2022-09-04,297.2680115273775,0.0323480200780814,0.981556195965418,6,2022
Köln_Hbf,2133,31.279999,2022-09-05,326.06796116504853,0.0342240975152367,0.9902912621359224,0,2022
Köln_Hbf,2145,31.599998,2022-09-06,392.6119035907526,0.0522144522144522,0.9940973930152484,1,2022
Köln_Hbf,2146,26.22,2022-09-07,342.6711668273867,0.0335507921714818,0.9918032786885246,2,2022
Köln_Hbf,2149,22.67,2022-09-08,703.59375,0.5234993020009306,0.9951171875,3,2022
Köln_Hbf,2197,21.72,2022-09-09,439.4011976047904,0.5439235320892125,0.996007984031936,4,2022
Köln_Hbf,2047,18.859999,2022-09-10,317.3422957600827,0.0552027357107962,0.9865563598759048,5,2022
Köln_Hbf,1805,21.869999,2022-09-11,288.6374133949192,0.0404432132963988,0.9780600461893764,6,2022
Köln_Hbf,2146,26.01,2022-09-12,362.6634146341464,0.0447343895619757,0.9878048780487804,0,2022
Köln_Hbf,2147,26.81,2022-09-13,324.24068767908307,0.0246856078248719,0.9909264565425024,1,2022
Köln_Hbf,2146,17.73,2022-09-14,405.9168704156479,0.0470643056849953,0.9902200488997556,2,2022
Köln_Hbf,2145,18.47,2022-09-15,373.3526011560693,0.0321678321678321,0.9865125240847784,3,2022
Köln_Hbf,2112,17.199999,2022-09-16,341.4059405940594,0.043560606060606,0.9905940594059406,4,2022
Köln_Hbf,1758,15.389999,2022-09-17,262.8807556080283,0.0364050056882821,0.9811097992916176,5,2022
Köln_Hbf,1625,13.28,2022-09-18,252.540675844806,0.0166153846153846,0.983729662077597,6,2022
Köln_Hbf,2062,17.13,2022-09-19,386.6371681415929,0.0135790494665373,0.9901671583087512,0,2022
Köln_Hbf,2059,15.91,2022-09-20,292.06489675516224,0.0121418164157357,0.9901671583087512,1,2022
Köln_Hbf,2060,18.26,2022-09-21,320.42743538767394,0.0233009708737864,0.9860834990059644,2,2022
Köln_Hbf,2063,19.35,2022-09-22,296.9230769230769,0.016965584100824,0.9842209072978304,3,2022
Köln_Hbf,2119,19.25,2022-09-23,339.6040560115886,0.0226521944313355,0.9888942539835828,4,2022
Köln_Hbf,1889,16.57,2022-09-24,251.56146179401992,0.0439385918475383,0.9839424141749724,5,2022
Köln_Hbf,1741,17.42,2022-09-25,233.2128279883382,0.0149339460080413,0.9801749271137026,6,2022
Köln_Hbf,2086,13.45,2022-09-26,259.17862444334486,0.0311601150527325,0.9901039089559625,0,2022
Köln_Hbf,2083,12.429999,2022-09-27,275.7290132547864,0.0220835333653384,0.9916543937162494,1,2022
Köln_Hbf,2083,13.63,2022-09-28,242.75390625,0.0168026884301488,0.984375,2,2022
Köln_Hbf,2084,16.109999,2022-09-29,248.1330685203575,0.0335892514395393,0.9856007944389276,3,2022
Köln_Hbf,2146,18.0,2022-09-30,359.3342981186686,0.0340167753960857,0.986010612638688,4,2022
Köln_Hbf,31,18.289999,2022-10-01,1280.0,0.032258064516129,0.8666666666666667,5,2022
München_Hbf,557,19.81,2021-09-01,308.8235294117647,0.0233393177737881,0.9724264705882352,2,2021
München_Hbf,568,21.539999,2021-09-02,207.2340425531915,0.5035211267605634,0.9113475177304964,3,2021
München_Hbf,571,22.74,2021-09-03,229.82332155477036,0.5043782837127846,0.9187279151943464,4,2021
München_Hbf,473,23.48,2021-09-04,215.7692307692308,0.5602536997885835,0.9471153846153846,5,2021
München_Hbf,452,23.689999,2021-09-05,220.69306930693068,0.5530973451327433,0.9207920792079208,6,2021
München_Hbf,583,23.84,2021-09-06,126.42140468227424,0.4871355060034305,0.9264214046822744,0,2021
München_Hbf,574,23.82,2021-09-07,364.58259325044406,0.019163763066202,0.950266429840142,1,2021
München_Hbf,574,25.06,2021-09-08,467.7005347593583,0.0226480836236933,0.966131907308378,2,2021
München_Hbf,573,26.16,2021-09-09,486.4014466546112,0.0349040139616055,0.9602169981916816,3,2021
München_Hbf,583,25.699999,2021-09-10,371.9156414762742,0.0240137221269296,0.9578207381370826,4,2021
München_Hbf,478,21.5,2021-09-11,359.36575052854124,0.0104602510460251,0.949260042283298,5,2021
München_Hbf,454,23.51,2021-09-12,303.6,0.0088105726872246,0.9466666666666668,6,2021
München_Hbf,557,24.16,2021-09-13,327.8021978021978,0.0197486535008976,0.9597069597069596,0,2021
München_Hbf,570,26.539999,2021-09-14,328.3754512635379,0.0280701754385964,0.9765342960288808,1,2021
München_Hbf,570,22.449999,2021-09-15,430.86021505376345,0.0210526315789473,0.989247311827957,2,2021
München_Hbf,570,21.13,2021-09-16,342.5222024866785,0.0122807017543859,0.9644760213143873,3,2021
München_Hbf,582,17.01,2021-09-17,504.83478260869566,0.0120274914089347,0.9582608695652174,4,2021
München_Hbf,506,20.5,2021-09-18,167.21115537848607,0.0079051383399209,0.9143426294820716,5,2021
München_Hbf,489,18.55,2021-09-19,336.65271966527195,0.0224948875255623,0.9435146443514644,6,2021
München_Hbf,574,14.92,2021-09-20,300.0,0.0296167247386759,0.9658886894075404,0,2021
München_Hbf,570,15.38,2021-09-21,293.7234042553192,0.0105263157894736,0.9769503546099292,1,2021
München_Hbf,570,16.02,2021-09-22,302.1276595744681,0.0105263157894736,0.9645390070921984,2,2021
München_Hbf,570,21.16,2021-09-23,242.112676056338,0.0035087719298245,0.9595070422535212,3,2021
München_Hbf,582,21.539999,2021-09-24,281.89473684210526,0.0206185567010309,0.963157894736842,4,2021
München_Hbf,505,24.3,2021-09-25,218.16,0.0099009900990099,0.924,5,2021
München_Hbf,489,24.75,2021-09-26,220.28747433264888,0.0040899795501022,0.944558521560575,6,2021
München_Hbf,574,21.859999,2021-09-27,361.57342657342656,0.0034843205574912,0.9545454545454546,0,2021
München_Hbf,570,16.93,2021-09-28,345.24064171123,0.0157894736842105,0.9696969696969696,1,2021
München_Hbf,570,18.44,2021-09-29,297.0318021201413,0.0070175438596491,0.9717314487632508,2,2021
München_Hbf,570,15.36,2021-09-30,380.9154929577465,0.0035087719298245,0.9647887323943662,3,2021
München_Hbf,12,20.08,2021-10-01,4310.0,0.0,0.9166666666666666,4,2021
München_Hbf,484,12.42,2022-05-01,222.71186440677965,0.024793388429752,0.9597457627118644,6,2022
München_Hbf,654,17.39,2022-05-02,292.2429906542056,0.018348623853211,0.9813084112149532,0,2022
München_Hbf,653,19.41,2022-05-03,294.0372670807453,0.0137825421133231,0.9580745341614908,1,2022
München_Hbf,653,19.33,2022-05-04,280.15822784810126,0.0321592649310872,0.9620253164556962,2,2022
München_Hbf,654,18.9,2022-05-05,288.88540031397173,0.0259938837920489,0.9748822605965464,3,2022
München_Hbf,662,13.23,2022-05-06,354.9443561208267,0.0498489425981873,0.9841017488076312,4,2022
München_Hbf,552,15.12,2022-05-07,458.84972170686456,0.0235507246376811,0.9703153988868276,5,2022
München_Hbf,546,16.66,2022-05-08,395.7735849056604,0.0293040293040293,0.9641509433962264,6,2022
München_Hbf,653,21.13,2022-05-09,412.992,0.0428790199081163,0.976,0,2022
München_Hbf,652,23.81,2022-05-10,590.6666666666666,0.0337423312883435,0.9825396825396824,1,2022
München_Hbf,650,26.82,2022-05-11,424.36708860759495,0.0276923076923076,0.9873417721518988,2,2022
München_Hbf,651,26.25,2022-05-12,391.125,0.0168970814132104,0.9921875,3,2022
München_Hbf,740,19.47,2022-05-13,780.337552742616,0.0391891891891891,0.9859353023909986,4,2022
München_Hbf,1311,22.71,2022-05-14,275.7862122385748,0.015255530129672,0.9899302865995352,5,2022
München_Hbf,1120,24.3,2022-05-15,305.65934065934067,0.025,0.9844322344322344,6,2022
München_Hbf,692,23.63,2022-05-16,411.689497716895,0.0505780346820809,0.9756468797564688,0,2022
München_Hbf,650,22.74,2022-05-17,310.72100313479626,0.0184615384615384,0.9796238244514106,1,2022
München_Hbf,650,23.98,2022-05-18,385.3918495297806,0.0184615384615384,0.9811912225705328,2,2022
München_Hbf,656,29.01,2022-05-19,481.9656786271451,0.0228658536585365,0.970358814352574,3,2022
München_Hbf,649,31.429998,2022-05-20,789.1558441558442,0.0508474576271186,0.9853896103896104,4,2022
München_Hbf,453,23.119999,2022-05-21,220.09153318077804,0.0353200883002207,0.9496567505720824,5,2022
München_Hbf,448,24.01,2022-05-22,253.63636363636363,0.0178571428571428,0.9545454545454546,6,2022
München_Hbf,558,25.359999,2022-05-23,282.6401446654611,0.0089605734767025,0.9710669077757684,0,2022
München_Hbf,556,15.15,2022-05-24,300.0,0.0305755395683453,0.9591836734693876,1,2022
München_Hbf,566,18.19,2022-05-25,315.23978685612786,0.0053003533568904,0.9644760213143873,2,2022
München_Hbf,458,20.92,2022-05-26,172.35164835164835,0.0065502183406113,0.9362637362637364,3,2022
München_Hbf,544,22.269999,2022-05-27,172.3475046210721,0.0055147058823529,0.9593345656192236,4,2022
München_Hbf,461,15.99,2022-05-28,201.58940397350997,0.0173535791757049,0.9403973509933776,5,2022
München_Hbf,458,14.139999,2022-05-29,265.2212389380531,0.0131004366812227,0.9380530973451328,6,2022
München_Hbf,563,17.31,2022-05-30,335.57142857142856,0.0053285968028419,0.9535714285714286,0,2022
München_Hbf,561,22.519999,2022-05-31,430.391061452514,0.0427807486631016,0.9869646182495344,1,2022
München_Hbf,561,22.64,2022-06-01,293.5869565217391,0.0160427807486631,0.9836956521739132,2,2022
München_Hbf,575,22.25,2022-06-02,309.34513274336285,0.017391304347826,0.9699115044247788,3,2022
München_Hbf,585,26.529999,2022-06-03,804.4791666666666,0.0153846153846153,0.9809027777777778,4,2022
München_Hbf,582,26.08,2022-06-04,425.05263157894734,0.0206185567010309,0.975438596491228,5,2022
München_Hbf,591,22.88,2022-06-05,364.8370497427101,0.0135363790186125,0.9656946826758148,6,2022
München_Hbf,620,24.3,2022-06-06,322.7552674230146,0.0048387096774193,0.9643435980551054,0,2022
München_Hbf,641,17.779999,2022-06-07,514.8635634028892,0.0280811232449297,0.9807383627608348,1,2022
München_Hbf,640,23.33,2022-06-08,608.256,0.0234375,0.976,2,2022
München_Hbf,641,16.51,2022-06-09,401.16719242902207,0.0109204368174727,0.9889589905362776,3,2022
München_Hbf,647,20.88,2022-06-10,531.2658227848101,0.0231839258114374,0.9794303797468354,4,2022
München_Hbf,489,24.75,2022-06-11,469.746835443038,0.0306748466257668,0.9535864978902954,5,2022
München_Hbf,478,28.039999,2022-06-12,430.362473347548,0.0188284518828451,0.9488272921108742,6,2022
München_Hbf,584,22.43,2022-06-13,364.4288224956063,0.0256849315068493,0.9666080843585236,0,2022
München_Hbf,583,23.4,2022-06-14,571.067615658363,0.0360205831903945,0.9804270462633452,1,2022
München_Hbf,585,28.34,2022-06-15,470.46632124352334,0.0102564102564102,0.9844559585492229,2,2022
München_Hbf,459,27.74,2022-06-16,496.89956331877727,0.0021786492374727,0.9694323144104804,3,2022
München_Hbf,563,25.859999,2022-06-17,419.6750902527076,0.0159857904085257,0.983754512635379,4,2022
München_Hbf,482,31.289999,2022-06-18,633.8961038961039,0.0414937759336099,0.9696969696969696,5,2022
München_Hbf,345,34.41,2022-06-19,574.8214285714286,0.0260869565217391,0.9642857142857144,6,2022
München_Hbf,585,29.88,2022-06-20,570.0556586270872,0.0786324786324786,0.9628942486085345,0,2022
München_Hbf,591,24.96,2022-06-21,410.9387755102041,0.170896785109983,0.9755102040816328,1,2022
München_Hbf,591,22.71,2022-06-22,402.9328621908127,0.0423011844331641,0.9770318021201412,2,2022
München_Hbf,593,27.97,2022-06-23,471.6842105263158,0.0387858347386172,0.9789473684210528,3,2022
München_Hbf,596,24.789999,2022-06-24,450.671256454389,0.0251677852348993,0.9690189328743546,4,2022
München_Hbf,495,24.55,2022-06-25,379.7912317327766,0.0323232323232323,0.964509394572025,5,2022
München_Hbf,458,28.18,2022-06-26,456.94444444444446,0.056768558951965,0.9537037037037036,6,2022
München_Hbf,556,29.789999,2022-06-27,553.1178707224335,0.0539568345323741,0.9771863117870724,0,2022
München_Hbf,552,21.34,2022-06-28,512.2058823529412,0.0144927536231884,0.9816176470588236,1,2022
München_Hbf,552,24.539999,2022-06-29,526.2222222222222,0.0217391304347826,0.975925925925926,2,2022
München_Hbf,553,28.529999,2022-06-30,451.0188679245283,0.0415913200723327,0.969811320754717,3,2022
München_Hbf,558,18.91,2022-07-01,612.1323529411765,0.025089605734767,0.9834558823529412,4,2022
München_Hbf,479,23.83,2022-07-02,433.5357917570499,0.0375782881002087,0.9522776572668112,5,2022
München_Hbf,499,30.07,2022-07-03,360.4907975460123,0.0200400801603206,0.9550102249488752,6,2022
München_Hbf,592,26.76,2022-07-04,362.0761245674741,0.0236486486486486,0.9619377162629758,0,2022
München_Hbf,589,25.779999,2022-07-05,420.9473684210527,0.032258064516129,0.980701754385965,1,2022
München_Hbf,589,24.939999,2022-07-06,313.6551724137931,0.0152801358234295,0.9810344827586208,2,2022
München_Hbf,592,18.9,2022-07-07,377.98977853492335,0.0084459459459459,0.9846678023850084,3,2022
München_Hbf,585,19.289999,2022-07-08,422.1951219512195,0.0188034188034188,0.9878048780487804,4,2022
München_Hbf,488,23.48,2022-07-09,511.727078891258,0.0389344262295082,0.953091684434968,5,2022
München_Hbf,482,20.289999,2022-07-10,279.7002141327623,0.0311203319502074,0.9464668094218416,6,2022
München_Hbf,579,21.25,2022-07-11,224.81802426343157,0.003454231433506,0.9618717504332756,0,2022
München_Hbf,576,24.75,2022-07-12,395.1063829787234,0.0208333333333333,0.9787234042553192,1,2022
München_Hbf,578,29.84,2022-07-13,295.89473684210526,0.0138408304498269,0.9771929824561404,2,2022
München_Hbf,615,33.02,2022-07-14,496.9312169312169,0.0780487804878048,0.9770723104056436,3,2022
München_Hbf,617,25.699999,2022-07-15,451.8232044198895,0.119935170178282,0.9723756906077348,4,2022
München_Hbf,525,25.97,2022-07-16,471.055900621118,0.08,0.9627329192546584,5,2022
München_Hbf,518,27.38,2022-07-17,406.67976424361495,0.0173745173745173,0.9410609037328096,6,2022
München_Hbf,608,29.89,2022-07-18,362.6043405676127,0.0148026315789473,0.9649415692821368,0,2022
München_Hbf,605,32.43,2022-07-19,493.1409168081494,0.0264462809917355,0.969439728353141,1,2022
München_Hbf,605,35.77,2022-07-20,536.1658031088083,0.0429752066115702,0.9723661485319516,2,2022
München_Hbf,608,24.029999,2022-07-21,477.7664974619289,0.0279605263157894,0.976311336717428,3,2022
München_Hbf,611,31.5,2022-07-22,420.4102564102564,0.0425531914893617,0.976068376068376,4,2022
München_Hbf,518,25.93,2022-07-23,442.4847250509165,0.0521235521235521,0.940936863543788,5,2022
München_Hbf,516,30.24,2022-07-24,296.7469879518072,0.0348837209302325,0.9497991967871486,6,2022
München_Hbf,598,34.89,2022-07-25,693.8898756660745,0.0585284280936454,0.9804618117229128,0,2022
München_Hbf,595,22.89,2022-07-26,573.9084507042254,0.0453781512605042,0.9806338028169014,1,2022
München_Hbf,595,24.91,2022-07-27,547.9518072289156,0.0235294117647058,0.982788296041308,2,2022
München_Hbf,608,27.279999,2022-07-28,453.7248322147651,0.0197368421052631,0.988255033557047,3,2022
München_Hbf,609,27.01,2022-07-29,608.8851913477538,0.0131362889983579,0.9900166389351082,4,2022
München_Hbf,480,25.14,2022-07-30,494.2918454935622,0.0291666666666666,0.9592274678111588,5,2022
München_Hbf,484,27.31,2022-07-31,468.7089715536105,0.0557851239669421,0.9562363238512036,6,2022
München_Hbf,612,28.31,2022-08-01,968.755364806867,0.238562091503268,0.9935622317596566,0,2022
München_Hbf,619,28.16,2022-08-02,520.9605488850772,0.0581583198707592,0.9931389365351628,1,2022
München_Hbf,621,31.75,2022-08-03,548.7707641196014,0.0305958132045088,0.9767441860465116,2,2022
München_Hbf,624,33.69,2022-08-04,653.9016393442623,0.0224358974358974,0.9901639344262296,3,2022
München_Hbf,633,30.89,2022-08-05,505.03246753246754,0.0268562401263823,0.9853896103896104,4,2022
München_Hbf,533,19.449999,2022-08-06,518.3720930232558,0.0318949343339587,0.9883720930232558,5,2022
München_Hbf,530,23.14,2022-08-07,376.9767441860465,0.0264150943396226,0.9767441860465116,6,2022
München_Hbf,626,25.3,2022-08-08,458.2707993474714,0.0207667731629392,0.9787928221859706,0,2022
München_Hbf,621,26.17,2022-08-09,432.4832214765101,0.0402576489533011,0.971476510067114,1,2022
München_Hbf,621,26.17,2022-08-10,511.7647058823529,0.0418679549114331,0.9714285714285714,2,2022
München_Hbf,624,27.13,2022-08-11,831.5183246073299,0.0817307692307692,0.9808027923211168,3,2022
München_Hbf,626,25.359999,2022-08-12,598.8330632090762,0.0143769968051118,0.9805510534846028,4,2022
München_Hbf,521,25.949999,2022-08-13,434.0551181102362,0.0249520153550863,0.968503937007874,5,2022
München_Hbf,521,30.05,2022-08-14,523.8188976377953,0.0249520153550863,0.9468503937007874,6,2022
München_Hbf,522,27.31,2022-08-15,412.0866141732283,0.0268199233716475,0.9586614173228346,0,2022
München_Hbf,620,29.269999,2022-08-16,458.2847341337907,0.0596774193548387,0.9794168096054888,1,2022
München_Hbf,621,31.539999,2022-08-17,382.9787234042553,0.0161030595813204,0.9803600654664484,2,2022
München_Hbf,624,25.82,2022-08-18,407.15686274509807,0.0192307692307692,0.9820261437908496,3,2022
München_Hbf,628,21.65,2022-08-19,476.9357495881384,0.0334394904458598,0.9802306425041186,4,2022
München_Hbf,525,20.279999,2022-08-20,650.5,0.0857142857142857,0.9854166666666668,5,2022
München_Hbf,519,24.51,2022-08-21,421.6766467065869,0.0346820809248554,0.9640718562874252,6,2022
München_Hbf,620,24.15,2022-08-22,412.48764415156506,0.0209677419354838,0.9769357495881384,0,2022
München_Hbf,623,25.26,2022-08-23,401.1822660098522,0.0224719101123595,0.9770114942528736,1,2022
München_Hbf,623,25.76,2022-08-24,388.7296416938111,0.0144462279293739,0.988599348534202,2,2022
München_Hbf,624,27.9,2022-08-25,532.0792079207921,0.0288461538461538,0.9884488448844884,3,2022
München_Hbf,725,28.349998,2022-08-26,456.6145092460882,0.0303448275862068,0.9900426742532006,4,2022
München_Hbf,1347,24.06,2022-08-27,181.1252813203301,0.0103934669636228,0.986496624156039,5,2022
München_Hbf,1152,20.779999,2022-08-28,229.6406660823839,0.0095486111111111,0.9842243645924628,6,2022
München_Hbf,667,24.97,2022-08-29,425.8695652173913,0.0344827586206896,0.9829192546583853,0,2022
München_Hbf,623,26.33,2022-08-30,505.1256281407035,0.0417335473515248,0.9782244556113904,1,2022
München_Hbf,623,18.83,2022-08-31,525.4455445544554,0.0272873194221508,0.9834983498349836,2,2022
München_Hbf,621,21.02,2022-09-01,299.6065573770492,0.0177133655394524,0.978688524590164,3,2022
München_Hbf,625,21.56,2022-09-02,484.7603305785124,0.032,0.9785123966942147,4,2022
München_Hbf,444,23.43,2022-09-03,342.3041474654378,0.0225225225225225,0.9516129032258064,5,2022
München_Hbf,435,24.84,2022-09-04,494.3942992874109,0.032183908045977,0.9619952494061758,6,2022
München_Hbf,472,26.63,2022-09-05,496.4578833693304,0.0190677966101694,0.9870410367170628,0,2022
München_Hbf,470,27.269999,2022-09-06,540.8,0.0425531914893617,0.9888888888888888,1,2022
München_Hbf,472,27.199999,2022-09-07,524.6017699115044,0.0423728813559322,0.9734513274336284,2,2022
München_Hbf,488,21.97,2022-09-08,437.3221757322176,0.0204918032786885,0.9790794979079498,3,2022
München_Hbf,492,18.55,2022-09-09,519.4572025052192,0.0264227642276422,0.9812108559498957,4,2022
München_Hbf,441,18.609999,2022-09-10,332.1779859484777,0.0317460317460317,0.9648711943793912,5,2022
München_Hbf,429,18.1,2022-09-11,500.3911980440098,0.0466200466200466,0.9755501222493888,6,2022
München_Hbf,623,22.02,2022-09-12,331.0482529118136,0.0353130016051364,0.9816971713810316,0,2022
München_Hbf,638,26.34,2022-09-13,367.9935794542536,0.0235109717868338,0.9695024077046548,1,2022
München_Hbf,636,25.96,2022-09-14,465.7971014492754,0.0235849056603773,0.9887278582930756,2,2022
München_Hbf,636,21.47,2022-09-15,486.3809523809524,0.0094339622641509,0.9873015873015872,3,2022
München_Hbf,638,14.74,2022-09-16,425.2547770700637,0.0156739811912225,0.9792993630573248,4,2022
München_Hbf,555,11.469999,2022-09-17,279.010989010989,0.0162162162162162,0.9597069597069596,5,2022
München_Hbf,545,11.87,2022-09-18,355.1685393258427,0.0201834862385321,0.9662921348314608,6,2022
München_Hbf,638,13.17,2022-09-19,483.7802907915993,0.0297805642633228,0.9789983844911146,0,2022
München_Hbf,638,13.57,2022-09-20,486.624,0.0203761755485893,0.9872,1,2022
München_Hbf,638,15.03,2022-09-21,482.1256038647343,0.0266457680250783,0.9919484702093396,2,2022
München_Hbf,638,15.809999,2022-09-22,497.3225806451613,0.0282131661442006,0.9806451612903224,3,2022
München_Hbf,644,18.44,2022-09-23,829.7394136807818,0.046583850931677,0.978827361563518,4,2022
München_Hbf,560,15.17,2022-09-24,349.4248608534323,0.0375,0.9628942486085345,5,2022
München_Hbf,549,15.48,2022-09-25,370.6741573033708,0.0273224043715847,0.9644194756554308,6,2022
München_Hbf,635,15.32,2022-09-26,381.1821086261981,0.0141732283464566,0.9808306709265175,0,2022
München_Hbf,635,11.59,2022-09-27,334.4230769230769,0.0173228346456692,0.9839743589743588,1,2022
München_Hbf,635,9.719999,2022-09-28,382.5239616613418,0.0141732283464566,0.9840255591054312,2,2022
München_Hbf,635,10.01,2022-09-29,478.8311688311688,0.0299212598425196,0.9772727272727272,3,2022
München_Hbf,640,13.03,2022-09-30,532.1739130434783,0.0296875,0.9822866344605476,4,2022
München_Hbf,11,12.49,2022-10-01,643.6363636363636,0.0,0.9090909090909092,5,2022
Stuttgart_Hbf,1160,21.63,2021-09-01,151.9126637554585,0.0129310344827586,0.9903930131004368,2,2021
Stuttgart_Hbf,1168,23.32,2021-09-02,113.38842975206612,0.3784246575342466,0.975206611570248,3,2021
Stuttgart_Hbf,1186,24.9,2021-09-03,123.38842975206612,0.387858347386172,0.9696969696969696,4,2021
Stuttgart_Hbf,1170,25.4,2021-09-04,92.99065420560748,0.4512820512820513,0.9626168224299064,5,2021
Stuttgart_Hbf,1097,26.039999,2021-09-05,147.62088974854933,0.528714676390155,0.9497098646034816,6,2021
Stuttgart_Hbf,1245,26.189999,2021-09-06,131.91666666666666,0.4216867469879518,0.9819444444444444,0,2021
Stuttgart_Hbf,1240,25.51,2021-09-07,180.09756097560975,0.0080645161290322,0.9910569105691056,1,2021
Stuttgart_Hbf,1240,26.859999,2021-09-08,320.8395061728395,0.0201612903225806,0.9851851851851852,2,2021
Stuttgart_Hbf,1241,27.26,2021-09-09,260.83892617449663,0.0394842868654311,0.9924496644295302,3,2021
Stuttgart_Hbf,1266,24.49,2021-09-10,217.3612228479485,0.0181674565560821,0.99195494770716,4,2021
Stuttgart_Hbf,1179,22.4,2021-09-11,165.12864493996568,0.0110262934690415,0.9879931389365352,5,2021
Stuttgart_Hbf,1112,23.189999,2021-09-12,187.6433121019108,0.0116906474820143,0.986351228389445,6,2021
Stuttgart_Hbf,1025,25.15,2021-09-13,340.5811623246493,0.0263414634146341,0.995991983967936,0,2021
Stuttgart_Hbf,967,26.47,2021-09-14,303.88123011664896,0.0248190279214064,0.9904559915164368,1,2021
Stuttgart_Hbf,967,22.07,2021-09-15,394.3501611170784,0.0372285418821096,0.9892588614393124,2,2021
Stuttgart_Hbf,968,17.93,2021-09-16,292.6271186440678,0.024793388429752,0.9925847457627118,3,2021
Stuttgart_Hbf,977,20.15,2021-09-17,249.45077720207252,0.0122824974411463,0.9906735751295336,4,2021
Stuttgart_Hbf,832,21.49,2021-09-18,175.66176470588235,0.0192307692307692,0.9865196078431372,5,2021
Stuttgart_Hbf,760,19.47,2021-09-19,287.0833333333333,0.0526315789473684,0.9888888888888888,6,2021
Stuttgart_Hbf,1026,17.09,2021-09-20,321.8181818181818,0.0350877192982456,0.990909090909091,0,2021
Stuttgart_Hbf,968,16.539999,2021-09-21,241.24610591900316,0.0051652892561983,0.9906542056074766,1,2021
Stuttgart_Hbf,968,18.38,2021-09-22,294.2099681866384,0.0258264462809917,0.9957582184517496,2,2021
Stuttgart_Hbf,969,22.64,2021-09-23,273.0471204188482,0.0144478844169246,0.9926701570680628,3,2021
Stuttgart_Hbf,978,22.72,2021-09-24,260.76446280991735,0.0102249488752556,0.9907024793388428,4,2021
Stuttgart_Hbf,819,25.269999,2021-09-25,212.08226221079693,0.05006105006105,0.988431876606684,5,2021
Stuttgart_Hbf,750,22.609999,2021-09-26,205.3351206434316,0.0053333333333333,0.9812332439678284,6,2021
Stuttgart_Hbf,973,22.38,2021-09-27,255.7142857142857,0.0071942446043165,0.9917184265010353,0,2021
Stuttgart_Hbf,968,17.279999,2021-09-28,394.984126984127,0.0237603305785123,0.9925925925925926,1,2021
Stuttgart_Hbf,968,19.4,2021-09-29,291.55370177267986,0.009297520661157,0.9927007299270072,2,2021
Stuttgart_Hbf,969,15.78,2021-09-30,438.2881002087682,0.0113519091847265,0.9947807933194156,3,2021
Stuttgart_Hbf,6,21.67,2021-10-01,140.0,0.0,1.0,4,2021
Stuttgart_Hbf,569,15.969999,2022-05-01,316.989247311828,0.0193321616871704,0.9767025089605734,6,2022
Stuttgart_Hbf,992,18.869999,2022-05-02,292.0288362512873,0.0211693548387096,0.991761071060762,0,2022
Stuttgart_Hbf,988,20.699999,2022-05-03,378.0131004366812,0.0728744939271255,0.99235807860262,1,2022
Stuttgart_Hbf,988,19.85,2022-05-04,342.2107438016529,0.020242914979757,0.9948347107438016,2,2022
Stuttgart_Hbf,989,15.37,2022-05-05,334.8466257668712,0.0111223458038422,0.994887525562372,3,2022
Stuttgart_Hbf,995,17.94,2022-05-06,307.34567901234567,0.0231155778894472,0.9948559670781894,4,2022
Stuttgart_Hbf,846,20.84,2022-05-07,434.5149700598802,0.0130023640661938,0.9892215568862276,5,2022
Stuttgart_Hbf,804,20.9,2022-05-08,354.8593350383632,0.0273631840796019,0.9859335038363172,6,2022
Stuttgart_Hbf,991,23.359999,2022-05-09,324.79338842975204,0.0232088799192734,0.9927685950413224,0,2022
Stuttgart_Hbf,986,25.279999,2022-05-10,421.8518518518519,0.0141987829614604,0.9907407407407408,1,2022
Stuttgart_Hbf,988,28.31,2022-05-11,403.31616889804326,0.0172064777327935,0.9938208032955717,2,2022
Stuttgart_Hbf,988,23.98,2022-05-12,373.44295991778006,0.0151821862348178,0.9897225077081192,3,2022
Stuttgart_Hbf,977,21.89,2022-05-13,685.0418410041841,0.0214943705220061,0.99163179916318,4,2022
Stuttgart_Hbf,827,23.22,2022-05-14,434.1,0.0326481257557436,0.98625,5,2022
Stuttgart_Hbf,847,26.4,2022-05-15,410.55690072639226,0.024793388429752,0.9903147699757868,6,2022
Stuttgart_Hbf,1027,24.09,2022-05-16,318.94105894105894,0.0253164556962025,0.991008991008991,0,2022
Stuttgart_Hbf,966,25.039999,2022-05-17,313.8509968520462,0.0134575569358178,0.987408184679958,1,2022
Stuttgart_Hbf,967,27.51,2022-05-18,400.12539184952976,0.0103412616339193,0.994775339602926,2,2022
Stuttgart_Hbf,933,30.39,2022-05-19,451.4191419141914,0.0257234726688102,0.9922992299229924,3,2022
Stuttgart_Hbf,933,30.929998,2022-05-20,485.4125412541254,0.0257234726688102,0.9922992299229924,4,2022
Stuttgart_Hbf,759,21.52,2022-05-21,244.9402390438247,0.0079051383399209,0.9734395750332006,5,2022
Stuttgart_Hbf,706,24.15,2022-05-22,221.14285714285717,0.0084985835694051,0.97,6,2022
Stuttgart_Hbf,982,23.289999,2022-05-23,347.10280373831773,0.0193482688391038,0.9896157840083074,0,2022
Stuttgart_Hbf,928,19.82,2022-05-24,410.2417582417583,0.0193965517241379,0.989010989010989,1,2022
Stuttgart_Hbf,932,21.199999,2022-05-25,343.5824175824176,0.0236051502145922,0.9945054945054944,2,2022
Stuttgart_Hbf,718,20.05,2022-05-26,236.2339514978602,0.0236768802228412,0.9771754636233952,3,2022
Stuttgart_Hbf,784,19.64,2022-05-27,266.8911917098446,0.0153061224489795,0.9753886010362696,4,2022
Stuttgart_Hbf,537,17.74,2022-05-28,216.30057803468208,0.0335195530726257,0.9460500963391136,5,2022
Stuttgart_Hbf,512,14.37,2022-05-29,218.8376753507014,0.025390625,0.939879759519038,6,2022
Stuttgart_Hbf,696,18.43,2022-05-30,392.98662704309066,0.0330459770114942,0.976225854383358,0,2022
Stuttgart_Hbf,658,21.47,2022-05-31,295.5070202808112,0.0258358662613981,0.9765990639625584,1,2022
Stuttgart_Hbf,656,23.09,2022-06-01,360.1892744479495,0.0335365853658536,0.9763406940063092,2,2022
Stuttgart_Hbf,658,22.619999,2022-06-02,331.3207547169811,0.033434650455927,0.9827044025157232,3,2022
Stuttgart_Hbf,671,26.46,2022-06-03,510.0920245398773,0.0283159463487332,0.9846625766871164,4,2022
Stuttgart_Hbf,580,24.41,2022-06-04,409.443447037702,0.0396551724137931,0.9640933572710952,5,2022
Stuttgart_Hbf,513,23.33,2022-06-05,293.0952380952381,0.0175438596491228,0.9603174603174603,6,2022
Stuttgart_Hbf,526,23.439999,2022-06-06,238.25918762088972,0.0171102661596958,0.95357833655706,0,2022
Stuttgart_Hbf,663,22.73,2022-06-07,366.5740740740741,0.0226244343891402,0.9753086419753086,1,2022
Stuttgart_Hbf,658,22.99,2022-06-08,409.9065420560748,0.0243161094224924,0.968847352024922,2,2022
Stuttgart_Hbf,657,20.65,2022-06-09,297.2093023255814,0.0182648401826484,0.9674418604651164,3,2022
Stuttgart_Hbf,661,24.449999,2022-06-10,497.9076923076923,0.0166414523449319,0.9646153846153848,4,2022
Stuttgart_Hbf,751,27.07,2022-06-11,403.5405405405405,0.014647137150466,0.9783783783783784,5,2022
Stuttgart_Hbf,708,28.51,2022-06-12,378.3690987124464,0.0127118644067796,0.9799713876967096,6,2022
Stuttgart_Hbf,880,22.99,2022-06-13,315.0522648083624,0.021590909090909,0.9721254355400696,0,2022
Stuttgart_Hbf,873,25.67,2022-06-14,467.7159763313609,0.0320733104238258,0.9763313609467456,1,2022
Stuttgart_Hbf,878,30.119999,2022-06-15,609.820788530466,0.0466970387243735,0.980884109916368,2,2022
Stuttgart_Hbf,725,28.22,2022-06-16,383.3001422475107,0.0303448275862068,0.9758179231863442,3,2022
Stuttgart_Hbf,946,28.65,2022-06-17,478.62295081967216,0.0327695560253699,0.9836065573770492,4,2022
Stuttgart_Hbf,822,34.059998,2022-06-18,492.9265255292652,0.0231143552311435,0.9825653798256538,5,2022
Stuttgart_Hbf,607,35.6,2022-06-19,592.4865831842576,0.0790774299835255,0.9874776386404294,6,2022
Stuttgart_Hbf,1042,26.34,2022-06-20,512.4074074074074,0.0671785028790787,0.9938271604938272,0,2022
Stuttgart_Hbf,984,27.619999,2022-06-21,501.1578947368421,0.0345528455284552,0.9936842105263158,1,2022
Stuttgart_Hbf,983,22.32,2022-06-22,341.40932642487047,0.0183112919633774,0.9968911917098444,2,2022
Stuttgart_Hbf,985,30.06,2022-06-23,416.7515923566879,0.0436548223350253,0.9957537154989384,3,2022
Stuttgart_Hbf,992,25.31,2022-06-24,492.0982599795292,0.0151209677419354,0.9959058341862844,4,2022
Stuttgart_Hbf,854,27.01,2022-06-25,363.9473684210527,0.0210772833723653,0.9952153110047848,5,2022
Stuttgart_Hbf,788,27.779999,2022-06-26,367.9377431906615,0.0215736040609137,0.9883268482490272,6,2022
Stuttgart_Hbf,1043,21.57,2022-06-27,420.1201201201201,0.0421860019175455,0.993993993993994,0,2022
Stuttgart_Hbf,983,24.41,2022-06-28,393.096976016684,0.0244150559511698,0.9916579770594368,1,2022
Stuttgart_Hbf,982,27.359999,2022-06-29,421.8200836820084,0.0264765784114052,0.9937238493723848,2,2022
Stuttgart_Hbf,984,30.66,2022-06-30,480.44025157232704,0.0304878048780487,0.9916142557651992,3,2022
Stuttgart_Hbf,993,20.01,2022-07-01,482.2881355932203,0.0493454179254783,0.996822033898305,4,2022
Stuttgart_Hbf,853,25.529999,2022-07-02,416.77261613691934,0.041031652989449,0.991442542787286,5,2022
Stuttgart_Hbf,809,29.14,2022-07-03,402.8900255754476,0.0333745364647713,0.9910485933503836,6,2022
Stuttgart_Hbf,1043,26.17,2022-07-04,483.67722165474976,0.0613614573346116,0.9938712972420838,0,2022
Stuttgart_Hbf,983,26.869999,2022-07-05,461.6261879619853,0.0366225839267548,0.9904963041182682,1,2022
Stuttgart_Hbf,982,23.17,2022-07-06,330.94736842105266,0.0325865580448065,0.988421052631579,2,2022
Stuttgart_Hbf,984,20.26,2022-07-07,385.6223175965665,0.0528455284552845,0.992489270386266,3,2022
Stuttgart_Hbf,990,22.41,2022-07-08,457.6595744680851,0.0505050505050505,0.9914893617021276,4,2022
Stuttgart_Hbf,830,25.619999,2022-07-09,608.4261501210653,0.5024096385542168,0.9951573849878934,5,2022
Stuttgart_Hbf,787,20.789999,2022-07-10,513.3783783783783,0.4358322744599746,0.9774774774774776,6,2022
Stuttgart_Hbf,989,24.1,2022-07-11,290.1544401544402,0.4762386248736097,0.9884169884169884,0,2022
Stuttgart_Hbf,985,26.99,2022-07-12,423.265306122449,0.4030456852791878,0.9829931972789115,1,2022
Stuttgart_Hbf,983,31.63,2022-07-13,312.69406392694066,0.3316378433367243,0.9878234398782344,2,2022
Stuttgart_Hbf,985,33.28,2022-07-14,538.7772925764192,0.3025380710659898,0.9912663755458516,3,2022
Stuttgart_Hbf,968,25.56,2022-07-15,464.2899408284024,0.3016528925619834,0.9955621301775148,4,2022
Stuttgart_Hbf,836,25.82,2022-07-16,317.2425249169435,0.2799043062200957,0.9867109634551496,5,2022
Stuttgart_Hbf,795,28.71,2022-07-17,402.90050590219226,0.2540880503144654,0.96964586846543,6,2022
Stuttgart_Hbf,966,32.719997,2022-07-18,369.54154727793696,0.2774327122153209,0.9899713467048712,0,2022
Stuttgart_Hbf,970,35.52,2022-07-19,477.6790830945559,0.2804123711340206,0.9928366762177652,1,2022
Stuttgart_Hbf,897,34.809998,2022-07-20,552.1186440677966,0.2107023411371237,0.9915254237288136,2,2022
Stuttgart_Hbf,899,27.93,2022-07-21,427.5104311543811,0.200222469410456,0.9874826147426982,3,2022
Stuttgart_Hbf,904,31.65,2022-07-22,459.2,0.1703539823008849,0.9893333333333332,4,2022
Stuttgart_Hbf,783,28.99,2022-07-23,428.2789317507418,0.1392081736909323,0.9821958456973294,5,2022
Stuttgart_Hbf,744,31.58,2022-07-24,348.7211093990755,0.1276881720430107,0.9815100154083204,6,2022
Stuttgart_Hbf,957,34.98,2022-07-25,577.1662763466043,0.1076280041797283,0.9929742388758782,0,2022
Stuttgart_Hbf,899,26.369999,2022-07-26,478.840206185567,0.1368186874304783,0.9948453608247424,1,2022
Stuttgart_Hbf,898,24.97,2022-07-27,417.7149877149877,0.0935412026726058,0.9889434889434888,2,2022
Stuttgart_Hbf,900,29.33,2022-07-28,449.9632802937576,0.0922222222222222,0.9938800489596084,3,2022
Stuttgart_Hbf,918,27.189999,2022-07-29,432.6353790613719,0.0947712418300653,0.98676293622142,4,2022
Stuttgart_Hbf,1282,28.439999,2022-07-30,374.24701195219126,0.0210608424336973,0.994422310756972,5,2022
Stuttgart_Hbf,1229,31.039999,2022-07-31,321.3670886075949,0.0358014646053702,0.9864978902953586,6,2022
Stuttgart_Hbf,1359,28.65,2022-08-01,337.93313069908817,0.0316409124356144,0.9924012158054712,0,2022
Stuttgart_Hbf,1356,29.789999,2022-08-02,314.2619227857684,0.025811209439528,0.991672975018925,1,2022
Stuttgart_Hbf,1358,33.96,2022-08-03,392.9635258358663,0.0309278350515463,0.993920972644377,2,2022
Stuttgart_Hbf,1360,36.489998,2022-08-04,363.5026535253981,0.0301470588235294,0.9916603487490524,3,2022
Stuttgart_Hbf,1376,31.949999,2022-08-05,281.25,0.0116279069767441,0.9955882352941176,4,2022
Stuttgart_Hbf,1307,25.49,2022-08-06,278.7627251370399,0.0229533282325937,0.9874706342991386,5,2022
Stuttgart_Hbf,1259,27.689999,2022-08-07,233.93258426966293,0.0103256552819698,0.9871589085072232,6,2022
Stuttgart_Hbf,1361,29.5,2022-08-08,302.4161073825503,0.014695077149155,0.9970171513795676,0,2022
Stuttgart_Hbf,1359,30.15,2022-08-09,293.0264150943396,0.025018395879323,0.9969811320754716,1,2022
Stuttgart_Hbf,1358,29.46,2022-08-10,325.3899613899614,0.0463917525773195,0.996138996138996,2,2022
Stuttgart_Hbf,1360,30.019999,2022-08-11,344.7994056463596,0.0102941176470588,0.9955423476968795,3,2022
Stuttgart_Hbf,1376,29.22,2022-08-12,290.64421669106883,0.0072674418604651,0.9970717423133236,4,2022
Stuttgart_Hbf,1306,29.66,2022-08-13,194.757131842714,0.0068912710566615,0.9946029298380878,5,2022
Stuttgart_Hbf,1250,31.8,2022-08-14,170.58053965658218,0.0216,0.9869174161896974,6,2022
Stuttgart_Hbf,1358,27.96,2022-08-15,287.1752265861027,0.0250368188512518,0.9969788519637462,0,2022
Stuttgart_Hbf,1361,29.189999,2022-08-16,346.5168539325843,0.0191036002939015,0.994007490636704,1,2022
Stuttgart_Hbf,1358,27.46,2022-08-17,248.3890577507599,0.0309278350515463,0.9969604863221884,2,2022
Stuttgart_Hbf,1360,26.769999,2022-08-18,460.2661596958175,0.2264705882352941,0.9904942965779469,3,2022
Stuttgart_Hbf,1376,24.35,2022-08-19,366.0,0.2151162790697674,0.9879629629629628,4,2022
Stuttgart_Hbf,1323,25.71,2022-08-20,250.11596788581625,0.1526832955404383,0.9910793933987512,5,2022
Stuttgart_Hbf,1261,27.449999,2022-08-21,192.2586691658857,0.1538461538461538,0.9775070290534208,6,2022
Stuttgart_Hbf,1370,28.65,2022-08-22,280.8200836820084,0.1277372262773722,0.994142259414226,0,2022
Stuttgart_Hbf,1367,29.89,2022-08-23,314.5300592718036,0.1360643745427944,0.9881456392887384,1,2022
Stuttgart_Hbf,1367,30.4,2022-08-24,239.85,0.1221653255303584,0.9908333333333332,2,2022
Stuttgart_Hbf,1364,30.529999,2022-08-25,320.23489932885906,0.126099706744868,0.9958053691275168,3,2022
Stuttgart_Hbf,1269,30.72,2022-08-26,410.0163934426229,0.0386130811662726,0.99672131147541,4,2022
Stuttgart_Hbf,1186,21.41,2022-08-27,216.05172413793105,0.0219224283305227,0.988793103448276,5,2022
Stuttgart_Hbf,1133,25.24,2022-08-28,221.14285714285717,0.0114739629302736,0.9866071428571428,6,2022
Stuttgart_Hbf,1258,27.449999,2022-08-29,252.44732576985413,0.0190779014308426,0.9910858995137763,0,2022
Stuttgart_Hbf,1193,28.939999,2022-08-30,266.3651877133106,0.0176026823134953,0.9837883959044368,1,2022
Stuttgart_Hbf,1252,23.029999,2022-08-31,287.8930307941653,0.0143769968051118,0.9910858995137763,2,2022
Stuttgart_Hbf,1250,23.68,2022-09-01,152.2481869460113,0.0072,0.983883964544722,3,2022
Stuttgart_Hbf,1266,24.59,2022-09-02,235.52311435523117,0.0260663507109004,0.9910786699107867,4,2022
Stuttgart_Hbf,1179,22.48,2022-09-03,159.14602903501282,0.006785411365564,0.981212638770282,5,2022
Stuttgart_Hbf,1116,26.47,2022-09-04,230.78181818181815,0.014336917562724,0.9781818181818182,6,2022
Stuttgart_Hbf,1237,29.609999,2022-09-05,219.3718166383701,0.0476960388035569,0.9830220713073003,0,2022
Stuttgart_Hbf,1235,28.59,2022-09-06,202.28995057660623,0.0170040485829959,0.9868204283360792,1,2022
Stuttgart_Hbf,1235,28.07,2022-09-07,223.29795918367347,0.0080971659919028,0.9885714285714284,2,2022
Stuttgart_Hbf,1236,22.699999,2022-09-08,246.010101010101,0.0388349514563106,0.98989898989899,3,2022
Stuttgart_Hbf,1252,22.529999,2022-09-09,216.0096930533118,0.011182108626198,0.994345718901454,4,2022
Stuttgart_Hbf,1171,19.189999,2022-09-10,153.80500431406384,0.0102476515798462,0.9836065573770492,5,2022
Stuttgart_Hbf,1122,21.439999,2022-09-11,265.1542649727768,0.017825311942959,0.9727767695099818,6,2022
Stuttgart_Hbf,1014,25.199999,2022-09-12,368.641975308642,0.0414201183431952,0.9917695473251028,0,2022
Stuttgart_Hbf,956,27.71,2022-09-13,483.7540453074434,0.0303347280334728,0.9913700107874864,1,2022
Stuttgart_Hbf,955,25.859999,2022-09-14,413.81310418904405,0.025130890052356,0.9924812030075189,2,2022
Stuttgart_Hbf,955,18.39,2022-09-15,391.5254237288136,0.0115183246073298,0.9936440677966102,3,2022
Stuttgart_Hbf,964,16.52,2022-09-16,361.8569903948773,0.0280082987551867,0.992529348986126,4,2022
Stuttgart_Hbf,824,13.73,2022-09-17,228.54679802955664,0.0145631067961165,0.9926108374384236,5,2022
Stuttgart_Hbf,786,14.53,2022-09-18,284.5136186770428,0.0190839694656488,0.9909208819714656,6,2022
Stuttgart_Hbf,1014,14.9,2022-09-19,324.33399602385686,0.0078895463510848,0.9970178926441352,0,2022
Stuttgart_Hbf,954,15.37,2022-09-20,358.95712630359213,0.0953878406708595,0.9907300115874856,1,2022
Stuttgart_Hbf,953,16.73,2022-09-21,355.21311475409834,0.0398740818467995,0.9923497267759562,2,2022
Stuttgart_Hbf,955,18.07,2022-09-22,386.1736334405145,0.0230366492146596,0.9914255091103966,3,2022
Stuttgart_Hbf,957,18.97,2022-09-23,376.0929250263992,0.0104493207941483,0.9904963041182682,4,2022
Stuttgart_Hbf,813,16.05,2022-09-24,263.3707865168539,0.014760147601476,0.9900124843945068,5,2022
Stuttgart_Hbf,773,15.36,2022-09-25,248.63874345549735,0.0116429495472186,0.9842931937172776,6,2022
Stuttgart_Hbf,955,16.529999,2022-09-26,304.5016077170418,0.0230366492146596,0.9957127545551984,0,2022
Stuttgart_Hbf,948,11.62,2022-09-27,328.3368869936034,0.010548523206751,0.9936034115138592,1,2022
Stuttgart_Hbf,947,12.67,2022-09-28,391.572192513369,0.0126715945089757,0.9946524064171124,2,2022
Stuttgart_Hbf,948,13.63,2022-09-29,355.88865096359746,0.0147679324894514,0.994646680942184,3,2022
Stuttgart_Hbf,957,16.01,2022-09-30,396.68094218415416,0.0240334378265412,0.994646680942184,4,2022
Stuttgart_Hbf,10,14.929999,2022-10-01,978.0,0.0,1.0,5,2022
