city,n_trains,tx,day,mean_delay,fraction_cancelled,fraction_delayed,weekday,year
Berlin_Hbf,499,15.32,2022-05-01,222.2085889570552,0.0200400801603206,0.967280163599182,6,2022
Berlin_Hbf,476,19.08,2022-05-02,245.74468085106383,0.0126050420168067,0.9723404255319148,0,2022
Berlin_Hbf,475,18.539999,2022-05-03,264.6908315565032,0.0126315789473684,0.9701492537313432,1,2022
Berlin_Hbf,492,19.35,2022-05-04,251.9496855345912,0.0304878048780487,0.9832285115303984,2,2022
Berlin_Hbf,496,18.44,2022-05-05,310.23454157782515,0.0544354838709677,0.9744136460554372,3,2022
Berlin_Hbf,506,19.869999,2022-05-06,379.83967935871743,0.0138339920948616,0.9799599198396792,4,2022
Berlin_Hbf,494,22.42,2022-05-07,322.16326530612247,0.0080971659919028,0.9877551020408164,5,2022
Berlin_Hbf,511,19.869999,2022-05-08,257.5841584158416,0.0117416829745596,0.9742574257425742,6,2022
Berlin_Hbf,479,21.47,2022-05-09,279.9147121535181,0.0208768267223382,0.9872068230277186,0,2022
Berlin_Hbf,511,26.47,2022-05-10,342.685370741483,0.0234833659491193,0.9759519038076152,1,2022
Berlin_Hbf,519,28.3,2022-05-11,420.3550295857988,0.0231213872832369,0.9743589743589745,2,2022
Berlin_Hbf,523,19.47,2022-05-12,493.5408560311284,0.017208413001912,0.990272373540856,3,2022
Berlin_Hbf,540,18.83,2022-05-13,376.1363636363636,0.0222222222222222,0.9753787878787878,4,2022
Berlin_Hbf,504,19.98,2022-05-14,361.9433198380567,0.0198412698412698,0.9696356275303644,5,2022
Berlin_Hbf,520,21.83,2022-05-15,315.88235294117646,0.0192307692307692,0.9666666666666668,6,2022
Berlin_Hbf,489,25.51,2022-05-16,458.6974789915967,0.0265848670756646,0.9852941176470588,0,2022
Berlin_Hbf,490,21.689999,2022-05-17,318.5200845665962,0.0346938775510204,0.970401691331924,1,2022
Berlin_Hbf,498,24.73,2022-05-18,369.6652719665272,0.0401606425702811,0.9665271966527196,2,2022
Berlin_Hbf,498,28.75,2022-05-19,711.7372881355932,0.0522088353413654,0.989406779661017,3,2022
Berlin_Hbf,532,25.24,2022-05-20,1249.601593625498,0.056390977443609,0.9760956175298804,4,2022
Berlin_Hbf,529,18.279999,2022-05-21,440.5679513184584,0.0680529300567107,0.9634888438133874,5,2022
Berlin_Hbf,549,19.38,2022-05-22,218.07909604519773,0.0327868852459016,0.9566854990583804,6,2022
Berlin_Hbf,526,22.91,2022-05-23,193.399209486166,0.0380228136882129,0.932806324110672,0,2022
Berlin_Hbf,523,22.289999,2022-05-24,313.32023575638505,0.0267686424474187,0.950884086444008,1,2022
Berlin_Hbf,547,21.13,2022-05-25,249.343339587242,0.0255941499085923,0.9568480300187616,2,2022
Berlin_Hbf,543,20.99,2022-05-26,202.2920517560074,0.003683241252302,0.9205175600739371,3,2022
Berlin_Hbf,522,18.22,2022-05-27,164.53125,0.0191570881226053,0.935546875,4,2022
Berlin_Hbf,531,15.98,2022-05-28,147.77142857142857,0.0112994350282485,0.9276190476190476,5,2022
Berlin_Hbf,546,15.299999,2022-05-29,232.44444444444449,0.0109890109890109,0.9555555555555556,6,2022
Berlin_Hbf,521,16.449999,2022-05-30,194.1586073500967,0.0076775431861804,0.9613152804642168,0,2022
Berlin_Hbf,517,20.17,2022-05-31,225.5577299412916,0.011605415860735,0.9412915851272016,1,2022
Berlin_Hbf,529,20.07,2022-06-01,222.79158699808795,0.0113421550094517,0.9388145315487572,2,2022
Berlin_Hbf,533,19.57,2022-06-02,929.1796875,0.0393996247654784,0.97265625,3,2022
Berlin_Hbf,554,25.63,2022-06-03,518.503937007874,0.0830324909747292,0.970472440944882,4,2022
Berlin_Hbf,529,24.57,2022-06-04,437.4857142857143,0.0075614366729678,0.9447619047619048,5,2022
Berlin_Hbf,514,28.14,2022-06-05,276.6,0.0272373540856031,0.94,6,2022
Berlin_Hbf,539,25.269999,2022-06-06,331.2849162011173,0.0037105751391465,0.9757914338919924,0,2022
Berlin_Hbf,519,24.56,2022-06-07,246.4579256360078,0.0154142581888246,0.980430528375734,1,2022
Berlin_Hbf,525,25.97,2022-06-08,334.5742574257426,0.0380952380952381,0.9405940594059404,2,2022
Berlin_Hbf,533,21.75,2022-06-09,181.1583011583012,0.0281425891181988,0.9362934362934364,3,2022
Berlin_Hbf,547,25.33,2022-06-10,355.75418994413405,0.0182815356489945,0.9646182495344506,4,2022
Berlin_Hbf,529,27.34,2022-06-11,316.84615384615387,0.0170132325141776,0.9596153846153846,5,2022
Berlin_Hbf,540,26.49,2022-06-12,382.0809248554913,0.0388888888888888,0.9672447013487476,6,2022
Berlin_Hbf,521,21.21,2022-06-13,238.12865497076024,0.0153550863723608,0.9610136452241717,0,2022
Berlin_Hbf,525,19.949999,2022-06-14,296.9142857142857,0.0,0.9485714285714286,1,2022
Berlin_Hbf,543,25.769999,2022-06-15,500.1117318435754,0.011049723756906,0.9813780260707636,2,2022
Berlin_Hbf,537,24.359999,2022-06-16,362.7324478178368,0.0186219739292365,0.9715370018975332,3,2022
Berlin_Hbf,545,25.96,2022-06-17,380.97196261682245,0.018348623853211,0.97196261682243,4,2022
Berlin_Hbf,533,33.75,2022-06-18,460.9356725146199,0.0375234521575985,0.9707602339181286,5,2022
Berlin_Hbf,435,36.03,2022-06-19,1054.5864661654136,0.0827586206896551,0.987468671679198,6,2022
Berlin_Hbf,525,18.029999,2022-06-20,565.1441241685144,0.1409523809523809,0.9822616407982262,0,2022
Berlin_Hbf,529,24.6,2022-06-21,338.1818181818182,0.1890359168241966,0.9533799533799534,1,2022
Berlin_Hbf,539,27.67,2022-06-22,465.3793103448276,0.1929499072356215,0.9724137931034482,2,2022
Berlin_Hbf,537,30.22,2022-06-23,420.51502145922746,0.1322160148975791,0.9892703862660944,3,2022
Berlin_Hbf,547,32.5,2022-06-24,683.4117647058823,0.0676416819012797,0.9745098039215686,4,2022
Berlin_Hbf,532,29.109999,2022-06-25,334.7490347490348,0.0263157894736842,0.9787644787644788,5,2022
Berlin_Hbf,549,32.469997,2022-06-26,307.9696394686908,0.0400728597449908,0.967741935483871,6,2022
Berlin_Hbf,529,35.399998,2022-06-27,393.96449704142015,0.0415879017013232,0.960552268244576,0,2022
Berlin_Hbf,529,26.519999,2022-06-28,287.81431334622823,0.0226843100189035,0.9709864603481624,1,2022
Berlin_Hbf,539,25.63,2022-06-29,325.0661625708885,0.0185528756957328,0.9395085066162572,2,2022
Berlin_Hbf,539,28.16,2022-06-30,422.2131147540984,0.0946196660482374,0.9692622950819672,3,2022
Berlin_Hbf,549,26.449999,2022-07-01,819.8499061913697,0.029143897996357,0.9606003752345216,4,2022
Berlin_Hbf,528,26.609999,2022-07-02,175.53435114503816,0.0075757575757575,0.9446564885496184,5,2022
Berlin_Hbf,544,29.97,2022-07-03,619.5872420262664,0.0202205882352941,0.951219512195122,6,2022
Berlin_Hbf,529,25.22,2022-07-04,419.64912280701753,0.0302457466918714,0.9707602339181286,0,2022
Berlin_Hbf,523,25.41,2022-07-05,315.02912621359224,0.0152963671128107,0.9359223300970874,1,2022
Berlin_Hbf,527,20.41,2022-07-06,296.0842105263158,0.0986717267552182,0.9578947368421052,2,2022
Berlin_Hbf,531,20.47,2022-07-07,329.296875,0.0357815442561205,0.962890625,3,2022
Berlin_Hbf,556,20.369999,2022-07-08,216.75276752767527,0.0251798561151079,0.92619926199262,4,2022
Berlin_Hbf,666,21.08,2022-07-09,384.3037974683545,0.051051051051051,0.9541139240506328,5,2022
Berlin_Hbf,679,20.26,2022-07-10,265.8841463414634,0.0338733431516936,0.9527439024390244,6,2022
Berlin_Hbf,690,23.519999,2022-07-11,283.0837004405286,0.0130434782608695,0.972099853157122,0,2022
Berlin_Hbf,694,27.06,2022-07-12,650.5843071786311,0.1368876080691642,0.979966611018364,1,2022
Berlin_Hbf,720,30.24,2022-07-13,564.2477876106195,0.0583333333333333,0.9837758112094396,2,2022
Berlin_Hbf,721,24.4,2022-07-14,571.0778443113772,0.073509015256588,0.9775449101796408,3,2022
Berlin_Hbf,765,20.289999,2022-07-15,374.64033850493655,0.0732026143790849,0.9732016925246828,4,2022
Berlin_Hbf,679,21.9,2022-07-16,223.55555555555557,0.0058910162002945,0.9407407407407408,5,2022
Berlin_Hbf,661,23.59,2022-07-17,473.5483870967742,0.0151285930408472,0.9600614439324116,6,2022
Berlin_Hbf,669,28.51,2022-07-18,438.9618320610687,0.0209267563527653,0.9786259541984732,0,2022
Berlin_Hbf,667,35.21,2022-07-19,522.2439024390244,0.0779610194902548,0.9821138211382112,1,2022
Berlin_Hbf,679,37.79,2022-07-20,537.3658536585366,0.0942562592047128,0.9821138211382112,2,2022
Berlin_Hbf,663,28.869999,2022-07-21,459.5541401273885,0.0527903469079939,0.9808917197452228,3,2022
Berlin_Hbf,670,23.93,2022-07-22,357.629179331307,0.017910447761194,0.9802431610942248,4,2022
Berlin_Hbf,600,24.3,2022-07-23,272.42424242424244,0.01,0.9747474747474748,5,2022
Berlin_Hbf,611,28.39,2022-07-24,339.6302521008403,0.0261865793780687,0.973109243697479,6,2022
Berlin_Hbf,668,35.36,2022-07-25,377.3684210526316,0.0329341317365269,0.9845201238390092,0,2022
Berlin_Hbf,666,24.439999,2022-07-26,505.527950310559,0.033033033033033,0.9736024844720496,1,2022
Berlin_Hbf,683,20.91,2022-07-27,403.6607142857143,0.0161054172767203,0.9761904761904762,2,2022
Berlin_Hbf,709,23.74,2022-07-28,541.4307004470938,0.0535966149506347,0.9865871833084948,3,2022
Berlin_Hbf,719,28.73,2022-07-29,581.6521739130435,0.0403337969401947,0.9753623188405796,4,2022
Berlin_Hbf,632,27.019999,2022-07-30,275.82236842105266,0.0379746835443038,0.962171052631579,5,2022
Berlin_Hbf,662,28.529999,2022-07-31,378.7326120556414,0.0226586102719033,0.9752704791344669,6,2022
Berlin_Hbf,694,24.39,2022-08-01,359.3684210526316,0.0417867435158501,0.9789473684210528,0,2022
Berlin_Hbf,692,27.64,2022-08-02,312.6080476900149,0.0303468208092485,0.9746646795827124,1,2022
Berlin_Hbf,696,33.75,2022-08-03,593.0973451327434,0.0258620689655172,0.9852507374631267,2,2022
Berlin_Hbf,699,37.079998,2022-08-04,820.6015037593985,0.2389127324749642,0.9830827067669172,3,2022
Berlin_Hbf,717,28.359999,2022-08-05,719.672131147541,0.2343096234309623,0.97632058287796,4,2022
Berlin_Hbf,649,23.16,2022-08-06,757.5,0.0878274268104776,0.9695945945945946,5,2022
Berlin_Hbf,662,24.8,2022-08-07,512.6851851851852,0.0211480362537764,0.9660493827160492,6,2022
Berlin_Hbf,710,27.47,2022-08-08,469.3617021276596,0.0070422535211267,0.975886524822695,0,2022
Berlin_Hbf,698,27.46,2022-08-09,403.77906976744185,0.0143266475644699,0.9811046511627908,1,2022
Berlin_Hbf,694,28.84,2022-08-10,523.5882352941177,0.0201729106628242,0.9838235294117648,2,2022
Berlin_Hbf,695,30.23,2022-08-11,517.5483870967741,0.1079136690647482,0.9758064516129032,3,2022
Berlin_Hbf,695,30.42,2022-08-12,570.2189781021898,0.014388489208633,0.981021897810219,4,2022
Berlin_Hbf,623,29.83,2022-08-13,400.5853658536585,0.0128410914927768,0.975609756097561,5,2022
Berlin_Hbf,638,32.489998,2022-08-14,519.9024390243902,0.0360501567398119,0.9772357723577236,6,2022
Berlin_Hbf,690,31.49,2022-08-15,736.9082125603865,0.1,0.9758454106280192,0,2022
Berlin_Hbf,688,30.099998,2022-08-16,565.5,0.0116279069767441,0.9691176470588236,1,2022
Berlin_Hbf,700,32.48,2022-08-17,498.2570162481536,0.0328571428571428,0.9867060561299852,2,2022
Berlin_Hbf,701,33.75,2022-08-18,491.9597989949749,0.1483594864479315,0.9932998324958124,3,2022
Berlin_Hbf,709,24.22,2022-08-19,481.7673048600884,0.0423131170662905,0.9764359351988218,4,2022
Berlin_Hbf,644,22.06,2022-08-20,595.2076677316294,0.0279503105590062,0.9840255591054312,5,2022
Berlin_Hbf,663,24.58,2022-08-21,300.4601226993865,0.0165912518853695,0.9677914110429447,6,2022
Berlin_Hbf,706,24.359999,2022-08-22,346.3323782234957,0.0113314447592068,0.9799426934097422,0,2022
Berlin_Hbf,706,25.88,2022-08-23,300.4335260115607,0.0198300283286118,0.9739884393063584,1,2022
Berlin_Hbf,712,27.31,2022-08-24,392.457627118644,0.0056179775280898,0.980225988700565,2,2022
Berlin_Hbf,715,28.21,2022-08-25,403.007299270073,0.0419580419580419,0.9824817518248176,3,2022
Berlin_Hbf,644,29.179998,2022-08-26,528.2950819672132,0.0527950310559006,0.9868852459016394,4,2022
Berlin_Hbf,137,23.83,2022-08-27,114.69026548672566,0.1751824817518248,1.0,5,2022
Berlin_Hbf,139,21.68,2022-08-28,198.0487804878049,0.1151079136690647,0.975609756097561,6,2022
Berlin_Hbf,273,22.58,2022-08-29,205.1764705882353,0.0659340659340659,1.0,0,2022
Berlin_Hbf,269,21.81,2022-08-30,125.3225806451613,0.0780669144981412,0.9919354838709676,1,2022
Berlin_Hbf,269,22.24,2022-08-31,104.21052631578948,0.4349442379182156,1.0,2,2022
Berlin_Hbf,271,21.76,2022-09-01,79.37743190661479,0.051660516605166,0.9883268482490272,3,2022
Berlin_Hbf,275,22.529999,2022-09-02,65.97701149425288,0.0509090909090909,0.992337164750958,4,2022
Berlin_Hbf,283,22.289999,2022-09-03,40.07722007722008,0.0848056537102473,0.972972972972973,5,2022
Berlin_Hbf,283,24.449999,2022-09-04,77.24137931034483,0.07773851590106,0.9961685823754788,6,2022
Berlin_Hbf,269,24.369999,2022-09-05,50.36144578313253,0.0743494423791821,0.9919678714859438,0,2022
Berlin_Hbf,269,23.01,2022-09-06,86.32411067193677,0.0594795539033457,0.9881422924901184,1,2022
Berlin_Hbf,271,25.67,2022-09-07,79.76470588235294,0.059040590405904,0.984313725490196,2,2022
Berlin_Hbf,273,18.17,2022-09-08,216.8,0.1758241758241758,0.9911111111111112,3,2022
Berlin_Hbf,287,23.24,2022-09-09,144.3824701195219,0.1254355400696864,0.9880478087649402,4,2022
Berlin_Hbf,285,22.48,2022-09-10,126.66666666666669,0.0842105263157894,0.9808429118773946,5,2022
Berlin_Hbf,283,20.13,2022-09-11,135.54655870445345,0.127208480565371,0.9838056680161944,6,2022
Berlin_Hbf,277,20.72,2022-09-12,99.01140684410646,0.0505415162454873,0.973384030418251,0,2022
Berlin_Hbf,275,19.96,2022-09-13,142.75862068965515,0.0509090909090909,0.9616858237547892,1,2022
Berlin_Hbf,275,18.99,2022-09-14,143.49809885931558,0.0436363636363636,0.9809885931558936,2,2022
Berlin_Hbf,275,18.63,2022-09-15,157.01149425287358,0.0509090909090909,0.9731800766283524,3,2022
Berlin_Hbf,336,17.76,2022-09-16,311.2738853503185,0.0654761904761904,0.964968152866242,4,2022
Berlin_Hbf,623,16.32,2022-09-17,380.22690437601295,0.0096308186195826,0.985413290113452,5,2022
Berlin_Hbf,629,14.559999,2022-09-18,455.7825370675453,0.0349761526232114,0.9934102141680397,6,2022
Berlin_Hbf,719,16.38,2022-09-19,485.3254437869823,0.0598052851182197,0.9763313609467456,0,2022
Berlin_Hbf,713,14.79,2022-09-20,381.8340611353712,0.0364656381486676,0.9737991266375546,1,2022
Berlin_Hbf,719,16.94,2022-09-21,398.6890243902439,0.0876216968011126,0.9786585365853658,2,2022
Berlin_Hbf,719,16.97,2022-09-22,401.4921090387375,0.0305980528511821,0.9842180774748924,3,2022
Berlin_Hbf,703,17.31,2022-09-23,328.09453471196457,0.0369843527738264,0.9793205317577548,4,2022
Berlin_Hbf,590,16.43,2022-09-24,225.71917808219175,0.0101694915254237,0.9726027397260274,5,2022
Berlin_Hbf,635,18.89,2022-09-25,266.29213483146066,0.0188976377952755,0.9727126805778492,6,2022
Berlin_Hbf,688,17.19,2022-09-26,324.578313253012,0.0348837209302325,0.9683734939759036,0,2022
Berlin_Hbf,682,13.45,2022-09-27,229.0062111801242,0.0557184750733137,0.9658385093167702,1,2022
Berlin_Hbf,680,12.469999,2022-09-28,462.7027027027027,0.6735294117647059,0.972972972972973,2,2022
Berlin_Hbf,678,14.73,2022-09-29,276.77115987460814,0.0589970501474926,0.9702194357366772,3,2022
Berlin_Hbf,685,17.35,2022-09-30,308.0610687022901,0.0437956204379562,0.964885496183206,4,2022
Berlin_Hbf,10,12.84,2022-10-01,696.0,0.0,1.0,5,2022
Berlin_Hbf,676,19.43,2023-05-01,156.2037037037037,0.0414201183431952,0.9583333333333334,0,2023
Berlin_Hbf,751,13.929999,2023-05-02,200.41152263374485,0.029294274300932,0.9684499314128944,1,2023
Berlin_Hbf,757,15.69,2023-05-03,214.95934959349597,0.0250990752972258,0.9701897018970188,2,2023
Berlin_Hbf,767,19.22,2023-05-04,147.9699248120301,0.1329856584093872,0.9669172932330828,3,2023
Berlin_Hbf,775,20.31,2023-05-05,259.26023778071334,0.0232258064516129,0.9418758256274768,4,2023
Berlin_Hbf,705,10.469999,2023-05-06,81.78623718887262,0.0312056737588652,0.9209370424597364,5,2023
Berlin_Hbf,707,16.88,2023-05-07,284.75770925110135,0.0367751060820367,0.9353891336270193,6,2023
Berlin_Hbf,755,18.359999,2023-05-08,219.29919137466308,0.0172185430463576,0.9649595687331536,0,2023
Berlin_Hbf,749,19.91,2023-05-09,195.58333333333331,0.0387182910547396,0.9472222222222222,1,2023
Berlin_Hbf,744,23.05,2023-05-10,253.50210970464136,0.0443548387096774,0.9578059071729956,2,2023
Berlin_Hbf,9,23.18,2023-05-11,170.0,0.3333333333333333,1.0,3,2023
Berlin_Hbf,5,22.73,2023-05-12,,1.0,,4,2023
Berlin_Hbf,4,22.769999,2023-05-13,0.0,0.75,1.0,5,2023
Berlin_Hbf,5,21.33,2023-05-14,0.0,0.8,1.0,6,2023
Berlin_Hbf,64,21.88,2023-05-15,55.86206896551724,0.09375,1.0,0,2023
Berlin_Hbf,64,16.22,2023-05-16,88.06451612903226,0.03125,0.967741935483871,1,2023
Berlin_Hbf,73,15.57,2023-05-17,43.44827586206897,0.2054794520547945,0.913793103448276,2,2023
Berlin_Hbf,39,16.93,2023-05-18,33.333333333333336,0.0769230769230769,1.0,3,2023
Berlin_Hbf,68,19.439999,2023-05-19,15.238095238095235,0.0735294117647058,0.9047619047619048,4,2023
Berlin_Hbf,38,19.8,2023-05-20,-5.142857142857143,0.0789473684210526,0.9714285714285714,5,2023
Berlin_Hbf,37,27.43,2023-05-21,7.0588235294117645,0.081081081081081,1.0,6,2023
Berlin_Hbf,67,26.14,2023-05-22,56.8421052631579,0.1492537313432835,0.8596491228070176,0,2023
Berlin_Hbf,68,21.369999,2023-05-23,11.818181818181818,0.0294117647058823,0.9242424242424242,1,2023
Berlin_Hbf,70,16.68,2023-05-24,16.615384615384617,0.0714285714285714,0.8923076923076924,2,2023
Berlin_Hbf,123,19.689999,2023-05-25,71.59663865546219,0.032520325203252,0.9411764705882352,3,2023
Berlin_Hbf,761,19.83,2023-05-26,349.7959183673469,0.0341655716162943,0.9673469387755104,4,2023
Berlin_Hbf,561,21.449999,2023-05-27,309.94152046783626,0.0855614973262032,0.97270955165692,5,2023
Berlin_Hbf,566,23.99,2023-05-28,480.561797752809,0.0565371024734982,0.9569288389513108,6,2023
Berlin_Hbf,582,22.01,2023-05-29,276.2815884476534,0.0481099656357388,0.9530685920577616,0,2023
Berlin_Hbf,695,22.88,2023-05-30,212.4324324324324,0.0949640287769784,0.960254372019078,1,2023
Berlin_Hbf,723,25.33,2023-05-31,355.3416149068323,0.1092669432918395,0.9813664596273292,2,2023
Berlin_Hbf,723,21.949999,2023-06-01,298.0188679245283,0.1203319502074688,0.9449685534591196,3,2023
Berlin_Hbf,735,19.72,2023-06-02,240.26431718061676,0.073469387755102,0.9309838472834068,4,2023
Berlin_Hbf,714,20.9,2023-06-03,322.9587482219061,0.0154061624649859,0.9644381223328592,5,2023
Berlin_Hbf,685,23.72,2023-06-04,256.04135893648447,0.0116788321167883,0.9630723781388478,6,2023
Berlin_Hbf,741,26.15,2023-06-05,291.8963165075034,0.0107962213225371,0.9672578444747612,0,2023
Berlin_Hbf,738,24.84,2023-06-06,222.58855585831063,0.005420054200542,0.9727520435967304,1,2023
Berlin_Hbf,750,29.17,2023-06-07,352.7472527472528,0.0293333333333333,0.967032967032967,2,2023
Berlin_Hbf,579,29.98,2023-06-08,346.15384615384613,0.0345423143350604,0.960644007155635,3,2023
Berlin_Hbf,11,23.949999,2023-06-13,42.85714285714285,0.3636363636363636,1.0,1,2023
Berlin_Hbf,73,24.529999,2023-06-14,164.3835616438356,0.0,1.0,2,2023
Berlin_Hbf,73,23.529999,2023-06-15,55.89041095890411,0.0,0.9726027397260274,3,2023
Berlin_Hbf,1,20.22,2023-06-16,0.0,0.0,1.0,4,2023
Berlin_Hbf,26,28.92,2023-06-19,39.23076923076923,0.0,0.9615384615384616,0,2023
Berlin_Hbf,74,26.109999,2023-06-20,94.05405405405403,0.0,0.9864864864864864,1,2023
Berlin_Hbf,74,28.769999,2023-06-21,607.9411764705883,0.081081081081081,1.0,2,2023
Berlin_Hbf,74,29.3,2023-06-22,426.76056338028167,0.0405405405405405,1.0,3,2023
Berlin_Hbf,74,18.26,2023-06-23,325.5882352941176,0.081081081081081,1.0,4,2023
Berlin_Hbf,51,25.38,2023-06-24,753.3333333333334,0.8235294117647058,1.0,5,2023
Berlin_Hbf,47,26.99,2023-06-25,1032.0,0.8936170212765957,1.0,6,2023
Berlin_Hbf,74,31.21,2023-06-26,193.97260273972603,0.0135135135135135,0.9863013698630136,0,2023
Berlin_Hbf,74,20.92,2023-06-27,92.87671232876713,0.0135135135135135,0.9726027397260274,1,2023
Berlin_Hbf,62,23.48,2023-06-28,59.01639344262295,0.0161290322580645,1.0,2,2023
Berlin_Hbf,62,25.449999,2023-06-29,45.24590163934426,0.0161290322580645,0.9836065573770492,3,2023
Berlin_Hbf,64,21.31,2023-06-30,46.22950819672131,0.046875,1.0,4,2023
Berlin_Hbf,113,24.96,2023-07-01,232.35294117647055,0.0973451327433628,0.9901960784313726,5,2023
Berlin_Hbf,756,22.279999,2023-07-02,385.94142259414224,0.0515873015873015,0.9414225941422594,6,2023
Berlin_Hbf,808,21.789999,2023-07-03,302.621722846442,0.0086633663366336,0.9775280898876404,0,2023
Berlin_Hbf,797,22.42,2023-07-04,244.94208494208493,0.0250941028858218,0.9472329472329472,1,2023
Berlin_Hbf,803,24.439999,2023-07-05,554.7490347490348,0.0323785803237858,0.967824967824968,2,2023
Berlin_Hbf,806,23.33,2023-07-06,427.46153846153845,0.032258064516129,0.967948717948718,3,2023
Berlin_Hbf,814,28.039999,2023-07-07,474.84197218710494,0.0282555282555282,0.9734513274336284,4,2023
Berlin_Hbf,740,30.81,2023-07-08,358.95652173913044,0.0675675675675675,0.9652173913043478,5,2023
Berlin_Hbf,754,31.929998,2023-07-09,461.9154929577465,0.0583554376657824,0.9802816901408452,6,2023
Berlin_Hbf,792,29.529999,2023-07-10,337.0656370656371,0.0189393939393939,0.967824967824968,0,2023
Berlin_Hbf,797,29.8,2023-07-11,233.1496062992126,0.0439146800501882,0.9488188976377953,1,2023
Berlin_Hbf,801,27.72,2023-07-12,239.92207792207796,0.0387016229712858,0.948051948051948,2,2023
Berlin_Hbf,807,25.67,2023-07-13,198.56777493606137,0.0309789343246592,0.9718670076726342,3,2023
Berlin_Hbf,763,26.98,2023-07-14,281.6949152542373,0.0720838794233289,0.9562146892655368,4,2023
Berlin_Hbf,661,34.489998,2023-07-15,235.17350157728703,0.0408472012102874,0.9558359621451104,5,2023
Berlin_Hbf,676,28.199999,2023-07-16,237.0090634441088,0.0207100591715976,0.9380664652567976,6,2023
Berlin_Hbf,715,27.689999,2023-07-17,282.2448979591837,0.0405594405594405,0.9475218658892128,0,2023
Berlin_Hbf,699,25.189999,2023-07-18,269.6385542168675,0.050071530758226,0.9427710843373494,1,2023
Berlin_Hbf,726,25.539999,2023-07-19,267.1551724137931,0.0413223140495867,0.9439655172413792,2,2023
Berlin_Hbf,791,22.779999,2023-07-20,346.88,0.0518331226295828,0.9706666666666668,3,2023
Berlin_Hbf,811,21.63,2023-07-21,380.4123711340207,0.0431565967940813,0.9664948453608248,4,2023
Berlin_Hbf,481,21.8,2023-07-22,212.70440251572327,0.0083160083160083,0.9454926624737946,5,2023
Berlin_Hbf,744,26.769999,2023-07-23,278.958904109589,0.0188172043010752,0.9575342465753424,6,2023
Berlin_Hbf,788,27.619999,2023-07-24,343.06068601583115,0.0380710659898477,0.9643799472295514,0,2023
Berlin_Hbf,793,22.02,2023-07-25,308.212927756654,0.0050441361916771,0.9683143219264893,1,2023
Berlin_Hbf,771,20.359999,2023-07-26,195.098814229249,0.0155642023346303,0.9525691699604744,2,2023
Berlin_Hbf,790,19.51,2023-07-27,217.25190839694656,0.0050632911392405,0.9707379134860052,3,2023
Berlin_Hbf,781,22.39,2023-07-28,224.6215139442231,0.0358514724711907,0.9588313413014607,4,2023
Berlin_Hbf,717,23.869999,2023-07-29,177.66906474820144,0.0306834030683403,0.9079136690647482,5,2023
Berlin_Hbf,734,24.279999,2023-07-30,252.0,0.0190735694822888,0.95,6,2023
Berlin_Hbf,771,20.699999,2023-07-31,373.8584779706275,0.0285343709468223,0.9692923898531376,0,2023
Berlin_Hbf,742,22.1,2023-08-01,587.8642149929278,0.0471698113207547,0.9787835926449788,1,2023
Berlin_Hbf,753,22.539999,2023-08-02,342.6358695652174,0.0225763612217795,0.9836956521739132,2,2023
Berlin_Hbf,756,22.699999,2023-08-03,449.9595141700405,0.0198412698412698,0.9676113360323888,3,2023
Berlin_Hbf,771,23.23,2023-08-04,306.796875,0.0038910505836575,0.953125,4,2023
Berlin_Hbf,441,21.23,2023-08-05,179.85948477751757,0.0317460317460317,0.9133489461358314,5,2023
Berlin_Hbf,447,17.63,2023-08-06,344.8970251716247,0.0223713646532438,0.9496567505720824,6,2023
Berlin_Hbf,474,19.939999,2023-08-07,419.2105263157895,0.0379746835443038,0.975877192982456,0,2023
Berlin_Hbf,472,19.6,2023-08-08,617.5675675675676,0.059322033898305,0.954954954954955,1,2023
Berlin_Hbf,474,20.0,2023-08-09,275.17699115044246,0.0464135021097046,0.9579646017699116,2,2023
Berlin_Hbf,478,21.39,2023-08-10,323.7931034482759,0.0292887029288702,0.959051724137931,3,2023
Berlin_Hbf,493,24.59,2023-08-11,232.2012578616352,0.0324543610547667,0.9559748427672956,4,2023
Berlin_Hbf,441,27.84,2023-08-12,229.7663551401869,0.0294784580498866,0.9415887850467288,5,2023
Berlin_Hbf,447,26.539999,2023-08-13,248.978622327791,0.058165548098434,0.9144893111638956,6,2023
Berlin_Hbf,539,30.439999,2023-08-14,269.70059880239523,0.0705009276437847,0.9700598802395208,0,2023
Berlin_Hbf,777,31.01,2023-08-15,561.1382113821138,0.0501930501930501,0.956639566395664,1,2023
Berlin_Hbf,783,27.63,2023-08-16,386.9158878504673,0.0434227330779054,0.9773030707610146,2,2023
Berlin_Hbf,784,26.55,2023-08-17,506.6214382632293,0.0599489795918367,0.966078697421981,3,2023
Berlin_Hbf,823,30.22,2023-08-18,316.98254364089775,0.0255164034021871,0.9413965087281796,4,2023
Berlin_Hbf,754,31.9,2023-08-19,327.44055944055947,0.0517241379310344,0.9468531468531468,5,2023
Berlin_Hbf,762,28.68,2023-08-20,494.59016393442624,0.0393700787401574,0.918032786885246,6,2023
Berlin_Hbf,806,26.769999,2023-08-21,396.2878787878788,0.0173697270471464,0.9558080808080808,0,2023
Berlin_Hbf,803,25.109999,2023-08-22,197.41206030150755,0.0087173100871731,0.9447236180904522,1,2023
Berlin_Hbf,809,26.16,2023-08-23,278.992443324937,0.0185414091470951,0.9521410579345088,2,2023
Berlin_Hbf,810,28.0,2023-08-24,292.86445012787726,0.0345679012345679,0.9450127877237852,3,2023
Berlin_Hbf,821,28.75,2023-08-25,340.1283697047497,0.05115712545676,0.951219512195122,4,2023
Berlin_Hbf,748,25.47,2023-08-26,212.8732394366197,0.0508021390374331,0.9309859154929576,5,2023
Berlin_Hbf,758,20.88,2023-08-27,300.0,0.0408970976253298,0.9133425034387896,6,2023
Berlin_Hbf,734,19.26,2023-08-28,264.06876790830944,0.0490463215258855,0.9412607449856734,0,2023
Berlin_Hbf,687,17.619999,2023-08-29,195.1560178306092,0.0203784570596797,0.937592867756315,1,2023
Berlin_Hbf,689,20.73,2023-08-30,141.0134128166915,0.0261248185776487,0.9597615499254843,2,2023
Berlin_Hbf,704,17.97,2023-08-31,220.46511627906975,0.0227272727272727,0.9709302325581396,3,2023
Berlin_Hbf,720,20.82,2023-09-01,213.7709497206704,0.0055555555555555,0.9636871508379888,4,2023
Berlin_Hbf,724,22.289999,2023-09-02,124.36363636363636,0.0124309392265193,0.8769230769230769,5,2023
Berlin_Hbf,704,20.73,2023-09-03,213.57954545454547,0.0,0.9161931818181818,6,2023
Berlin_Hbf,594,25.66,2023-09-04,274.5077720207254,0.0252525252525252,0.9585492227979274,0,2023
Berlin_Hbf,593,27.949999,2023-09-05,264.8526863084922,0.026981450252951,0.9653379549393414,1,2023
Berlin_Hbf,623,29.25,2023-09-06,249.5959595959596,0.0465489566613162,0.9393939393939394,2,2023
Berlin_Hbf,618,29.029999,2023-09-07,318.8235294117647,0.0097087378640776,0.9722222222222222,3,2023
Berlin_Hbf,626,29.029999,2023-09-08,326.25607779578604,0.0143769968051118,0.9821717990275528,4,2023
Berlin_Hbf,736,30.48,2023-09-09,258.3402489626556,0.0176630434782608,0.9239280774550483,5,2023
Berlin_Hbf,759,30.46,2023-09-10,452.88461538461536,0.0408432147562582,0.962912087912088,6,2023
Berlin_Hbf,788,30.63,2023-09-11,406.85258964143424,0.0444162436548223,0.9548472775564408,0,2023
Berlin_Hbf,788,29.609999,2023-09-12,487.9155672823219,0.0380710659898477,0.9775725593667546,1,2023
Berlin_Hbf,788,22.9,2023-09-13,380.8290155440415,0.0203045685279187,0.9598445595854922,2,2023
Berlin_Hbf,786,20.289999,2023-09-14,210.1940491591203,0.0165394402035623,0.961190168175938,3,2023
Berlin_Hbf,833,23.3,2023-09-15,241.50187734668336,0.0408163265306122,0.9649561952440552,4,2023
Berlin_Hbf,754,25.699999,2023-09-16,314.32835820895525,0.0225464190981432,0.9742198100407056,5,2023
Berlin_Hbf,759,27.34,2023-09-17,303.3555259653795,0.0105401844532279,0.9786950732356856,6,2023
Berlin_Hbf,764,26.289999,2023-09-18,394.7745358090186,0.013089005235602,0.9774535809018567,0,2023
Berlin_Hbf,764,20.5,2023-09-19,510.0,0.031413612565445,0.977027027027027,1,2023
Berlin_Hbf,778,24.56,2023-09-20,255.41501976284584,0.0244215938303341,0.9736495388669302,2,2023
Berlin_Hbf,790,28.529999,2023-09-21,377.6744186046512,0.020253164556962,0.9715762273901808,3,2023
Berlin_Hbf,831,18.6,2023-09-22,315.05507955936355,0.0168471720818291,0.9571603427172584,4,2023
Berlin_Hbf,753,18.27,2023-09-23,271.417004048583,0.0159362549800796,0.9230769230769232,5,2023
Berlin_Hbf,763,19.83,2023-09-24,285.3225806451613,0.0249017038007863,0.974462365591398,6,2023
Berlin_Hbf,790,22.23,2023-09-25,215.20408163265307,0.0075949367088607,0.9630102040816326,0,2023
Berlin_Hbf,782,24.519999,2023-09-26,634.4179523141655,0.088235294117647,0.9747545582047684,1,2023
Berlin_Hbf,806,26.91,2023-09-27,272.9880478087649,0.0657568238213399,0.9667994687915008,2,2023
Berlin_Hbf,797,26.96,2023-09-28,198.22281167108756,0.0539523212045169,0.9774535809018567,3,2023
Berlin_Hbf,820,22.51,2023-09-29,357.4968394437421,0.0353658536585365,0.9709228824273072,4,2023
Berlin_Hbf,721,19.619999,2023-09-30,351.8454935622317,0.0305131761442441,0.9699570815450644,5,2023
Berlin_Hbf,9,20.13,2023-10-01,135.0,0.1111111111111111,0.75,6,2023
Berlin_Hbf,5560,26.67,2024-05-01,407.92144026186577,0.0109712230215827,0.939261683942535,2,2024
Berlin_Hbf,5949,26.34,2024-05-02,459.4841337179705,0.0094133467809715,0.9358561004581708,3,2024
Berlin_Hbf,6703,24.019999,2024-05-03,417.2842105263158,0.0079069073549157,0.952781954887218,4,2024
Berlin_Hbf,5691,20.91,2024-05-04,344.66029723991505,0.0068529256721138,0.9419674451521586,5,2024
Berlin_Hbf,4973,21.39,2024-05-05,262.4725943970768,0.0094510355921978,0.9277304100690216,6,2024
Berlin_Hbf,6590,19.59,2024-05-06,462.7954684629517,0.0088012139605462,0.9485609308022044,0,2024
Berlin_Hbf,5685,16.66,2024-05-07,321.03136629452416,0.0073878627968337,0.9408116250221512,1,2024
Berlin_Hbf,6233,18.939999,2024-05-08,263.4312611589028,0.0115514198620247,0.9521181626359356,2,2024
Berlin_Hbf,6376,20.64,2024-05-09,790.9246629659001,0.0111355081555834,0.9519429024583664,3,2024
Berlin_Hbf,6251,22.82,2024-05-10,506.7746113989637,0.0119980803071508,0.9514248704663212,4,2024
Berlin_Hbf,4872,20.27,2024-05-11,194.59358841778695,0.0075944170771756,0.9298862461220267,5,2024
Berlin_Hbf,5634,21.4,2024-05-12,290.2564102564103,0.0031948881789137,0.948539886039886,6,2024
Berlin_Hbf,7139,24.58,2024-05-13,484.0082219938335,0.0459448101975066,0.9619732785200412,0,2024
Berlin_Hbf,6042,25.789999,2024-05-14,361.59274193548384,0.0148957298907646,0.9460685483870968,1,2024
Berlin_Hbf,6342,26.01,2024-05-15,492.40357029008607,0.010722169662567,0.9563277016257572,2,2024
Berlin_Hbf,5767,26.279999,2024-05-16,206.0024385995471,0.0045084099185018,0.9411252395053128,3,2024
Berlin_Hbf,6216,25.64,2024-05-17,382.26964112512127,0.0048262548262548,0.9540898803750404,4,2024
Berlin_Hbf,4815,20.17,2024-05-18,295.40771637122003,0.004153686396677,0.9338894681960376,5,2024
Berlin_Hbf,3964,21.6,2024-05-19,157.61784085149517,0.0045408678102926,0.9115560060821084,6,2024
Berlin_Hbf,4459,23.23,2024-05-20,229.5863309352518,0.0024669208342677,0.920863309352518,0,2024
Berlin_Hbf,5323,27.39,2024-05-21,359.3659180977543,0.004508735675371,0.9426306850349122,1,2024
Berlin_Hbf,7991,25.57,2024-05-22,764.0575383362735,0.077837567263171,0.9565748405482426,2,2024
Berlin_Hbf,5943,23.51,2024-05-23,381.1770674784373,0.0050479555779909,0.9468966683578556,3,2024
Berlin_Hbf,5478,25.359999,2024-05-24,201.71052631578948,0.0010952902519167,0.9320175438596492,4,2024
Berlin_Hbf,5716,24.619999,2024-05-25,402.3560393258427,0.0034989503149055,0.943995786516854,5,2024
Berlin_Hbf,7047,25.74,2024-05-26,732.2334232571347,0.0005676174258549,0.9372426522788584,6,2024
Berlin_Hbf,5510,24.43,2024-05-27,480.4712328767124,0.0063520871143375,0.9415525114155252,0,2024
Berlin_Hbf,5431,19.609999,2024-05-28,218.53405084431247,0.0077333824341741,0.9170532566338838,1,2024
Berlin_Hbf,3890,23.14,2024-05-29,371.327479338843,0.0046272493573264,0.9447314049586776,2,2024
Berlin_Hbf,1957,20.83,2024-05-30,439.6058091286307,0.0148185998978027,0.9569502074688796,3,2024
Berlin_Hbf,6552,23.449999,2024-05-31,704.6472772277227,0.0134310134310134,0.948638613861386,4,2024
Berlin_Hbf,5491,26.34,2024-06-01,375.3592978606693,0.0040065561828446,0.9365514719327116,5,2024
Berlin_Hbf,5422,25.029999,2024-06-02,379.05593755807473,0.0075617853190704,0.9258502137149228,6,2024
Berlin_Hbf,7444,16.32,2024-06-03,494.8807116862111,0.003358409457281,0.9561935570831648,0,2024
Berlin_Hbf,8637,20.96,2024-06-04,539.6714928823458,0.0483964339469723,0.966297603114734,1,2024
Berlin_Hbf,9603,20.73,2024-06-05,409.9417557979456,0.016661459960429,0.9654770729641003,2,2024
Berlin_Hbf,9740,20.66,2024-06-06,288.20120057959014,0.0080082135523613,0.9671910577520182,3,2024
Berlin_Hbf,10349,20.619999,2024-06-07,725.7882904896882,0.0114020678326408,0.9704818688300264,4,2024
Berlin_Hbf,6377,25.939999,2024-06-08,397.8837319816252,0.0100360671161988,0.9434500237604942,5,2024
Berlin_Hbf,7437,20.67,2024-06-09,666.285868976719,0.0065886782304692,0.9485652409312398,6,2024
Berlin_Hbf,7654,19.25,2024-06-10,405.27510225623433,0.0097987980141102,0.9506531204644412,0,2024
Berlin_Hbf,10109,17.619999,2024-06-11,1416.2931234081964,0.1455138985062815,0.964922435749016,1,2024
Berlin_Hbf,7113,17.72,2024-06-12,252.58589511754067,0.1448052860958807,0.9372020384678612,2,2024
Berlin_Hbf,7481,19.17,2024-06-13,480.2022926500337,0.0088223499532148,0.9463250168577207,3,2024
Berlin_Hbf,8336,20.449999,2024-06-14,365.1051486584482,0.0074376199616122,0.952743533961808,4,2024
Berlin_Hbf,5793,22.66,2024-06-15,358.528951486698,0.0072501294665976,0.9224482698661104,5,2024
Berlin_Hbf,5138,24.859999,2024-06-16,306.11547525530244,0.0089528999610743,0.91516103692066,6,2024
Berlin_Hbf,6721,24.81,2024-06-17,405.9041034119946,0.0101175420324356,0.949195851495566,0,2024
Berlin_Hbf,5785,27.369999,2024-06-18,363.3884588318086,0.0174589455488331,0.943701618578466,1,2024
Berlin_Hbf,6121,18.57,2024-06-19,449.8465599736017,0.0098023198823721,0.9274047186932848,2,2024
Berlin_Hbf,6785,23.5,2024-06-20,408.6512866015972,0.0033898305084745,0.9412895593019815,3,2024
Berlin_Hbf,11085,26.939999,2024-06-21,662.1824133854687,0.0079386558412268,0.959170682913522,4,2024
Berlin_Hbf,5300,22.92,2024-06-22,326.39269406392697,0.0083018867924528,0.9286529680365296,5,2024
Berlin_Hbf,5180,22.98,2024-06-23,306.31517509727627,0.0077220077220077,0.9233463035019456,6,2024
Berlin_Hbf,6057,25.49,2024-06-24,472.73029045643153,0.0052831434703648,0.940746887966805,0,2024
Berlin_Hbf,7068,27.25,2024-06-25,622.1519896566585,0.0151386530843237,0.9307570751328832,1,2024
Berlin_Hbf,7037,31.179998,2024-06-26,534.5893164847789,0.0103737388091516,0.945433658816772,2,2024
Berlin_Hbf,8009,30.88,2024-06-27,728.4263322884012,0.0042452241228617,0.9655172413793104,3,2024
Berlin_Hbf,7393,28.65,2024-06-28,626.5182960131076,0.009333152982551,0.9528945931185144,4,2024
Berlin_Hbf,5965,29.82,2024-06-29,387.94902703633545,0.026487845766974,0.9435164456690202,5,2024
Berlin_Hbf,6058,26.88,2024-06-30,414.44724886421,0.0189831627599867,0.9375736160188456,6,2024
Berlin_Hbf,7647,19.539999,2024-07-01,520.8972503617945,0.0060154308879299,0.9505328246283384,0,2024
Berlin_Hbf,6339,17.48,2024-07-02,293.4900714853058,0.0069411579113424,0.9534551231135822,1,2024
Berlin_Hbf,5461,18.21,2024-07-03,340.0221116639027,0.0062259659403039,0.949511700755482,2,2024
Berlin_Hbf,6248,19.58,2024-07-04,474.495867768595,0.0316901408450704,0.947603305785124,3,2024
Berlin_Hbf,7124,22.06,2024-07-05,409.7467248908297,0.0356541268950028,0.9563318777292577,4,2024
Berlin_Hbf,5959,31.64,2024-07-06,447.8277090045786,0.0104044302735358,0.9526878073596744,5,2024
Berlin_Hbf,5516,23.539999,2024-07-07,350.7124495042233,0.0126903553299492,0.9351817847961806,6,2024
Berlin_Hbf,6901,26.869999,2024-07-08,441.9976703552708,0.0047819156643964,0.9554455445544554,0,2024
Berlin_Hbf,7404,31.789999,2024-07-09,1037.144030668127,0.0135062128579146,0.9652245345016428,1,2024
Berlin_Hbf,6829,30.349998,2024-07-10,571.7805755395683,0.0229901889002782,0.9572841726618704,2,2024
Berlin_Hbf,6122,26.9,2024-07-11,237.14285714285717,0.0052270499836654,0.938095238095238,3,2024
Berlin_Hbf,6456,25.359999,2024-07-12,262.95440349781387,0.0080545229244114,0.944097439100562,4,2024
Berlin_Hbf,5508,22.859999,2024-07-13,442.0169304379831,0.013435003631082,0.9343025395656974,5,2024
Berlin_Hbf,5317,24.439999,2024-07-14,244.2694063926941,0.0114726349445175,0.9385464231354642,6,2024
Berlin_Hbf,6510,29.289999,2024-07-15,403.6818532818533,0.0053763440860215,0.9513513513513514,0,2024
Berlin_Hbf,6892,28.029999,2024-07-16,504.773735581189,0.0188624492164828,0.9526767228630584,1,2024
Berlin_Hbf,7505,24.21,2024-07-17,367.6657681940701,0.011325782811459,0.9494609164420486,2,2024
Berlin_Hbf,7433,26.51,2024-07-18,420.1378937407057,0.0048432665141934,0.9549817493578476,3,2024
Berlin_Hbf,8214,29.13,2024-07-19,512.874097638566,0.0049914779644509,0.9618255230637464,4,2024
Berlin_Hbf,7560,30.599998,2024-07-20,410.4264765236109,0.0167989417989418,0.956948742096058,5,2024
Berlin_Hbf,7148,32.7,2024-07-21,278.9856701320596,0.0041969781757134,0.9553245293621804,6,2024
Berlin_Hbf,8853,22.72,2024-07-22,436.18008498908927,0.0164915847735231,0.9688756173193982,0,2024
Berlin_Hbf,9857,28.039999,2024-07-23,672.2358877325764,0.0348990565080653,0.9703563544623148,1,2024
Berlin_Hbf,7848,23.279999,2024-07-24,499.358940397351,0.0379714576962283,0.9643708609271524,2,2024
Berlin_Hbf,9292,23.13,2024-07-25,558.0909090909091,0.0055962117950925,0.9676406926406926,3,2024
Berlin_Hbf,8266,24.539999,2024-07-26,469.8905109489051,0.0055649649165255,0.9650851581508516,4,2024
Berlin_Hbf,7182,23.24,2024-07-27,350.471922699902,0.005708716235032,0.9582691499789944,5,2024
Berlin_Hbf,6506,23.039999,2024-07-28,298.45987320241227,0.0059944666461727,0.9542291634451832,6,2024
Berlin_Hbf,6923,24.06,2024-07-29,376.4680105170903,0.0111223458038422,0.9700555068653228,0,2024
Berlin_Hbf,6929,27.699999,2024-07-30,442.6385454545455,0.0077933323711935,0.9691636363636364,1,2024
Berlin_Hbf,7532,29.26,2024-07-31,383.8814735718099,0.0053106744556558,0.96689802455953,2,2024
Berlin_Hbf,8142,28.17,2024-08-01,611.4958863126402,0.0147383935151068,0.981301421091997,3,2024
Berlin_Hbf,10856,21.64,2024-08-02,635.4788481380733,0.0179624170965364,0.9790826376512524,4,2024
Berlin_Hbf,8689,25.279999,2024-08-03,1062.5770438423071,0.0103579238117159,0.9724386556576348,5,2024
Berlin_Hbf,8083,24.029999,2024-08-04,556.0942760942761,0.0079178522825683,0.966953485472004,6,2024
Berlin_Hbf,9491,23.289999,2024-08-05,654.5576350489154,0.0091665788641871,0.9751169715014888,0,2024
Berlin_Hbf,8475,26.189999,2024-08-06,417.2822299651568,0.0179351032448377,0.9778925868076416,1,2024
Berlin_Hbf,7528,29.349998,2024-08-07,416.06584138212486,0.0235122210414452,0.9688477758128146,2,2024
Berlin_Hbf,11255,23.75,2024-08-08,692.1575436352006,0.027721012883163,0.9799872064333364,3,2024
Berlin_Hbf,10951,24.85,2024-08-09,773.0037313432836,0.0210939640215505,0.9815298507462686,4,2024
Berlin_Hbf,7155,26.18,2024-08-10,332.712607895854,0.0122990915443745,0.9671713598415168,5,2024
Berlin_Hbf,6684,25.449999,2024-08-11,376.0871538810713,0.0112208258527827,0.9642911181721896,6,2024
Berlin_Hbf,7459,27.8,2024-08-12,310.15172040097536,0.0103230996112079,0.979409374153346,0,2024
Berlin_Hbf,7294,30.07,2024-08-13,397.853075961672,0.0127502056484782,0.9694486876822664,1,2024
Berlin_Hbf,8141,32.6,2024-08-14,566.9398365932161,0.0077386070507308,0.976231740529834,2,2024
Berlin_Hbf,6980,28.359999,2024-08-15,444.08778346744697,0.0207736389684813,0.9714703730797366,3,2024
Berlin_Hbf,7869,29.88,2024-08-16,579.8244481734865,0.0155038759689922,0.9642442235704144,4,2024
Berlin_Hbf,5579,28.529999,2024-08-17,379.8524649154372,0.0037641154328732,0.9431450161928752,5,2024
Berlin_Hbf,5281,23.539999,2024-08-18,385.6439610761305,0.0075743230448778,0.9404693760732684,6,2024
Berlin_Hbf,6844,23.08,2024-08-19,385.2510336680449,0.01052016364699,0.954518606024808,0,2024
Berlin_Hbf,7211,27.06,2024-08-20,560.4360587002096,0.0077659131881847,0.952061495457722,1,2024
Berlin_Hbf,6485,23.31,2024-08-21,283.9104059729351,0.0086353122590593,0.95115881163478,2,2024
Berlin_Hbf,6988,24.279999,2024-08-22,314.3702207473669,0.0081568402976531,0.9509450295772616,3,2024
Berlin_Hbf,9272,30.4,2024-08-23,601.328947368421,0.0163934426229508,0.9701754385964912,4,2024
Berlin_Hbf,6786,32.239998,2024-08-24,351.66766109785203,0.0120837017388741,0.9765811455847256,5,2024
Berlin_Hbf,6608,26.119999,2024-08-25,426.4914425427873,0.009685230024213,0.9692848410757946,6,2024
Berlin_Hbf,8143,25.789999,2024-08-26,442.7004848936964,0.0122804863072577,0.9728956856894194,0,2024
Berlin_Hbf,7331,26.99,2024-08-27,377.1499108489919,0.0054562815441276,0.973666163763544,1,2024
Berlin_Hbf,7749,30.38,2024-08-28,421.78825968640666,0.0041295651051748,0.9768044576908124,2,2024
Berlin_Hbf,8264,34.17,2024-08-29,453.72984855886665,0.0091965150048402,0.9776502198339032,3,2024
Berlin_Hbf,8586,28.9,2024-08-30,387.1852899575672,0.0118798043326345,0.9682932578972184,4,2024
Berlin_Hbf,6389,24.019999,2024-08-31,346.6561064470141,0.0118954452966035,0.9667353080944084,5,2024
Berlin_Hbf,6475,25.369999,2024-09-01,316.1325621385024,0.012046332046332,0.9587306549945288,6,2024
Berlin_Hbf,7868,27.01,2024-09-02,460.9045096265667,0.016395526182003,0.9758366714045742,0,2024
Berlin_Hbf,7532,32.32,2024-09-03,335.8051420838972,0.0188528943175783,0.9717185385656292,1,2024
Berlin_Hbf,8571,33.86,2024-09-04,438.43746295198576,0.0158674600396686,0.9700059276822762,2,2024
Berlin_Hbf,8786,31.38,2024-09-05,463.9495402027824,0.034600500796722,0.9753595850035368,3,2024
Berlin_Hbf,8824,29.84,2024-09-06,407.1463105790261,0.0155258386219401,0.982963048232992,4,2024
Berlin_Hbf,8223,31.439999,2024-09-07,1133.5856623637046,0.0296728687826827,0.9805740067677654,5,2024
Berlin_Hbf,8163,32.309998,2024-09-08,1249.6140791954745,0.0254808281269141,0.9849151477058454,6,2024
Berlin_Hbf,7783,23.23,2024-09-09,521.4376706096451,0.0115636643967621,0.9786819186273236,0,2024
Berlin_Hbf,7348,19.15,2024-09-10,624.177753394596,0.0077572128470332,0.9698258126457276,1,2024
Berlin_Hbf,8084,16.34,2024-09-11,615.3431128791646,0.0049480455220188,0.9813525609149676,2,2024
Berlin_Hbf,7706,16.22,2024-09-12,659.9449829709196,0.0093433688035297,0.9772072308095364,3,2024
Berlin_Hbf,6811,15.16,2024-09-13,480.6219458018658,0.0085156364704155,0.9871168369613506,4,2024
Berlin_Hbf,5944,18.3,2024-09-14,447.3493150684931,0.0174966352624495,0.9779109589041096,5,2024
Berlin_Hbf,6072,18.67,2024-09-15,519.9130434782609,0.0151515151515151,0.9720735785953176,6,2024
Berlin_Hbf,7267,17.63,2024-09-16,423.7010280633509,0.0094949772946195,0.9738816337871632,0,2024
Berlin_Hbf,7041,25.18,2024-09-17,334.17036506800287,0.007953415707996,0.9749463135289907,1,2024
Berlin_Hbf,6573,25.189999,2024-09-18,296.1046153846154,0.0111060398600334,0.9690769230769232,2,2024
Berlin_Hbf,7249,24.689999,2024-09-19,609.8589976266927,0.0118637053386674,0.9645399972078738,3,2024
Berlin_Hbf,7525,24.199999,2024-09-20,404.13922859830666,0.0111627906976744,0.9521569681494424,4,2024
Berlin_Hbf,4852,24.019999,2024-09-21,213.2582864290181,0.0113355317394888,0.9182822597456743,5,2024
Berlin_Hbf,6148,24.92,2024-09-22,628.7368421052631,0.011060507482108,0.9373355263157894,6,2024
Berlin_Hbf,6700,25.32,2024-09-23,443.499849533554,0.0080597014925373,0.9529040024074632,0,2024
Berlin_Hbf,6881,17.859999,2024-09-24,452.3954716981132,0.037203894782735,0.9533584905660376,1,2024
Berlin_Hbf,5724,18.76,2024-09-25,289.14578185668904,0.0101327742837176,0.9341687257324393,2,2024
Berlin_Hbf,6277,19.119999,2024-09-26,480.4651914068809,0.013700812490043,0.9478274915199484,3,2024
Berlin_Hbf,6599,19.789999,2024-09-27,394.178145087236,0.0098499772692832,0.9424548515457606,4,2024
Berlin_Hbf,6405,15.94,2024-09-28,555.4968152866242,0.0195160031225605,0.9297770700636944,5,2024
Berlin_Hbf,6241,14.969999,2024-09-29,391.3367775266387,0.0075308444159589,0.9220213109460768,6,2024
Berlin_Hbf,6292,16.02,2024-09-30,393.6411736411736,0.0087412587412587,0.9390732724066058,0,2024
Berlin_Hbf,75,10.58,2024-10-01,4275.2,0.0,1.0,1,2024
Berlin_Hbf,5229,24.869999,2025-05-01,566.7630057803468,0.0074584050487664,0.9497109826589596,3,2025
Berlin_Hbf,6603,28.14,2025-05-02,478.54890555640594,0.0106012418597607,0.9556099801010256,4,2025
Berlin_Hbf,5344,16.81,2025-05-03,364.9661399548533,0.0052395209580838,0.9572987208427388,5,2025
Berlin_Hbf,4302,14.259999,2025-05-04,389.3966323666979,0.00604370060437,0.9413002806361084,6,2025
Berlin_Hbf,5354,14.16,2025-05-05,744.4021841461118,0.0080313784086664,0.9525513086047824,0,2025
Berlin_Hbf,4211,16.9,2025-05-06,380.90688651794375,0.0206601757302303,0.9485935984481086,1,2025
Berlin_Hbf,5250,16.08,2025-05-07,780.7497116493656,0.0091428571428571,0.9590542099192618,2,2025
Berlin_Hbf,4957,16.44,2025-05-08,660.1225740551583,0.0125075650595118,0.9526046986721144,3,2025
Berlin_Hbf,4956,19.49,2025-05-09,465.6667343210879,0.0058514931396287,0.9587984574791962,4,2025
Berlin_Hbf,3480,18.49,2025-05-10,986.5661047027506,0.0284482758620689,0.9417332150251404,5,2025
Berlin_Hbf,3040,18.83,2025-05-11,653.595166163142,0.0200657894736842,0.9560255119167506,6,2025
Berlin_Hbf,4158,19.05,2025-05-12,935.4954084098598,0.0048100048100048,0.9555340744320928,0,2025
Berlin_Hbf,4928,21.31,2025-05-13,417.6993677340404,0.0050730519480519,0.9357536202325109,1,2025
Berlin_Hbf,6985,22.359999,2025-05-14,1225.7142857142858,0.0138869005010737,0.9558652729384436,2,2025
Berlin_Hbf,7568,15.259999,2025-05-15,647.3423123083078,0.0091173361522198,0.9533271102813708,3,2025
Berlin_Hbf,4889,16.99,2025-05-16,658.8177339901478,0.0034771937001431,0.9714696223316912,4,2025
Berlin_Hbf,3302,17.82,2025-05-17,390.3194402190448,0.004542701393095,0.9428049893519928,5,2025
Berlin_Hbf,2946,15.78,2025-05-18,328.7205731832139,0.005091649694501,0.9471170249061752,6,2025
Berlin_Hbf,5831,14.98,2025-05-19,412.2331098504384,0.0024009603841536,0.9332989513494928,0,2025
Berlin_Hbf,5345,24.109999,2025-05-20,609.5823095823096,0.0101028999064546,0.934038934038934,1,2025
Berlin_Hbf,7439,21.72,2025-05-21,834.703258077599,0.0056459201505578,0.960118967148844,2,2025
Berlin_Hbf,6458,16.42,2025-05-22,525.6525792417651,0.0034066274388355,0.9467060285891858,3,2025
Berlin_Hbf,5700,12.799999,2025-05-23,614.8297872340426,0.0105263157894736,0.950354609929078,4,2025
Berlin_Hbf,5733,18.43,2025-05-24,560.867717372056,0.0150008721437292,0.9420931468036126,5,2025
Berlin_Hbf,5740,15.929999,2025-05-25,376.5803290164508,0.0045296167247386,0.9464473223661184,6,2025
Berlin_Hbf,6225,21.369999,2025-05-26,463.4044616876819,0.0062650602409638,0.9555447785321696,0,2025
Berlin_Hbf,6836,21.779999,2025-05-27,506.354564132668,0.0032182562902282,0.9608159671265044,1,2025
Berlin_Hbf,7959,19.31,2025-05-28,558.5082942889705,0.0077899233572056,0.96758262631379,2,2025
Berlin_Hbf,6725,19.58,2025-05-29,797.4835032993401,0.0084758364312267,0.9622075584883024,3,2025
Berlin_Hbf,6849,24.779999,2025-05-30,529.2007052600646,0.0062782888012848,0.9587129003820158,4,2025
Berlin_Hbf,6492,25.859999,2025-05-31,443.1875096614624,0.0035428219346888,0.95486164785902,5,2025
Berlin_Hbf,7110,26.859999,2025-06-01,783.2801243113435,0.0043600562587904,0.9662381692329424,6,2025
Berlin_Hbf,6178,22.66,2025-06-02,579.1108205295849,0.0097118808675946,0.9620791108205295,0,2025
Berlin_Hbf,7079,25.109999,2025-06-03,824.3842645381984,0.0088995620850402,0.9700684150513113,1,2025
Berlin_Hbf,5832,25.869999,2025-06-04,579.4469883761888,0.0264060356652949,0.9672419866150052,2,2025
Berlin_Hbf,7743,21.57,2025-06-05,446.8306010928962,0.0073614877954281,0.9690346083788708,3,2025
Berlin_Hbf,6105,22.47,2025-06-06,476.9192422731805,0.0142506142506142,0.9649385177799934,4,2025
Berlin_Hbf,1562,23.25,2025-06-07,709.8578908002992,0.1440460947503201,0.99925205684368,5,2025
Berlin_Hbf,1124,19.35,2025-06-08,247.4291710388248,0.152135231316726,0.9863588667366212,6,2025
Berlin_Hbf,904,18.8,2025-06-09,80.11764705882354,0.0597345132743362,1.0,0,2025
Berlin_Hbf,1095,19.0,2025-06-10,204.56338028169012,0.0273972602739726,0.9990610328638496,1,2025
Berlin_Hbf,1231,20.85,2025-06-11,192.5699745547074,0.0422420796100731,0.9949109414758268,2,2025
Berlin_Hbf,1196,23.689999,2025-06-12,174.2807625649913,0.0351170568561872,0.9913344887348352,3,2025
Berlin_Hbf,1053,25.4,2025-06-13,221.8094321462945,0.0132953466286799,0.9971126082771896,4,2025
Berlin_Hbf,18,29.4,2025-06-14,0.0,0.6666666666666666,1.0,5,2025
Berlin_Hbf,28,31.76,2025-06-15,0.0,0.8928571428571429,1.0,6,2025
Berlin_Hbf,14,22.84,2025-06-16,-6.666666666666667,0.3571428571428571,0.8888888888888888,0,2025
Berlin_Hbf,10,27.33,2025-06-17,0.0,0.6,1.0,1,2025
Berlin_Hbf,939,26.92,2025-06-18,170.83333333333334,0.0031948881789137,1.0,2,2025
Berlin_Hbf,1025,22.46,2025-06-19,225.0446871896723,0.0175609756097561,1.0,3,2025
Berlin_Hbf,1315,23.949999,2025-06-20,157.5115207373272,0.0098859315589353,1.0,4,2025
Berlin_Hbf,1443,29.16,2025-06-21,262.5156358582349,0.0027720027720027,0.9993050729673384,5,2025
Berlin_Hbf,1407,34.09,2025-06-22,99.70021413276233,0.0042643923240938,0.9964311206281228,6,2025
Berlin_Hbf,1519,27.039999,2025-06-23,625.6573116691285,0.10862409479921,0.9977843426883308,0,2025
Berlin_Hbf,1614,22.89,2025-06-24,274.74470734744705,0.0049566294919454,0.99813200498132,1,2025
Berlin_Hbf,1384,25.599998,2025-06-25,319.56043956043953,0.0137283236994219,1.0,2,2025
Berlin_Hbf,1422,32.27,2025-06-26,244.8301329394387,0.0478199718706047,0.9977843426883308,3,2025
Berlin_Hbf,1652,22.32,2025-06-27,289.7569866342649,0.0036319612590799,0.9993924665856622,4,2025
Berlin_Hbf,1137,29.289999,2025-06-28,154.60514640638866,0.0087950747581354,0.997338065661047,5,2025
Berlin_Hbf,911,28.33,2025-06-29,175.44642857142858,0.0164654226125137,1.0,6,2025
Berlin_Hbf,1210,26.93,2025-06-30,126.39931740614334,0.0314049586776859,0.9991467576791808,0,2025
Berlin_Hbf,1150,32.63,2025-07-01,198.4909090909091,0.0434782608695652,0.9981818181818182,1,2025
Berlin_Hbf,1255,37.48,2025-07-02,117.3170731707317,0.0199203187250996,0.997560975609756,2,2025
Berlin_Hbf,1650,25.189999,2025-07-03,486.3387978142076,0.0018181818181818,1.0,3,2025
Berlin_Hbf,2346,24.26,2025-07-04,521.9948849104859,0.0,0.9978687127024722,4,2025
Berlin_Hbf,3565,28.68,2025-07-05,546.7083926031295,0.0140252454417952,0.953058321479374,5,2025
Berlin_Hbf,4147,29.24,2025-07-06,626.4206642066421,0.0197733301181577,0.964329643296433,6,2025
Berlin_Hbf,4543,24.13,2025-07-07,1189.0085624155024,0.0231124807395993,0.972735466426318,0,2025
Berlin_Hbf,3251,21.96,2025-07-08,511.403453689168,0.0203014457090126,0.976138147566719,1,2025
Berlin_Hbf,3654,21.32,2025-07-09,462.50690226394255,0.0087575259989053,0.9679734953064604,2,2025
Berlin_Hbf,4333,22.199999,2025-07-10,789.3555093555094,0.0009231479344564,0.9812889812889812,3,2025
Berlin_Hbf,4922,24.26,2025-07-11,713.9121594143961,0.0008126777732629,0.9741764945099634,4,2025
Berlin_Hbf,4860,17.609999,2025-07-12,527.2469135802469,0.0,0.9833333333333332,5,2025
Berlin_Hbf,4888,22.859999,2025-07-13,862.0478943022296,0.0090016366612111,0.9789430222956236,6,2025
Berlin_Hbf,4576,27.13,2025-07-14,684.5064849417454,0.0059003496503496,0.9832930314354804,0,2025
Berlin_Hbf,4754,22.359999,2025-07-15,752.7562739259889,0.0109381573411863,0.9729902169289664,1,2025
Berlin_Hbf,4064,22.51,2025-07-16,695.025983667409,0.0056594488188976,0.9745112595892106,2,2025
Berlin_Hbf,3702,18.26,2025-07-17,353.8632664134563,0.0043219881145326,0.9731416169289202,3,2025
Berlin_Hbf,5162,24.789999,2025-07-18,1169.1854150504266,0.0011623401782254,0.9844840961986036,4,2025
Berlin_Hbf,4465,28.49,2025-07-19,349.83119513842,0.0049272116461366,0.9662390276839972,5,2025
Berlin_Hbf,4049,30.64,2025-07-20,173.17942283563363,0.0158063719436898,0.9555834378920952,6,2025
Berlin_Hbf,4841,23.529999,2025-07-21,398.9108293494076,0.0061970667217517,0.9721471627520266,0,2025
Berlin_Hbf,4565,22.199999,2025-07-22,542.9585798816568,0.0004381161007667,0.975454744685514,1,2025
Berlin_Hbf,3774,19.56,2025-07-23,282.0510095642933,0.0026497085320614,0.9609458023379384,2,2025
Berlin_Hbf,4801,23.23,2025-07-24,230.50197875442612,0.0,0.9537596334097064,3,2025
Berlin_Hbf,5062,24.49,2025-07-25,428.7142857142857,0.0043461082576056,0.9654761904761904,4,2025
Berlin_Hbf,4088,21.98,2025-07-26,305.22380718150515,0.0053816046966731,0.9599114608952288,5,2025
Berlin_Hbf,3890,26.05,2025-07-27,334.98194945848377,0.0030848329048843,0.9672511603919546,6,2025
Berlin_Hbf,4080,23.5,2025-07-28,467.7424130273871,0.0066176470588235,0.9679249938317296,0,2025
Berlin_Hbf,3087,21.89,2025-07-29,272.0666013712047,0.0077745383867832,0.968984655566438,1,2025
Berlin_Hbf,3514,23.23,2025-07-30,564.3183114660582,0.002276607854297,0.9703365658870508,2,2025
Berlin_Hbf,6038,18.84,2025-07-31,936.1241862794192,0.0077840344484928,0.9818060423969288,3,2025
Berlin_Hbf,4644,21.609999,2025-08-01,618.5423875432526,0.0043066322136089,0.9686418685121108,4,2025
Berlin_Hbf,3574,23.21,2025-08-02,871.1317567567568,0.0061555679910464,0.9580518018018018,5,2025
Berlin_Hbf,4296,19.96,2025-08-03,632.7208976157083,0.0041899441340782,0.9789621318373072,6,2025
Berlin_Hbf,3751,23.57,2025-08-04,494.14239482200645,0.0114636097040789,0.964670981661273,0,2025
Berlin_Hbf,4882,20.15,2025-08-05,448.82875438958894,0.0083981974600573,0.9650898574674656,1,2025
Berlin_Hbf,4634,21.81,2025-08-06,339.85316346361475,0.0006473888649115,0.9550852947527532,2,2025
Berlin_Hbf,4549,25.74,2025-08-07,377.54231699274567,0.0,0.9595515497911628,3,2025
Berlin_Hbf,5168,27.55,2025-08-08,740.7862122385748,0.0007739938080495,0.9655305964368708,4,2025
Berlin_Hbf,4890,29.369999,2025-08-09,765.052458341905,0.0059304703476482,0.960296235342522,5,2025
Berlin_Hbf,4441,24.47,2025-08-10,403.6116768499661,0.0049538392253996,0.9447838877574112,6,2025
Berlin_Hbf,6030,26.43,2025-08-11,919.65,0.0049751243781094,0.9646666666666668,0,2025
Berlin_Hbf,4393,29.269999,2025-08-12,789.7849954254345,0.0047803323469155,0.9604300091491308,1,2025
Berlin_Hbf,5725,32.11,2025-08-13,654.6517809675704,0.0143231441048034,0.9627857522594364,2,2025
Berlin_Hbf,5695,33.399998,2025-08-14,432.623709505162,0.0135206321334503,0.957992168031328,3,2025
Berlin_Hbf,5133,34.23,2025-08-15,759.3680078508341,0.0074030781219559,0.9479882237487732,4,2025
Berlin_Hbf,3304,24.22,2025-08-16,337.82766990291265,0.0024213075060532,0.9302184466019418,5,2025
Berlin_Hbf,4083,23.17,2025-08-17,446.9940476190476,0.0124908155767817,0.9556051587301588,6,2025
Berlin_Hbf,4493,25.029999,2025-08-18,492.4091520861373,0.0077898953928332,0.962314939434724,0,2025
Berlin_Hbf,3733,27.08,2025-08-19,383.0194805194805,0.009911599249933,0.9580627705627706,1,2025
Berlin_Hbf,4106,24.58,2025-08-20,296.11574301128,0.0068192888455918,0.9546346248160864,2,2025
Berlin_Hbf,5143,23.699999,2025-08-21,422.94648226097416,0.0299436126774256,0.9567047504509922,3,2025
Berlin_Hbf,5432,19.35,2025-08-22,546.5315896113465,0.0005522827687776,0.9683182906612636,4,2025
Berlin_Hbf,4263,17.19,2025-08-23,460.7926397735315,0.0056298381421534,0.9573012502948808,5,2025
Berlin_Hbf,3745,20.039999,2025-08-24,376.7389558232932,0.0026702269692923,0.952342704149933,6,2025
Berlin_Hbf,3733,19.56,2025-08-25,733.1114093959732,0.002143048486472,0.9645637583892618,0,2025
Berlin_Hbf,4780,22.519999,2025-08-26,742.7498945592577,0.007949790794979,0.9607760438633488,1,2025
Berlin_Hbf,5322,28.88,2025-08-27,503.92045454545456,0.0078917700112739,0.9475378787878788,2,2025
Berlin_Hbf,6952,20.18,2025-08-28,493.36805555555554,0.0057537399309551,0.9590567129629628,3,2025
Berlin_Hbf,6710,21.14,2025-08-29,532.3223177908555,0.0123695976154992,0.9669533725667724,4,2025
Berlin_Hbf,4885,23.109999,2025-08-30,408.719950688309,0.0036847492323439,0.9336346825559894,5,2025
Berlin_Hbf,5310,26.06,2025-08-31,996.163760424564,0.0064030131826741,0.9476876421531464,6,2025
Berlin_Hbf,3225,27.21,2025-09-01,272.9382407985028,0.005891472868217,0.9510293200249532,0,2025
Berlin_Hbf,675,21.17,2025-09-02,1.0666666666666669,0.0,1.0,1,2025
Berlin_Hbf,686,24.89,2025-09-03,0.1749271137026239,0.0,0.998542274052478,2,2025
Berlin_Hbf,3508,27.47,2025-09-04,910.430984274898,0.0210946408209806,0.9702970297029704,3,2025
Berlin_Hbf,5887,20.81,2025-09-05,515.7174772297645,0.0115508748089009,0.9542876782952396,4,2025
Berlin_Hbf,6480,22.13,2025-09-06,716.9617893755825,0.0064814814814814,0.9653619136377756,5,2025
Berlin_Hbf,5417,22.89,2025-09-07,694.360594795539,0.006830348901606,0.9464684014869889,6,2025
Berlin_Hbf,4869,23.76,2025-09-08,511.2688260779864,0.004518381597864,0.95481741283268,0,2025
Berlin_Hbf,683,26.06,2025-09-09,2.8111273792093705,0.0,1.0,1,2025
Berlin_Hbf,679,22.609999,2025-09-10,0.0,0.0,1.0,2,2025
Berlin_Hbf,638,22.88,2025-09-11,0.0,0.0,1.0,3,2025
Berlin_Hbf,586,20.689999,2025-09-12,0.0,0.0,1.0,4,2025
Berlin_Hbf,500,21.41,2025-09-13,0.0,0.0,1.0,5,2025
Berlin_Hbf,566,19.72,2025-09-14,0.0,0.0,1.0,6,2025
Berlin_Hbf,593,21.58,2025-09-15,0.0,0.0,1.0,0,2025
Berlin_Hbf,597,18.83,2025-09-16,0.0,0.0,1.0,1,2025
Berlin_Hbf,593,18.74,2025-09-17,2.833052276559865,0.0,1.0,2,2025
Berlin_Hbf,702,19.8,2025-09-18,225.55873925501436,0.0056980056980056,0.968481375358166,3,2025
Berlin_Hbf,602,23.939999,2025-09-19,0.0,0.0,1.0,4,2025
Berlin_Hbf,547,28.859999,2025-09-20,0.0,0.0,1.0,5,2025
Berlin_Hbf,561,26.91,2025-09-21,0.0,0.0,1.0,6,2025
Berlin_Hbf,548,15.2699995,2025-09-22,0.0,0.0,1.0,0,2025
Berlin_Hbf,528,17.449999,2025-09-23,0.0,0.0,1.0,1,2025
Berlin_Hbf,648,17.18,2025-09-24,0.0,0.0,1.0,2,2025
Berlin_Hbf,728,16.3,2025-09-25,0.0,0.0,1.0,3,2025
Berlin_Hbf,761,15.86,2025-09-26,0.0,0.0,1.0,4,2025
Berlin_Hbf,710,19.1,2025-09-27,0.0,0.0,1.0,5,2025
Berlin_Hbf,1056,19.22,2025-09-28,1950.029732408325,0.0445075757575757,0.99207135777998,6,2025
Berlin_Hbf,7792,17.65,2025-09-29,527.073359073359,0.0028234086242299,0.945945945945946,0,2025
Berlin_Hbf,8773,14.179999,2025-09-30,489.7212065813528,0.0023937079676279,0.9516681901279708,1,2025
Berlin_Hbf,408,12.139999,2025-10-01,3559.1176470588234,0.0,0.9044117647058824,2,2025
Dortmund_Hbf,1028,15.0199995,2022-05-01,228.10756972111557,0.0233463035019455,0.9890438247011952,6,2022
Dortmund_Hbf,1247,19.42,2022-05-02,261.84971098265896,0.028869286287089,0.9933938893476466,0,2022
Dortmund_Hbf,1241,18.289999,2022-05-03,216.79197994987467,0.0354552780016116,0.9933166248955724,1,2022
Dortmund_Hbf,1240,17.98,2022-05-04,245.22613065326632,0.0370967741935483,0.990787269681742,2,2022
Dortmund_Hbf,1243,19.02,2022-05-05,182.03811101905552,0.0289621882542236,0.991714995857498,3,2022
Dortmund_Hbf,1283,21.39,2022-05-06,275.2828685258964,0.0218238503507404,0.995219123505976,4,2022
Dortmund_Hbf,1115,22.22,2022-05-07,444.6210720887246,0.0295964125560538,0.9926062846580408,5,2022
Dortmund_Hbf,1042,18.52,2022-05-08,353.23353293413174,0.0383877159309021,0.994011976047904,6,2022
Dortmund_Hbf,1258,24.93,2022-05-09,332.1271393643032,0.0246422893481717,0.9991850040749796,0,2022
Dortmund_Hbf,1252,25.46,2022-05-10,273.03986710963454,0.0383386581469648,0.9958471760797342,1,2022
Dortmund_Hbf,1237,25.88,2022-05-11,242.67352185089973,0.0565885206143896,0.9957155098543272,2,2022
Dortmund_Hbf,1239,19.369999,2022-05-12,531.2295786758383,0.0613397901533494,0.998280309544282,3,2022
Dortmund_Hbf,1279,19.58,2022-05-13,340.2746365105008,0.0320562939796716,0.9983844911147012,4,2022
Dortmund_Hbf,1102,22.23,2022-05-14,367.1523178807947,0.0408348457350272,0.9952696310312203,5,2022
Dortmund_Hbf,1029,25.24,2022-05-15,355.5623100303951,0.0408163265306122,0.9868287740628168,6,2022
Dortmund_Hbf,1221,25.279999,2022-05-16,375.9268929503916,0.0589680589680589,0.9947780678851176,0,2022
Dortmund_Hbf,1219,21.98,2022-05-17,155.63451776649745,0.0303527481542247,0.9932318104906938,1,2022
Dortmund_Hbf,1219,29.51,2022-05-18,468.6842105263158,0.0648072190319934,0.9921052631578948,2,2022
Dortmund_Hbf,1221,28.68,2022-05-19,531.8086956521739,0.0581490581490581,0.9930434782608696,3,2022
Dortmund_Hbf,1277,23.779999,2022-05-20,758.9038785834739,0.0712607674236491,0.9924114671163576,4,2022
Dortmund_Hbf,1155,18.789999,2022-05-21,267.6422764227642,0.0415584415584415,0.991869918699187,5,2022
Dortmund_Hbf,1081,21.71,2022-05-22,234.985590778098,0.0370027752081406,0.9855907780979828,6,2022
Dortmund_Hbf,1244,25.91,2022-05-23,246.64961636828644,0.0570739549839228,0.990622335890878,0,2022
Dortmund_Hbf,1241,17.619999,2022-05-24,344.23728813559325,0.0491539081385979,0.9915254237288136,1,2022
Dortmund_Hbf,1293,19.41,2022-05-25,364.72019464720194,0.0464037122969837,0.9951338199513382,2,2022
Dortmund_Hbf,1062,19.98,2022-05-26,198.08612440191388,0.0160075329566855,0.9885167464114832,3,2022
Dortmund_Hbf,1213,18.19,2022-05-27,195.77319587628867,0.0403957131079967,0.9914089347079038,4,2022
Dortmund_Hbf,1114,17.0,2022-05-28,241.94624652455977,0.0314183123877917,0.9916589434661724,5,2022
Dortmund_Hbf,1051,14.759999,2022-05-29,235.06292352371733,0.0171265461465271,0.9883833494675702,6,2022
Dortmund_Hbf,1245,15.57,2022-05-30,262.58764607679467,0.0377510040160642,0.9924874791318864,0,2022
Dortmund_Hbf,1243,18.44,2022-05-31,295.0169491525424,0.0506838294448913,0.9932203389830508,1,2022
Dortmund_Hbf,1243,18.15,2022-06-01,326.9397993311037,0.0378117457763475,0.9941471571906354,2,2022
Dortmund_Hbf,1245,19.93,2022-06-02,484.8362720403023,0.0433734939759036,0.9907640638119228,3,2022
Dortmund_Hbf,1333,24.13,2022-06-03,567.0862470862471,0.0345086271567892,0.9984459984459984,4,2022
Dortmund_Hbf,1163,24.279999,2022-06-04,421.8198037466548,0.0361134995700773,0.9946476360392508,5,2022
Dortmund_Hbf,1139,22.41,2022-06-05,345.0802139037433,0.0149253731343283,0.9955436720142602,6,2022
Dortmund_Hbf,1149,21.08,2022-06-06,368.7147887323944,0.011314186248912,0.988556338028169,0,2022
Dortmund_Hbf,1289,20.8,2022-06-07,383.3898305084746,0.038789759503491,0.9967715899919288,1,2022
Dortmund_Hbf,1284,22.119999,2022-06-08,252.6440410418311,0.0132398753894081,0.9976322020520916,2,2022
Dortmund_Hbf,1285,19.68,2022-06-09,280.8785942492013,0.02568093385214,0.9976038338658147,3,2022
Dortmund_Hbf,1320,23.31,2022-06-10,325.84181675802665,0.0325757575757575,0.9984338292873924,4,2022
Dortmund_Hbf,1102,24.58,2022-06-11,367.2622478386167,0.0553539019963702,0.9932756964457252,5,2022
Dortmund_Hbf,1031,23.23,2022-06-12,314.5472837022133,0.0358874878758486,0.9919517102615694,6,2022
Dortmund_Hbf,1236,20.08,2022-06-13,322.0573355817875,0.0404530744336569,0.9932546374367622,0,2022
Dortmund_Hbf,1233,21.869999,2022-06-14,414.77815699658703,0.0494728304947283,0.9982935153583616,1,2022
Dortmund_Hbf,1259,26.74,2022-06-15,485.7781599312124,0.0762509928514694,0.996560619088564,2,2022
Dortmund_Hbf,1032,23.949999,2022-06-16,316.53306613226454,0.0329457364341085,0.9889779559118236,3,2022
Dortmund_Hbf,1267,28.91,2022-06-17,399.7014925373134,0.048145224940805,0.9975124378109452,4,2022
Dortmund_Hbf,1106,32.62,2022-06-18,494.864593781344,0.0985533453887884,0.9949849548645938,5,2022
Dortmund_Hbf,791,23.06,2022-06-19,363.4354194407457,0.0505689001264222,0.9946737683089214,6,2022
Dortmund_Hbf,1235,21.16,2022-06-20,299.38461538461536,0.0526315789473684,0.9948717948717948,0,2022
Dortmund_Hbf,1233,22.5,2022-06-21,279.43589743589746,0.0510948905109489,0.9974358974358974,1,2022
Dortmund_Hbf,1233,27.3,2022-06-22,315.570583262891,0.040551500405515,0.9983093829247676,2,2022
Dortmund_Hbf,1235,32.19,2022-06-23,351.5641476274165,0.0785425101214574,0.9982425307557118,3,2022
Dortmund_Hbf,1274,24.98,2022-06-24,384.0302267002519,0.065149136577708,0.9958018471872376,4,2022
Dortmund_Hbf,1099,26.269999,2022-06-25,353.0880929332043,0.0600545950864422,0.9970958373668926,5,2022
Dortmund_Hbf,1026,22.17,2022-06-26,290.8891108891109,0.0243664717348927,0.995004995004995,6,2022
Dortmund_Hbf,1205,21.35,2022-06-27,327.6096687555953,0.0730290456431535,0.9973142345568488,0,2022
Dortmund_Hbf,1223,25.119999,2022-06-28,427.95865633074936,0.0506950122649223,0.9931093884582256,1,2022
Dortmund_Hbf,1213,25.4,2022-06-29,390.5989110707804,0.0915086562242374,0.998185117967332,2,2022
Dortmund_Hbf,1209,30.9,2022-06-30,408.9230769230769,0.086021505376344,0.9945701357466064,3,2022
Dortmund_Hbf,1242,21.92,2022-07-01,379.3531914893617,0.0539452495974235,0.9974468085106384,4,2022
Dortmund_Hbf,1098,26.539999,2022-07-02,360.23598820059,0.0737704918032786,0.9960668633235004,5,2022
Dortmund_Hbf,1046,25.99,2022-07-03,317.6047904191617,0.0420650095602294,0.9930139720558884,6,2022
Dortmund_Hbf,1243,24.5,2022-07-04,375.3071672354949,0.0571198712791633,0.9974402730375428,0,2022
Dortmund_Hbf,1241,23.519999,2022-07-05,243.9932603201348,0.0435132957292506,0.995787700084246,1,2022
Dortmund_Hbf,1241,21.189999,2022-07-06,260.893760539629,0.0443190975020145,0.997470489038786,2,2022
Dortmund_Hbf,1254,20.05,2022-07-07,274.4529262086514,0.0598086124401913,0.993214588634436,3,2022
Dortmund_Hbf,1295,23.43,2022-07-08,262.4512987012987,0.0486486486486486,0.997564935064935,4,2022
Dortmund_Hbf,1133,23.619999,2022-07-09,305.8102766798419,0.1067961165048543,0.9950592885375494,5,2022
Dortmund_Hbf,1047,18.199999,2022-07-10,259.38947368421054,0.0926456542502387,0.983157894736842,6,2022
Dortmund_Hbf,1243,21.68,2022-07-11,213.50442477876103,0.0909090909090909,0.9946902654867256,0,2022
Dortmund_Hbf,1241,28.529999,2022-07-12,559.9645075421473,0.0918614020950846,0.9964507542147294,1,2022
Dortmund_Hbf,1241,29.269999,2022-07-13,282.7986348122867,0.0556003223207091,0.9974402730375428,2,2022
Dortmund_Hbf,1242,24.35,2022-07-14,338.87867647058823,0.1239935587761674,0.9972426470588236,3,2022
Dortmund_Hbf,1278,22.55,2022-07-15,287.0489038785835,0.0719874804381846,0.9991568296795952,4,2022
Dortmund_Hbf,1113,23.039999,2022-07-16,294.4488188976378,0.087151841868823,0.9960629921259844,5,2022
Dortmund_Hbf,1038,26.13,2022-07-17,434.7936507936508,0.0895953757225433,0.9936507936507936,6,2022
Dortmund_Hbf,1239,33.27,2022-07-18,330.6866197183099,0.0831315577078288,0.9947183098591548,0,2022
Dortmund_Hbf,1237,38.0,2022-07-19,551.3725490196078,0.1341956345998383,0.9981325863678804,1,2022
Dortmund_Hbf,1237,31.47,2022-07-20,335.10869565217394,0.1075181891673403,0.9981884057971014,2,2022
Dortmund_Hbf,1239,22.71,2022-07-21,306.49373881932024,0.0976594027441485,0.9946332737030412,3,2022
Dortmund_Hbf,1274,21.789999,2022-07-22,314.8695652173913,0.097331240188383,0.997391304347826,4,2022
Dortmund_Hbf,1110,25.17,2022-07-23,285.6496062992126,0.0846846846846846,0.9931102362204725,5,2022
Dortmund_Hbf,1034,30.24,2022-07-24,251.71189979123173,0.0735009671179884,0.9895615866388308,6,2022
Dortmund_Hbf,1238,28.89,2022-07-25,266.19343389529723,0.0896607431340872,0.9937888198757764,0,2022
Dortmund_Hbf,1241,22.369999,2022-07-26,368.994708994709,0.0862207896857373,0.9973544973544972,1,2022
Dortmund_Hbf,1275,21.65,2022-07-27,258.75,0.0713725490196078,0.9864864864864864,2,2022
Dortmund_Hbf,1249,24.35,2022-07-28,368.0952380952381,0.0920736589271417,0.9902998236331568,3,2022
Dortmund_Hbf,1277,24.34,2022-07-29,296.8713204373423,0.0689115113547376,0.9966358284272496,4,2022
Dortmund_Hbf,1155,26.39,2022-07-30,305.3122087604846,0.070995670995671,0.994408201304753,5,2022
Dortmund_Hbf,1032,25.8,2022-07-31,277.23919915700736,0.0804263565891472,0.9905163329820864,6,2022
Dortmund_Hbf,1212,23.34,2022-08-01,314.0773286467487,0.061056105610561,0.9947275922671354,0,2022
Dortmund_Hbf,1211,28.56,2022-08-02,261.227621483376,0.0313790255986787,0.9948849104859336,1,2022
Dortmund_Hbf,1211,32.04,2022-08-03,398.69303525365433,0.0396366639141205,0.994840928632846,2,2022
Dortmund_Hbf,1212,33.36,2022-08-04,323.1541850220264,0.0635313531353135,0.9938325991189428,3,2022
Dortmund_Hbf,1250,22.6,2022-08-05,357.74624373956595,0.0416,0.994991652754591,4,2022
Dortmund_Hbf,1060,22.689999,2022-08-06,424.0658276863504,0.0254716981132075,0.9970958373668926,5,2022
Dortmund_Hbf,980,25.449999,2022-08-07,270.2893890675241,0.0479591836734693,0.9978563772775992,6,2022
Dortmund_Hbf,1204,25.789999,2022-08-08,361.6157989228007,0.074750830564784,0.9973070017953322,0,2022
Dortmund_Hbf,1203,27.64,2022-08-09,358.2825484764543,0.0997506234413965,0.9953831948291784,1,2022
Dortmund_Hbf,1203,29.859999,2022-08-10,445.4946996466431,0.0590191188694929,0.9973498233215548,2,2022
Dortmund_Hbf,1209,31.199999,2022-08-11,330.7266435986159,0.0438378825475599,0.9965397923875432,3,2022
Dortmund_Hbf,1302,31.369999,2022-08-12,547.3086419753087,0.0668202764976958,0.9958847736625516,4,2022
Dortmund_Hbf,1113,31.59,2022-08-13,561.4581280788177,0.0880503144654088,0.9970443349753696,5,2022
Dortmund_Hbf,1041,32.079998,2022-08-14,375.678391959799,0.0441882804995196,0.9919597989949748,6,2022
Dortmund_Hbf,1269,25.99,2022-08-15,375.15996718621824,0.0394011032308904,0.9950779327317474,0,2022
Dortmund_Hbf,1269,30.08,2022-08-16,363.9933444259568,0.0527974783293932,0.9958402662229616,1,2022
Dortmund_Hbf,1268,27.039999,2022-08-17,325.82781456953643,0.0473186119873817,0.9917218543046358,2,2022
Dortmund_Hbf,1268,26.0,2022-08-18,419.65936739659367,0.0276025236593059,0.9927007299270072,3,2022
Dortmund_Hbf,1309,27.63,2022-08-19,367.0167064439141,0.0397249809014514,0.9952267303102624,4,2022
Dortmund_Hbf,1120,24.519999,2022-08-20,751.7333333333333,0.7991071428571429,0.9822222222222222,5,2022
Dortmund_Hbf,981,25.56,2022-08-21,333.6977491961415,0.0489296636085626,0.992497320471597,6,2022
Dortmund_Hbf,1207,27.57,2022-08-22,357.2703412073491,0.0530240265120132,0.994750656167979,0,2022
Dortmund_Hbf,1205,30.869999,2022-08-23,257.4716652136007,0.0481327800829875,0.996512641673932,1,2022
Dortmund_Hbf,1204,32.329998,2022-08-24,312.5280414150129,0.037375415282392,0.989646246764452,2,2022
Dortmund_Hbf,1206,32.149998,2022-08-25,362.9577464788732,0.0580431177446102,0.9929577464788732,3,2022
Dortmund_Hbf,1248,24.08,2022-08-26,318.06615776081424,0.0552884615384615,0.9957591178965224,4,2022
Dortmund_Hbf,1057,21.6,2022-08-27,344.8586387434555,0.0964995269631031,0.9863874345549738,5,2022
Dortmund_Hbf,984,23.47,2022-08-28,359.6825396825397,0.0396341463414634,0.9968253968253968,6,2022
Dortmund_Hbf,1207,23.84,2022-08-29,305.98411297440424,0.0613090306545153,0.998234774933804,0,2022
Dortmund_Hbf,1203,24.92,2022-08-30,397.26480836236937,0.0457190357439734,0.995644599303136,1,2022
Dortmund_Hbf,1203,24.8,2022-08-31,272.22972972972974,0.0157938487115544,0.9932432432432432,2,2022
Dortmund_Hbf,1217,25.39,2022-09-01,250.58227848101265,0.0262941659819227,0.9949367088607596,3,2022
Dortmund_Hbf,1254,26.14,2022-09-02,281.12699747687134,0.0518341307814992,0.9949537426408748,4,2022
Dortmund_Hbf,1071,26.58,2022-09-03,241.35960591133005,0.0522875816993464,0.993103448275862,5,2022
Dortmund_Hbf,997,28.01,2022-09-04,235.72736520854528,0.0140421263791374,0.9888097660223804,6,2022
Dortmund_Hbf,1223,30.46,2022-09-05,272.3076923076923,0.0539656582174979,0.9913569576490924,0,2022
Dortmund_Hbf,1222,30.51,2022-09-06,286.3049095607235,0.0499181669394435,0.9939707149009476,1,2022
Dortmund_Hbf,1222,24.42,2022-09-07,287.28857890148214,0.0613747954173486,0.992153443766347,2,2022
Dortmund_Hbf,1224,22.25,2022-09-08,456.4323374340949,0.0702614379084967,0.9964850615114236,3,2022
Dortmund_Hbf,1262,21.689999,2022-09-09,534.4729849424269,0.1053882725832012,0.9973427812223208,4,2022
Dortmund_Hbf,1068,17.65,2022-09-10,270.18218623481783,0.0749063670411985,0.9979757085020244,5,2022
Dortmund_Hbf,998,20.74,2022-09-11,267.33188720173536,0.0761523046092184,0.9956616052060736,6,2022
Dortmund_Hbf,1224,24.8,2022-09-12,226.8849557522124,0.076797385620915,0.9920353982300883,0,2022
Dortmund_Hbf,1227,24.07,2022-09-13,296.1491760624458,0.0603096984515077,1.0,1,2022
Dortmund_Hbf,1185,16.69,2022-09-14,284.5967042497832,0.0270042194092827,0.9956634865568084,2,2022
Dortmund_Hbf,1187,17.42,2022-09-15,288.9005235602094,0.0345408593091828,0.9965095986038396,3,2022
Dortmund_Hbf,1221,15.9,2022-09-16,297.62478485370053,0.0483210483210483,0.9965576592082616,4,2022
Dortmund_Hbf,1007,15.059999,2022-09-17,263.0439223697651,0.0278053624627606,0.9908069458631256,5,2022
Dortmund_Hbf,929,12.13,2022-09-18,246.4,0.0312163616792249,0.9977777777777778,6,2022
Dortmund_Hbf,1226,17.16,2022-09-19,270.69767441860466,0.0530179445350734,0.9948320413436692,0,2022
Dortmund_Hbf,1201,16.22,2022-09-20,222.47191011235955,0.0366361365528726,0.9982713915298184,1,2022
Dortmund_Hbf,1193,17.76,2022-09-21,312.9181494661922,0.0578373847443419,0.9955516014234876,2,2022
Dortmund_Hbf,1195,19.64,2022-09-22,273.8835794960904,0.0368200836820083,0.9956559513466552,3,2022
Dortmund_Hbf,1227,18.67,2022-09-23,223.43399482312336,0.0554197229013854,0.993960310612597,4,2022
Dortmund_Hbf,1039,16.609999,2022-09-24,232.5370187561698,0.02502406159769,0.9960513326752222,5,2022
Dortmund_Hbf,981,17.82,2022-09-25,249.9367088607595,0.0336391437308868,0.9926160337552744,6,2022
Dortmund_Hbf,1203,13.139999,2022-09-26,188.4192730346577,0.0166251039068994,0.9983093829247676,0,2022
Dortmund_Hbf,1201,11.54,2022-09-27,204.14201183431956,0.0149875104079933,0.9949281487743026,1,2022
Dortmund_Hbf,1202,13.17,2022-09-28,192.23650385604117,0.0291181364392678,0.9931448157669236,2,2022
Dortmund_Hbf,1204,15.639999,2022-09-29,188.2142857142857,0.0232558139534883,0.9948979591836736,3,2022
Dortmund_Hbf,1239,16.55,2022-09-30,366.1860854987426,0.0371267150928167,0.9966471081307628,4,2022
Dortmund_Hbf,15,17.109999,2022-10-01,532.0,0.0,1.0,5,2022
Dortmund_Hbf,1144,19.98,2023-05-01,181.22775800711744,0.0174825174825174,0.98220640569395,0,2023
Dortmund_Hbf,1260,13.03,2023-05-02,826.0845070422536,0.1547619047619047,0.975586854460094,1,2023
Dortmund_Hbf,1258,15.66,2023-05-03,310.684253915911,0.0357710651828298,0.9884583676834297,2,2023
Dortmund_Hbf,1257,22.519999,2023-05-04,322.0032310177706,0.0151153540175019,0.9854604200323102,3,2023
Dortmund_Hbf,1293,21.47,2023-05-05,488.1795918367347,0.0525908739365815,0.9893877551020408,4,2023
Dortmund_Hbf,1205,20.89,2023-05-06,252.25531914893617,0.0248962655601659,0.9940425531914894,5,2023
Dortmund_Hbf,1129,20.47,2023-05-07,275.3037171350861,0.0230292294065544,0.9836808703535812,6,2023
Dortmund_Hbf,1224,20.21,2023-05-08,631.0795454545455,0.1372549019607843,0.9801136363636364,0,2023
Dortmund_Hbf,1217,21.27,2023-05-09,338.07106598984774,0.028759244042728,0.9839255499153976,1,2023
Dortmund_Hbf,1217,18.09,2023-05-10,470.6217616580311,0.04847986852917,0.9844559585492229,2,2023
Dortmund_Hbf,1219,16.91,2023-05-11,366.17721518987344,0.0278917145200984,0.9856540084388186,3,2023
Dortmund_Hbf,1259,21.42,2023-05-12,372.81121187139325,0.0365369340746624,0.9851607584501236,4,2023
Dortmund_Hbf,1182,22.74,2023-05-13,385.6607142857143,0.0524534686971235,0.9910714285714286,5,2023
Dortmund_Hbf,1124,21.64,2023-05-14,310.58485139022054,0.0720640569395017,0.9865771812080536,6,2023
Dortmund_Hbf,1223,20.18,2023-05-15,294.55645161290323,0.1888798037612428,0.9889112903225806,0,2023
Dortmund_Hbf,1221,15.19,2023-05-16,257.0205173951829,0.0819000819000819,0.9928635147190008,1,2023
Dortmund_Hbf,1256,14.849999,2023-05-17,423.3730834752981,0.0652866242038216,0.9931856899488928,2,2023
Dortmund_Hbf,1121,16.039999,2023-05-18,332.86516853932585,0.047279214986619,0.9915730337078652,3,2023
Dortmund_Hbf,1240,19.949999,2023-05-19,233.8160136286201,0.0532258064516129,0.989778534923339,4,2023
Dortmund_Hbf,1151,18.77,2023-05-20,192.92568203198496,0.0764552562988705,0.980244590780809,5,2023
Dortmund_Hbf,1123,23.85,2023-05-21,378.2404692082112,0.089047195013357,0.9843597262952102,6,2023
Dortmund_Hbf,1238,25.48,2023-05-22,396.50045330915685,0.1090468497576736,0.9891205802357208,0,2023
Dortmund_Hbf,1241,16.88,2023-05-23,509.1272727272727,0.1136180499597099,0.9927272727272728,1,2023
Dortmund_Hbf,1240,15.37,2023-05-24,315.8510638297872,0.0903225806451612,0.99645390070922,2,2023
Dortmund_Hbf,1243,17.75,2023-05-25,331.9060052219321,0.0756234915526951,0.9965187119234116,3,2023
Dortmund_Hbf,1267,18.35,2023-05-26,407.9461883408072,0.1199684293606945,0.9928251121076234,4,2023
Dortmund_Hbf,1201,21.8,2023-05-27,328.2567215958369,0.0399666944213155,0.9930615784908932,5,2023
Dortmund_Hbf,1152,23.369999,2023-05-28,375.7720588235294,0.0555555555555555,0.9963235294117648,6,2023
Dortmund_Hbf,1128,19.51,2023-05-29,248.494623655914,0.0106382978723404,0.9883512544802868,0,2023
Dortmund_Hbf,1270,20.17,2023-05-30,236.59367396593677,0.0291338582677165,0.981346309813463,1,2023
Dortmund_Hbf,1265,24.269999,2023-05-31,270.64039408866995,0.0371541501976284,0.98440065681445,2,2023
Dortmund_Hbf,1202,18.52,2023-06-01,301.5802888700085,0.0207986688851913,0.9787595581988106,3,2023
Dortmund_Hbf,1232,19.439999,2023-06-02,282.84263959390864,0.0405844155844155,0.9830795262267344,4,2023
Dortmund_Hbf,1186,21.33,2023-06-03,333.80500431406386,0.0227655986509274,0.9887834339948232,5,2023
Dortmund_Hbf,1088,23.34,2023-06-04,245.8356940509915,0.0266544117647058,0.9896128423040604,6,2023
Dortmund_Hbf,1246,24.66,2023-06-05,338.79396984924625,0.0417335473515248,0.9824120603015076,0,2023
Dortmund_Hbf,1237,24.789999,2023-06-06,394.962962962963,0.0177849636216653,0.988477366255144,1,2023
Dortmund_Hbf,1262,22.609999,2023-06-07,393.6084284460053,0.0974643423137876,0.9877085162423178,2,2023
Dortmund_Hbf,837,26.39,2023-06-08,173.9119804400978,0.022700119474313,0.9938875305623472,3,2023
Dortmund_Hbf,315,27.15,2023-06-13,567.0096463022508,0.0126984126984126,0.9967845659163987,1,2023
Dortmund_Hbf,1235,24.32,2023-06-14,534.6519524617996,0.0461538461538461,0.9915110356536504,2,2023
Dortmund_Hbf,1237,26.48,2023-06-15,362.7177700348432,0.0719482619240097,0.9921602787456446,3,2023
Dortmund_Hbf,29,27.33,2023-06-16,4.137931034482759,0.0,1.0,4,2023
Dortmund_Hbf,565,27.71,2023-06-19,445.2808988764045,0.0548672566371681,0.9906367041198502,0,2023
Dortmund_Hbf,1236,30.859999,2023-06-20,415.6287944492628,0.0671521035598705,0.9913269731136166,1,2023
Dortmund_Hbf,1236,28.029999,2023-06-21,538.468085106383,0.0493527508090614,0.9872340425531916,2,2023
Dortmund_Hbf,1239,25.66,2023-06-22,570.4109589041096,0.1162227602905569,0.993607305936073,3,2023
Dortmund_Hbf,1270,25.66,2023-06-23,635.1661631419939,0.2181102362204724,0.9969788519637462,4,2023
Dortmund_Hbf,1197,28.529999,2023-06-24,351.7260273972603,0.0852130325814536,0.9926940639269406,5,2023
Dortmund_Hbf,1130,31.24,2023-06-25,302.79733587059945,0.0699115044247787,0.9838249286393912,6,2023
Dortmund_Hbf,1244,24.609999,2023-06-26,376.0238907849829,0.0578778135048231,0.9889078498293516,0,2023
Dortmund_Hbf,1242,23.21,2023-06-27,333.6117936117936,0.0169082125603864,0.9877149877149876,1,2023
Dortmund_Hbf,1266,21.46,2023-06-28,212.4494745351657,0.0229067930489731,0.9894907033144704,2,2023
Dortmund_Hbf,1270,24.47,2023-06-29,378.9860997547016,0.037007874015748,0.9910057236304172,3,2023
Dortmund_Hbf,1305,22.16,2023-06-30,294.24,0.0421455938697318,0.9928,4,2023
Dortmund_Hbf,1174,21.529999,2023-07-01,234.23076923076923,0.06984667802385,0.9844322344322344,5,2023
Dortmund_Hbf,1117,21.859999,2023-07-02,427.6047904191617,0.1029543419874664,0.9780439121756488,6,2023
Dortmund_Hbf,1207,20.92,2023-07-03,294.8727272727273,0.0886495443247721,0.9781818181818182,0,2023
Dortmund_Hbf,1201,22.39,2023-07-04,247.05272255834052,0.0366361365528726,0.9818496110630942,1,2023
Dortmund_Hbf,1220,21.0,2023-07-05,293.72093023255815,0.0836065573770491,0.9821109123434704,2,2023
Dortmund_Hbf,1222,23.56,2023-07-06,272.8006728343145,0.0270049099836333,0.984861227922624,3,2023
Dortmund_Hbf,1257,28.849998,2023-07-07,470.86092715231786,0.0389817024661893,0.9834437086092715,4,2023
Dortmund_Hbf,1179,34.239998,2023-07-08,277.66696349065006,0.0474978795589482,0.9839715048975958,5,2023
Dortmund_Hbf,1129,34.68,2023-07-09,495.18275538894096,0.0549158547387068,0.985004686035614,6,2023
Dortmund_Hbf,1195,26.43,2023-07-10,314.4684528954192,0.0317991631799163,0.986171132238548,0,2023
Dortmund_Hbf,1193,31.71,2023-07-11,403.4389140271493,0.0737636211232187,0.9773755656108596,1,2023
Dortmund_Hbf,1193,24.57,2023-07-12,400.7740774077408,0.0687342833193629,0.9828982898289828,2,2023
Dortmund_Hbf,1224,23.21,2023-07-13,511.2379280070237,0.0694444444444444,0.9885864793678666,3,2023
Dortmund_Hbf,1259,26.88,2023-07-14,303.84161752316766,0.057188244638602,0.987363100252738,4,2023
Dortmund_Hbf,1162,26.72,2023-07-15,302.7906976744186,0.0378657487091222,0.981216457960644,5,2023
Dortmund_Hbf,1023,23.689999,2023-07-16,254.44776119402985,0.0175953079178885,0.9800995024875622,6,2023
Dortmund_Hbf,1231,23.449999,2023-07-17,338.2229673093043,0.0308692120227457,0.983235540653814,0,2023
Dortmund_Hbf,1229,24.869999,2023-07-18,270.8801341156748,0.0292921074043938,0.9849119865884324,1,2023
Dortmund_Hbf,1229,24.98,2023-07-19,290.08517887563886,0.0447518307567127,0.9812606473594548,2,2023
Dortmund_Hbf,1231,22.74,2023-07-20,286.5974025974026,0.0617384240454914,0.987878787878788,3,2023
Dortmund_Hbf,1277,22.65,2023-07-21,318.465387823186,0.0610806577916992,0.9833194328607172,4,2023
Dortmund_Hbf,808,23.15,2023-07-22,239.2894736842105,0.0594059405940594,0.9802631578947368,5,2023
Dortmund_Hbf,1137,21.66,2023-07-23,267.4020054694621,0.0351802990325417,0.9799453053783044,6,2023
Dortmund_Hbf,1232,21.47,2023-07-24,229.02564102564105,0.0503246753246753,0.9777777777777776,0,2023
Dortmund_Hbf,1230,20.27,2023-07-25,311.9897959183673,0.0439024390243902,0.9812925170068028,1,2023
Dortmund_Hbf,1268,20.93,2023-07-26,355.3480176211454,0.1048895899053627,0.988546255506608,2,2023
Dortmund_Hbf,1272,18.369999,2023-07-27,378.93356643356645,0.10062893081761,0.9816433566433568,3,2023
Dortmund_Hbf,1315,24.269999,2023-07-28,382.9653505237712,0.0562737642585551,0.983883964544722,4,2023
Dortmund_Hbf,1224,23.9,2023-07-29,312.7835051546392,0.0490196078431372,0.9871134020618556,5,2023
Dortmund_Hbf,1173,20.99,2023-07-30,437.4107142857143,0.0451832907075873,0.9892857142857144,6,2023
Dortmund_Hbf,1283,19.07,2023-07-31,574.6921797004992,0.0631332813717848,0.9891846921797004,0,2023
Dortmund_Hbf,1282,21.289999,2023-08-01,312.01946472019466,0.0382215288611544,0.986212489862125,1,2023
Dortmund_Hbf,1282,22.66,2023-08-02,499.35,0.06396255850234,0.9866666666666668,2,2023
Dortmund_Hbf,1284,20.08,2023-08-03,466.0545905707196,0.058411214953271,0.9834574028122416,3,2023
Dortmund_Hbf,1332,22.189999,2023-08-04,400.0,0.0292792792792792,0.991492652745553,4,2023
Dortmund_Hbf,1217,21.4,2023-08-05,417.4585635359116,0.1076417419884963,0.985267034990792,5,2023
Dortmund_Hbf,1165,19.89,2023-08-06,378.23691460055096,0.0652360515021459,0.9880624426078972,6,2023
Dortmund_Hbf,1261,19.15,2023-08-07,363.5744680851064,0.0681998413957176,0.9863829787234044,0,2023
Dortmund_Hbf,1258,20.029999,2023-08-08,369.38574938574936,0.0294117647058823,0.9885339885339886,1,2023
Dortmund_Hbf,1260,21.34,2023-08-09,420.40677966101697,0.0634920634920634,0.9754237288135592,2,2023
Dortmund_Hbf,1261,23.81,2023-08-10,339.85111662531017,0.0412371134020618,0.979321753515302,3,2023
Dortmund_Hbf,1305,29.4,2023-08-11,356.07655502392345,0.0390804597701149,0.981658692185008,4,2023
Dortmund_Hbf,1212,23.39,2023-08-12,447.0284237726098,0.042079207920792,0.9931093884582256,5,2023
Dortmund_Hbf,1164,24.92,2023-08-13,339.76363636363635,0.0549828178694158,0.9845454545454544,6,2023
Dortmund_Hbf,1262,27.349998,2023-08-14,307.8842975206612,0.0412044374009508,0.9834710743801652,0,2023
Dortmund_Hbf,1258,26.33,2023-08-15,482.4317617866005,0.0389507154213036,0.9875930521091812,1,2023
Dortmund_Hbf,1258,23.289999,2023-08-16,479.1959798994975,0.0508744038155802,0.9857621440536012,2,2023
Dortmund_Hbf,1261,19.55,2023-08-17,360.3012552301256,0.0523394131641554,0.982426778242678,3,2023
Dortmund_Hbf,1297,28.97,2023-08-18,430.81566068515497,0.0547417116422513,0.9812398042414356,4,2023
Dortmund_Hbf,1214,29.369999,2023-08-19,489.8412698412698,0.0658978583196046,0.992063492063492,5,2023
Dortmund_Hbf,1155,27.439999,2023-08-20,858.8619402985074,0.0718614718614718,0.9990671641791044,6,2023
Dortmund_Hbf,1260,27.07,2023-08-21,362.36503856041134,0.0738095238095238,0.9777206512425022,0,2023
Dortmund_Hbf,1258,25.769999,2023-08-22,301.9370860927152,0.0397456279809221,0.9875827814569536,1,2023
Dortmund_Hbf,1266,27.199999,2023-08-23,372.14814814814815,0.0402843601895734,0.9868312757201646,2,2023
Dortmund_Hbf,1269,27.23,2023-08-24,349.9668874172185,0.0480693459416863,0.9834437086092715,3,2023
Dortmund_Hbf,1286,23.8,2023-08-25,357.37840065952184,0.0567651632970451,0.989282769991756,4,2023
Dortmund_Hbf,1209,22.17,2023-08-26,353.245382585752,0.0595533498759305,0.9947229551451188,5,2023
Dortmund_Hbf,1141,21.17,2023-08-27,293.08550185873605,0.0569675723049956,0.9897769516728624,6,2023
Dortmund_Hbf,1260,20.529999,2023-08-28,358.3826086956521,0.0873015873015873,0.9869565217391304,0,2023
Dortmund_Hbf,1258,21.21,2023-08-29,324.6774193548387,0.1128775834658187,0.9883512544802868,1,2023
Dortmund_Hbf,1258,18.609999,2023-08-30,508.2145850796312,0.0516693163751987,0.9865884325230512,2,2023
Dortmund_Hbf,1268,19.949999,2023-08-31,291.9446704637917,0.0307570977917981,0.9910496338486574,3,2023
Dortmund_Hbf,1293,19.82,2023-09-01,417.8360655737705,0.0564578499613302,0.992622950819672,4,2023
Dortmund_Hbf,1199,23.199999,2023-09-02,305.77338129496405,0.0725604670558799,0.9910071942446044,5,2023
Dortmund_Hbf,1115,22.9,2023-09-03,300.60941828254846,0.0286995515695067,0.9861495844875346,6,2023
Dortmund_Hbf,1258,26.289999,2023-09-04,320.3669724770642,0.046899841017488,0.9916597164303588,0,2023
Dortmund_Hbf,1256,30.39,2023-09-05,315.81047381546136,0.0421974522292993,0.9933499584372404,1,2023
Dortmund_Hbf,1256,30.039999,2023-09-06,667.1186440677966,0.1544585987261146,0.9887005649717514,2,2023
Dortmund_Hbf,1258,29.83,2023-09-07,386.4080944350759,0.0572337042925278,0.9890387858347386,3,2023
Dortmund_Hbf,1293,30.9,2023-09-08,391.6708229426434,0.0696055684454756,0.9950124688279302,4,2023
Dortmund_Hbf,1209,30.34,2023-09-09,274.98214285714283,0.0736145574855252,0.9910714285714286,5,2023
Dortmund_Hbf,1193,30.42,2023-09-10,783.3586337760911,0.1165129924559933,0.9876660341555976,6,2023
Dortmund_Hbf,1499,30.859999,2023-09-11,810.8586762075134,0.2541694462975317,0.9955277280858676,0,2023
Dortmund_Hbf,1333,24.51,2023-09-12,844.7397769516729,0.1927981995498874,0.9934944237918216,1,2023
Dortmund_Hbf,1257,20.67,2023-09-13,481.038062283737,0.0803500397772474,0.9878892733564014,2,2023
Dortmund_Hbf,1259,20.09,2023-09-14,364.3463780183181,0.0460683081810961,0.9958368026644464,3,2023
Dortmund_Hbf,1303,23.21,2023-09-15,374.0531561461794,0.0759785111281657,0.9925249169435216,4,2023
Dortmund_Hbf,1233,26.34,2023-09-16,524.7923875432526,0.0624493106244931,0.9922145328719724,5,2023
Dortmund_Hbf,1149,26.599998,2023-09-17,519.4765342960288,0.0356832027850304,0.9963898916967509,6,2023
Dortmund_Hbf,1311,24.869999,2023-09-18,489.7138184791496,0.0671243325705568,0.9918233851185608,0,2023
Dortmund_Hbf,1308,20.35,2023-09-19,459.163179916318,0.0863914373088685,0.994142259414226,1,2023
Dortmund_Hbf,1308,23.5,2023-09-20,412.6840855106888,0.0344036697247706,0.990498812351544,2,2023
Dortmund_Hbf,1310,23.109999,2023-09-21,642.7053140096618,0.0519083969465648,0.9935587761674718,3,2023
Dortmund_Hbf,1346,19.25,2023-09-22,433.0866141732283,0.0564635958395245,0.9937007874015747,4,2023
Dortmund_Hbf,1184,17.3,2023-09-23,577.96875,0.027027027027027,0.9947916666666666,5,2023
Dortmund_Hbf,1125,20.67,2023-09-24,513.5977859778598,0.0364444444444444,0.9907749077490776,6,2023
Dortmund_Hbf,1235,22.109999,2023-09-25,381.6385135135135,0.0412955465587044,0.9907094594594594,0,2023
Dortmund_Hbf,1229,24.33,2023-09-26,320.8647654093836,0.1155410903173311,0.9825206991720332,1,2023
Dortmund_Hbf,1221,24.109999,2023-09-27,339.64102564102564,0.0417690417690417,0.9888888888888888,2,2023
Dortmund_Hbf,1223,21.72,2023-09-28,414.7552447552448,0.0645952575633687,0.98513986013986,3,2023
Dortmund_Hbf,1256,23.539999,2023-09-29,410.4872006606111,0.035828025477707,0.9958711808422792,4,2023
Dortmund_Hbf,1175,19.46,2023-09-30,316.62587412587413,0.0263829787234042,0.9877622377622378,5,2023
Dortmund_Hbf,16,22.88,2023-10-01,137.14285714285714,0.125,1.0,6,2023
Dortmund_Hbf,9984,27.21,2024-05-01,506.6350901944977,0.0061097756410256,0.9854882595989116,2,2024
Dortmund_Hbf,11837,25.89,2024-05-02,579.156924652274,0.0099687420799188,0.9917228432460108,3,2024
Dortmund_Hbf,11032,14.219999,2024-05-03,488.2355105795768,0.0146845540246555,0.9928242870285188,4,2024
Dortmund_Hbf,10298,17.98,2024-05-04,504.3461198861964,0.0101961545931248,0.9895025998234084,5,2024
Dortmund_Hbf,9311,16.65,2024-05-05,417.44625407166126,0.0108473848136612,0.9882736156351792,6,2024
Dortmund_Hbf,11736,18.88,2024-05-06,659.4220349187236,0.0092876618950238,0.994839597488604,0,2024
Dortmund_Hbf,10645,19.34,2024-05-07,478.7775014348575,0.017942696101456,0.9922517696575474,1,2024
Dortmund_Hbf,11444,18.89,2024-05-08,516.2421453225949,0.0126703949667948,0.9930082308168864,2,2024
Dortmund_Hbf,10641,21.14,2024-05-09,894.8940998487141,0.0061084484540926,0.9890317700453858,3,2024
Dortmund_Hbf,12792,22.41,2024-05-10,457.3975523095144,0.0099280800500312,0.9921831819976312,4,2024
Dortmund_Hbf,9792,23.25,2024-05-11,463.5638629283489,0.0165441176470588,0.9882658359293872,5,2024
Dortmund_Hbf,11814,25.689999,2024-05-12,673.2670744138634,0.0035551041137633,0.9917601087325858,6,2024
Dortmund_Hbf,10847,26.26,2024-05-13,711.8880988023952,0.0146584309025537,0.9926085329341318,0,2024
Dortmund_Hbf,9913,27.66,2024-05-14,436.4708303323387,0.0195702612730757,0.9896079843605308,1,2024
Dortmund_Hbf,9292,25.109999,2024-05-15,375.0406945198047,0.0082866982350408,0.9901247965274008,2,2024
Dortmund_Hbf,9954,22.359999,2024-05-16,457.7896865520728,0.0064295760498292,0.9879676440849344,3,2024
Dortmund_Hbf,10979,21.41,2024-05-17,726.4921853324702,0.015119774114218,0.9896420974752612,4,2024
Dortmund_Hbf,9827,21.38,2024-05-18,577.6310919185688,0.010277806044571,0.988587291795188,5,2024
Dortmund_Hbf,8811,20.56,2024-05-19,547.9259513198491,0.006809669731018,0.9854873728716718,6,2024
Dortmund_Hbf,7820,21.89,2024-05-20,374.990250877421,0.0162404092071611,0.9858312751852332,0,2024
Dortmund_Hbf,9406,23.92,2024-05-21,511.36817255070287,0.0092494152668509,0.9889473119433416,1,2024
Dortmund_Hbf,10242,19.02,2024-05-22,510.2463151647047,0.0129857449716852,0.9869423286180632,2,2024
Dortmund_Hbf,11624,21.57,2024-05-23,483.71483153872873,0.0092911218169304,0.988971865230983,3,2024
Dortmund_Hbf,10889,18.48,2024-05-24,439.7519666820916,0.0077142069978877,0.9858398889403054,4,2024
Dortmund_Hbf,9249,19.83,2024-05-25,498.7077730403411,0.0110282192669477,0.9833825297911885,5,2024
Dortmund_Hbf,11324,24.0,2024-05-26,696.5652759084792,0.0158071352878841,0.9827725437415882,6,2024
Dortmund_Hbf,11316,21.01,2024-05-27,492.8489692126056,0.0269529869211735,0.9851058032876214,0,2024
Dortmund_Hbf,11589,19.24,2024-05-28,553.7937708956537,0.0192423850202778,0.9880344888263242,1,2024
Dortmund_Hbf,8364,19.41,2024-05-29,573.9209505334627,0.0138689622190339,0.9910281280310378,2,2024
Dortmund_Hbf,3152,21.119999,2024-05-30,496.3985901954502,0.0098350253807106,0.9820570330022428,3,2024
Dortmund_Hbf,11795,20.97,2024-05-31,744.2146189735614,0.0187367528613819,0.9877311214791776,4,2024
Dortmund_Hbf,10996,23.15,2024-06-01,753.4838887358854,0.0093670425609312,0.9887083448085928,5,2024
Dortmund_Hbf,10187,17.32,2024-06-02,883.0088495575221,0.0127613625208599,0.9859799144874216,6,2024
Dortmund_Hbf,13573,16.68,2024-06-03,958.4459001581206,0.0215132984601782,0.9921692643626232,0,2024
Dortmund_Hbf,14531,21.22,2024-06-04,660.6616036220242,0.0576009909847911,0.9908719147071712,1,2024
Dortmund_Hbf,11252,18.8,2024-06-05,826.918918918919,0.0135087095627444,0.9872972972972972,2,2024
Dortmund_Hbf,11789,19.89,2024-06-06,718.9198966408269,0.0151836457714818,0.9914728682170544,3,2024
Dortmund_Hbf,12865,21.05,2024-06-07,975.637166049334,0.0136805285658764,0.9907794152415478,4,2024
Dortmund_Hbf,11054,21.119999,2024-06-08,1075.2656379931627,0.0208974127012846,0.9832763559087128,5,2024
Dortmund_Hbf,10424,20.58,2024-06-09,776.746776084408,0.0180353031465848,0.9833919499804612,6,2024
Dortmund_Hbf,12263,14.73,2024-06-10,614.8434289471521,0.0078284269754546,0.99013725651352,0,2024
Dortmund_Hbf,14101,17.4,2024-06-11,857.5589817138759,0.0110630451741011,0.9935460738615992,1,2024
Dortmund_Hbf,13921,16.59,2024-06-12,709.2584699051959,0.0225558508727821,0.9905930770926727,2,2024
Dortmund_Hbf,13772,19.97,2024-06-13,833.692964711171,0.0308597153645076,0.9910841387577732,3,2024
Dortmund_Hbf,14016,20.039999,2024-06-14,740.2842507755573,0.0110587899543379,0.988384676430272,4,2024
Dortmund_Hbf,11402,19.39,2024-06-15,744.3175638934204,0.0322750394667602,0.9856806235272794,5,2024
Dortmund_Hbf,9187,19.05,2024-06-16,591.1565538048944,0.0259061717644497,0.9804447424293216,6,2024
Dortmund_Hbf,12170,21.76,2024-06-17,527.420731197189,0.0178307313064913,0.9849410189910482,0,2024
Dortmund_Hbf,11326,22.539999,2024-06-18,537.500673309992,0.0165106833833657,0.986892898823952,1,2024
Dortmund_Hbf,11563,21.6,2024-06-19,752.2942577401429,0.0195451007523998,0.9849166446149776,2,2024
Dortmund_Hbf,12103,21.72,2024-06-20,650.3356043401463,0.017681566553747,0.9851122886701994,3,2024
Dortmund_Hbf,16668,23.56,2024-06-21,913.286721940354,0.0303575713942884,0.9922658086870436,4,2024
Dortmund_Hbf,11100,21.96,2024-06-22,631.5169312654859,0.0182882882882882,0.9815545562998992,5,2024
Dortmund_Hbf,8850,24.97,2024-06-23,445.8010471204189,0.0288135593220339,0.975916230366492,6,2024
Dortmund_Hbf,10836,26.75,2024-06-24,521.307238505478,0.0144887412329272,0.9812716546493118,0,2024
Dortmund_Hbf,14263,28.9,2024-06-25,795.5927633912735,0.0117787281778027,0.9822632139056404,1,2024
Dortmund_Hbf,12584,31.14,2024-06-26,870.8008113590264,0.0205816910362364,0.9865314401622718,2,2024
Dortmund_Hbf,12586,30.31,2024-06-27,896.3192868719611,0.0195455267757826,0.9876012965964344,3,2024
Dortmund_Hbf,13756,23.859999,2024-06-28,657.3310483570524,0.0243530095958127,0.9871097533715818,4,2024
Dortmund_Hbf,11817,27.31,2024-06-29,670.1423670668954,0.0132859439790132,0.9784734133790738,5,2024
Dortmund_Hbf,8992,22.33,2024-06-30,540.0405999774445,0.0139012455516014,0.9741739032367204,6,2024
Dortmund_Hbf,10981,19.15,2024-07-01,413.4129947722181,0.0244968582096348,0.9793689320388348,0,2024
Dortmund_Hbf,11034,17.16,2024-07-02,499.41387890517,0.0165851005981511,0.984056768961386,1,2024
Dortmund_Hbf,12125,16.279999,2024-07-03,524.340825226434,0.0165773195876288,0.9867494129486748,2,2024
Dortmund_Hbf,12966,20.25,2024-07-04,718.3134622976708,0.0232145611599568,0.9856296881168576,3,2024
Dortmund_Hbf,11568,18.19,2024-07-05,533.3231212831141,0.0406293222683264,0.984681924671112,4,2024
Dortmund_Hbf,8748,24.699999,2024-07-06,530.0082092177788,0.0252629172382258,0.9704468159962472,5,2024
Dortmund_Hbf,7372,21.41,2024-07-07,387.5847808105873,0.0160065111231687,0.9722911497105046,6,2024
Dortmund_Hbf,9664,23.529999,2024-07-08,463.485834207765,0.013865894039735,0.9780692549842602,0,2024
Dortmund_Hbf,10671,31.48,2024-07-09,619.2863376321149,0.0335488707712491,0.9822554057985068,1,2024
Dortmund_Hbf,12110,26.68,2024-07-10,560.2495543672014,0.0271676300578034,0.983957219251337,2,2024
Dortmund_Hbf,9598,24.49,2024-07-11,455.9229635866133,0.0100020837674515,0.9809513786571248,3,2024
Dortmund_Hbf,9451,21.4,2024-07-12,396.03605537074793,0.0139667760025394,0.9804700075115356,4,2024
Dortmund_Hbf,8058,19.439999,2024-07-13,394.7308278313865,0.0225862496897493,0.9705434230573896,5,2024
Dortmund_Hbf,6681,23.75,2024-07-14,294.7976878612717,0.0160155665319562,0.9694250076057196,6,2024
Dortmund_Hbf,10370,28.07,2024-07-15,446.5710919088767,0.0179363548698167,0.9828161822466616,0,2024
Dortmund_Hbf,10736,23.529999,2024-07-16,636.5841013824885,0.029806259314456,0.9841589861751152,1,2024
Dortmund_Hbf,10236,23.689999,2024-07-17,562.7781644625634,0.0174872997264556,0.978522422193497,2,2024
Dortmund_Hbf,10326,27.97,2024-07-18,499.8282747603834,0.0300213054425721,0.977835463258786,3,2024
Dortmund_Hbf,9180,28.67,2024-07-19,603.173521002859,0.0093681917211328,0.9788871783593578,4,2024
Dortmund_Hbf,8897,32.59,2024-07-20,526.1666090563428,0.0245026413397774,0.9844452125820948,5,2024
Dortmund_Hbf,7794,26.99,2024-07-21,414.7714285714285,0.0120605594046702,0.9745454545454544,6,2024
Dortmund_Hbf,9146,24.369999,2024-07-22,576.6751409306953,0.0108244041110868,0.9743561401569582,0,2024
Dortmund_Hbf,9409,24.199999,2024-07-23,572.9143977346984,0.0241258369646083,0.978000435634938,1,2024
Dortmund_Hbf,9369,22.76,2024-07-24,540.5248769819574,0.0239086348596435,0.9783488244942592,2,2024
Dortmund_Hbf,9930,24.869999,2024-07-25,791.2189131102241,0.016012084592145,0.973083614778426,3,2024
Dortmund_Hbf,9560,23.8,2024-07-26,502.3585810162991,0.0180962343096234,0.957387876850964,4,2024
Dortmund_Hbf,7789,23.519999,2024-07-27,440.94627105052126,0.0394145589934523,0.9720662924351776,5,2024
Dortmund_Hbf,7156,24.46,2024-07-28,401.5063237174933,0.016629401900503,0.9641892852067644,6,2024
Dortmund_Hbf,9750,27.33,2024-07-29,703.2317963697059,0.0168205128205128,0.9724598372626748,0,2024
Dortmund_Hbf,9883,30.91,2024-07-30,512.812987823915,0.0277243751897197,0.9721094806951815,1,2024
Dortmund_Hbf,9728,26.05,2024-07-31,586.8358678552701,0.0198396381578947,0.9762978500262192,2,2024
Dortmund_Hbf,8822,24.88,2024-08-01,565.1781362423117,0.023237361142598,0.98061970523384,3,2024
Dortmund_Hbf,10262,25.25,2024-08-02,682.3175795926438,0.0144221399337361,0.9832904884318766,4,2024
Dortmund_Hbf,8657,24.439999,2024-08-03,667.5483644037988,0.0147857225366755,0.9826474381521868,5,2024
Dortmund_Hbf,8014,20.39,2024-08-04,579.8104624715694,0.0124781632143748,0.9833206974981046,6,2024
Dortmund_Hbf,8741,26.359999,2024-08-05,746.9096005606167,0.0204782061549021,0.98843728100911,0,2024
Dortmund_Hbf,9437,29.31,2024-08-06,715.4539600772698,0.0126099395994489,0.9859411890963726,1,2024
Dortmund_Hbf,8303,24.199999,2024-08-07,472.7673032477801,0.0098759484523666,0.9801727283785427,2,2024
Dortmund_Hbf,9724,24.029999,2024-08-08,1360.1999368620436,0.0227272727272727,0.9804272335052088,3,2024
Dortmund_Hbf,8199,24.21,2024-08-09,481.7877094972067,0.0175631174533479,0.9831160769708256,4,2024
Dortmund_Hbf,7508,25.789999,2024-08-10,508.8828039430449,0.0271710175812466,0.981106243154436,5,2024
Dortmund_Hbf,6915,27.21,2024-08-11,490.184012954512,0.0176428054953,0.976593552186074,6,2024
Dortmund_Hbf,8144,31.89,2024-08-12,443.2579185520362,0.0230844793713163,0.9821518350930116,0,2024
Dortmund_Hbf,10559,35.5,2024-08-13,648.113372942437,0.0276541339141964,0.9865588779585078,1,2024
Dortmund_Hbf,9600,26.5,2024-08-14,422.5208466966004,0.025625,0.9867436390848836,2,2024
Dortmund_Hbf,8817,26.859999,2024-08-15,494.0074297654981,0.0230237042077804,0.9821221267703738,3,2024
Dortmund_Hbf,8520,25.0,2024-08-16,513.7128535624777,0.0165492957746478,0.9810239885427856,4,2024
Dortmund_Hbf,6134,24.17,2024-08-17,304.1862794191287,0.0233126834039778,0.969621098314138,5,2024
Dortmund_Hbf,6366,22.519999,2024-08-18,495.3086019763486,0.0303173107131636,0.9701927749878504,6,2024
Dortmund_Hbf,7351,22.699999,2024-08-19,394.19893282254753,0.0057135083662086,0.9845396087016008,0,2024
Dortmund_Hbf,10170,26.369999,2024-08-20,1014.3887083671812,0.031661750245821,0.980706742485784,1,2024
Dortmund_Hbf,7857,20.34,2024-08-21,446.7573812580231,0.008527427771414,0.9715019255455712,2,2024
Dortmund_Hbf,7751,24.31,2024-08-22,367.8410872974386,0.0127725454780028,0.969942498693152,3,2024
Dortmund_Hbf,9524,25.74,2024-08-23,474.68257349808266,0.0142797144057118,0.9816787388155092,4,2024
Dortmund_Hbf,8577,30.91,2024-08-24,476.6075467206285,0.0205199953363646,0.986430186882514,5,2024
Dortmund_Hbf,7979,20.73,2024-08-25,645.5947812739831,0.0201779671638049,0.9851624456382708,6,2024
Dortmund_Hbf,8861,22.15,2024-08-26,527.7275870016133,0.0206522965805213,0.9858262272413,0,2024
Dortmund_Hbf,8592,26.279999,2024-08-27,535.9891917293234,0.0093109869646182,0.9835526315789472,1,2024
Dortmund_Hbf,8992,30.439999,2024-08-28,503.0282408982647,0.0194617437722419,0.9825337416354768,2,2024
Dortmund_Hbf,8932,30.25,2024-08-29,517.0225802791331,0.0133228840125391,0.9872915011914216,3,2024
Dortmund_Hbf,9085,20.279999,2024-08-30,444.63638397851867,0.0161805173362685,0.9875811143432536,4,2024
Dortmund_Hbf,7557,24.41,2024-08-31,364.9649028077754,0.0197168188434564,0.9761069114470844,5,2024
Dortmund_Hbf,7628,29.33,2024-09-01,391.6221602231965,0.0132406921866806,0.9758203799654576,6,2024
Dortmund_Hbf,8484,30.46,2024-09-02,450.89568216962056,0.009075907590759,0.9842987986201974,0,2024
Dortmund_Hbf,8515,27.42,2024-09-03,419.0165119922864,0.0256018790369935,0.9848137881161866,1,2024
Dortmund_Hbf,8864,19.52,2024-09-04,415.7236463961375,0.0186146209386281,0.9866651339234396,2,2024
Dortmund_Hbf,8262,29.539999,2024-09-05,479.89641139474656,0.0185185185185185,0.9808854359353804,3,2024
Dortmund_Hbf,7608,24.539999,2024-09-06,383.3069811067935,0.0190588853838065,0.9859305909151816,4,2024
Dortmund_Hbf,9645,28.59,2024-09-07,998.2989690721648,0.0345256609642301,0.9889390034364262,5,2024
Dortmund_Hbf,7626,23.71,2024-09-08,862.2669689291905,0.0166535536323105,0.984797973063075,6,2024
Dortmund_Hbf,8462,18.96,2024-09-09,571.1452581032413,0.0155991491373197,0.9861944777911164,0,2024
Dortmund_Hbf,10180,17.88,2024-09-10,545.2717391304348,0.0239685658153241,0.9861111111111112,1,2024
Dortmund_Hbf,11337,15.679999,2024-09-11,527.9730941704036,0.0164946634912234,0.9896860986547084,2,2024
Dortmund_Hbf,9830,15.349999,2024-09-12,554.2403300670449,0.013733468972533,0.9854564208354822,3,2024
Dortmund_Hbf,8843,16.72,2024-09-13,414.6297577854671,0.0195634965509442,0.9878892733564014,4,2024
Dortmund_Hbf,6276,16.88,2024-09-14,305.9250851305335,0.0173677501593371,0.9734068428733582,5,2024
Dortmund_Hbf,6823,18.3,2024-09-15,612.9043951064793,0.0296057452733401,0.9773448119619392,6,2024
Dortmund_Hbf,8247,20.71,2024-09-16,436.43455431928993,0.0300715411664847,0.9801225153144144,0,2024
Dortmund_Hbf,7535,18.13,2024-09-17,347.6326037330469,0.0116788321167883,0.9863032093460454,1,2024
Dortmund_Hbf,6842,22.26,2024-09-18,318.4926580761163,0.024554223911137,0.9830686245130356,2,2024
Dortmund_Hbf,9551,20.92,2024-09-19,621.1614550095725,0.015600460684745,0.9900021272069772,3,2024
Dortmund_Hbf,8527,22.99,2024-09-20,462.8479350680353,0.0174739064149173,0.9911673430412986,4,2024
Dortmund_Hbf,8652,24.869999,2024-09-21,567.6855575868373,0.0516643550624133,0.984156002437538,5,2024
Dortmund_Hbf,8200,25.16,2024-09-22,584.927536231884,0.0154878048780487,0.9829059829059827,6,2024
Dortmund_Hbf,8836,21.25,2024-09-23,320.9885931558935,0.0177682209144409,0.9743057955985712,0,2024
Dortmund_Hbf,9421,19.71,2024-09-24,456.2913622690159,0.0119944804160917,0.97990975504942,1,2024
Dortmund_Hbf,9675,16.92,2024-09-25,425.5701248295395,0.0146770025839793,0.9762928773733348,2,2024
Dortmund_Hbf,9679,18.76,2024-09-26,431.0080266861253,0.0088852154148155,0.9780047951631398,3,2024
Dortmund_Hbf,10338,17.02,2024-09-27,653.8166814028883,0.0153801508995937,0.9791728067590136,4,2024
Dortmund_Hbf,8767,14.33,2024-09-28,452.9460190520993,0.0301129234629861,0.9763612842526168,5,2024
Dortmund_Hbf,9128,14.719999,2024-09-29,732.4922394678492,0.0118317265556529,0.9739467849223948,6,2024
Dortmund_Hbf,9534,15.259999,2024-09-30,417.8560034031692,0.013740297881267,0.9816016165053706,0,2024
Dortmund_Hbf,53,13.87,2024-10-01,27.16981132075472,0.0,0.8301886792452831,1,2024
Dortmund_Hbf,8773,27.939999,2025-05-01,627.815934065934,0.004217485466773,0.9918727106227108,3,2025
Dortmund_Hbf,9324,27.56,2025-05-02,577.8885884261763,0.0084727584727584,0.9927528393726338,4,2025
Dortmund_Hbf,7190,19.789999,2025-05-03,392.45874125874127,0.0055632823365785,0.9874125874125874,5,2025
Dortmund_Hbf,6521,13.929999,2025-05-04,413.17193523515806,0.0055206256709093,0.9841171935235158,6,2025
Dortmund_Hbf,8079,15.099999,2025-05-05,592.4878655880523,0.0054462185914098,0.9920348475420038,0,2025
Dortmund_Hbf,8123,15.49,2025-05-06,449.8740740740741,0.0028314662070663,0.9898765432098764,1,2025
Dortmund_Hbf,11350,17.55,2025-05-07,686.6240892327066,0.0205286343612334,0.9936133849059998,2,2025
Dortmund_Hbf,8420,17.59,2025-05-08,588.3025210084033,0.010688836104513,0.9912364945978392,3,2025
Dortmund_Hbf,7926,19.34,2025-05-09,430.367926922101,0.0055513499873832,0.9927683329104288,4,2025
Dortmund_Hbf,7031,21.949999,2025-05-10,855.7521613832853,0.0129426824064855,0.9873198847262248,5,2025
Dortmund_Hbf,6183,24.49,2025-05-11,551.4123006833713,0.0059841500889535,0.989261308167914,6,2025
Dortmund_Hbf,7579,22.18,2025-05-12,584.3339111881584,0.0105554822535954,0.9805307374316576,0,2025
Dortmund_Hbf,9879,21.869999,2025-05-13,517.2893473598202,0.008907784188683,0.9730364620569912,1,2025
Dortmund_Hbf,12695,22.64,2025-05-14,857.1188340807175,0.0163056321386372,0.9950352338244716,2,2025
Dortmund_Hbf,11563,18.9,2025-05-15,611.6144366197183,0.017555997578483,0.992693661971831,3,2025
Dortmund_Hbf,12089,20.39,2025-05-16,805.0864445001253,0.0095955000413599,0.9951557671427378,4,2025
Dortmund_Hbf,9888,19.74,2025-05-17,539.9816007359706,0.0106189320388349,0.9926402943882244,5,2025
Dortmund_Hbf,8343,18.38,2025-05-18,576.013143483023,0.0151024811218985,0.9931848606547402,6,2025
Dortmund_Hbf,11361,22.32,2025-05-19,656.4051355206848,0.0127629610069536,0.9931348074179744,0,2025
Dortmund_Hbf,8728,21.91,2025-05-20,694.0890125173853,0.0114573785517873,0.989800649049606,1,2025
Dortmund_Hbf,10409,20.51,2025-05-21,711.5651250362074,0.0049956768181381,0.9931447330308004,2,2025
Dortmund_Hbf,11437,16.15,2025-05-22,593.1628153113423,0.0086561161143656,0.9910919033339212,3,2025
Dortmund_Hbf,11140,13.759999,2025-05-23,656.4677068214804,0.0104129263913824,0.996734397677794,4,2025
Dortmund_Hbf,11655,15.71,2025-05-24,718.9800673052032,0.0056628056628056,0.9980153593925274,5,2025
Dortmund_Hbf,9536,20.119999,2025-05-25,442.43037974683546,0.0058724832214765,0.995675105485232,6,2025
Dortmund_Hbf,9931,19.31,2025-05-26,513.7783684318135,0.0150035243177927,0.9967286853404212,0,2025
Dortmund_Hbf,10770,18.609999,2025-05-27,493.99943867527367,0.0075208913649025,0.996725605762934,1,2025
Dortmund_Hbf,11507,19.939999,2025-05-28,606.634970945589,0.0129486399582862,0.9968304278922344,2,2025
Dortmund_Hbf,8486,19.529999,2025-05-29,685.2967604634665,0.0032995522036295,0.991960274296524,3,2025
Dortmund_Hbf,10292,24.779999,2025-05-30,465.86159576553615,0.0087446560435289,0.9953930601842776,4,2025
Dortmund_Hbf,9624,26.619999,2025-05-31,578.6718503730167,0.0111180382377389,0.9960071451087528,5,2025
Dortmund_Hbf,8321,21.39,2025-06-01,694.5904623225337,0.0096142290590073,0.996116976095134,6,2025
Dortmund_Hbf,11447,21.35,2025-06-02,649.1729720218194,0.0070760898051891,0.9965687137075488,0,2025
Dortmund_Hbf,11651,24.019999,2025-06-03,670.5867036972747,0.0110720109861814,0.9965283804894984,1,2025
Dortmund_Hbf,13389,21.5,2025-06-04,764.8909090909091,0.0141160654268429,0.9977272727272728,2,2025
Dortmund_Hbf,11699,19.59,2025-06-05,618.6158752046885,0.0082058295580818,0.9975006463845556,3,2025
Dortmund_Hbf,13028,20.81,2025-06-06,637.9899263851221,0.0094412035615597,0.9955831073227432,4,2025
Dortmund_Hbf,9549,17.699999,2025-06-07,532.6711749788673,0.0089014556498062,0.9901732882502112,5,2025
Dortmund_Hbf,8809,15.21,2025-06-08,607.4820308043354,0.0049948915881484,0.989503707929264,6,2025
Dortmund_Hbf,8707,19.029999,2025-06-09,548.252427184466,0.0063167566325944,0.9899445214979196,0,2025
Dortmund_Hbf,7996,18.01,2025-06-10,483.7201062887511,0.0116308154077038,0.9902568644818424,1,2025
Dortmund_Hbf,9100,20.21,2025-06-11,504.241610738255,0.0175824175824175,0.99082774049217,2,2025
Dortmund_Hbf,10427,27.15,2025-06-12,517.4364406779661,0.0041239090821904,0.9897919876733436,3,2025
Dortmund_Hbf,12941,31.74,2025-06-13,969.0263804166996,0.0245730623599412,0.9927909371781668,4,2025
Dortmund_Hbf,10640,32.1,2025-06-14,732.8886310904873,0.0278195488721804,0.9939095127610208,5,2025
Dortmund_Hbf,9204,22.109999,2025-06-15,663.7105175662197,0.0196653628857018,0.9915770807935276,6,2025
Dortmund_Hbf,10215,23.66,2025-06-16,620.0972029359255,0.0130200685266764,0.9934536798254314,0,2025
Dortmund_Hbf,11189,27.07,2025-06-17,569.343145271191,0.0162659755116632,0.9940946670300718,1,2025
Dortmund_Hbf,11125,27.279999,2025-06-18,606.5946143982414,0.0186067415730337,0.9901080784026378,2,2025
Dortmund_Hbf,9484,23.609999,2025-06-19,567.8736122971819,0.0122311261071277,0.9895388556789068,3,2025
Dortmund_Hbf,10721,24.68,2025-06-20,638.1174455125155,0.0199608245499487,0.9873417721518988,4,2025
Dortmund_Hbf,9312,30.26,2025-06-21,572.6661436736524,0.0417740549828178,0.983637789980948,5,2025
Dortmund_Hbf,8052,33.02,2025-06-22,617.3965844402277,0.0182563338301043,0.9864642631246048,6,2025
Dortmund_Hbf,9586,22.39,2025-06-23,778.8890071299351,0.0197162528687669,0.989145471959136,0,2025
Dortmund_Hbf,9492,21.439999,2025-06-24,718.5080049960259,0.072166034555415,0.9868286590212332,1,2025
Dortmund_Hbf,9644,28.84,2025-06-25,579.1621281943862,0.0099543757776856,0.9892124005027232,2,2025
Dortmund_Hbf,10430,24.019999,2025-06-26,581.7574590952839,0.0038350910834132,0.9879692011549568,3,2025
Dortmund_Hbf,10159,21.59,2025-06-27,662.3097476496783,0.0053154838074613,0.9894111825828796,4,2025
Dortmund_Hbf,8448,27.24,2025-06-28,516.0653753026635,0.0222537878787878,0.9763922518159808,5,2025
Dortmund_Hbf,6830,29.09,2025-06-29,712.8392857142857,0.0161054172767203,0.9730654761904762,6,2025
Dortmund_Hbf,11515,30.109999,2025-06-30,814.2442371986626,0.0129396439426834,0.9906739398205172,0,2025
Dortmund_Hbf,12186,35.2,2025-07-01,1245.4850177755206,0.0305268340718857,0.9933130184526832,1,2025
Dortmund_Hbf,11185,36.91,2025-07-02,1015.1360294117648,0.0272686633884666,0.9953125,2,2025
Dortmund_Hbf,10990,24.18,2025-07-03,791.0184842883549,0.0154686078252957,0.989833641404806,3,2025
Dortmund_Hbf,12443,24.47,2025-07-04,1141.4914145543744,0.017118058346058,0.99329517579722,4,2025
Dortmund_Hbf,9598,25.289999,2025-07-05,611.6579481157254,0.0240675140654302,0.9862282481050496,5,2025
Dortmund_Hbf,11012,20.039999,2025-07-06,587.2732394366197,0.0328732292045041,0.9887323943661972,6,2025
Dortmund_Hbf,8804,21.34,2025-07-07,608.0807389668149,0.0039754656974102,0.9860873531759607,0,2025
Dortmund_Hbf,8362,19.52,2025-07-08,757.0633280661237,0.0161444630471179,0.990275920748754,1,2025
Dortmund_Hbf,7335,22.769999,2025-07-09,685.8236181593745,0.0059986366734832,0.9891647236318748,2,2025
Dortmund_Hbf,8672,24.38,2025-07-10,927.4371508379888,0.0092250922509225,0.9881284916201116,3,2025
Dortmund_Hbf,7353,24.039999,2025-07-11,459.0900370015075,0.0076159390724874,0.9824585446073728,4,2025
Dortmund_Hbf,6576,26.039999,2025-07-12,503.9150507848569,0.0118613138686131,0.9833795013850416,5,2025
Dortmund_Hbf,7331,25.08,2025-07-13,911.1218702448472,0.0139135179375255,0.987826808687232,6,2025
Dortmund_Hbf,7807,26.519999,2025-07-14,967.1950271950273,0.0108876649161009,0.987049987049987,0,2025
Dortmund_Hbf,8930,23.789999,2025-07-15,858.2210490072306,0.0243001119820828,0.9857683920578446,1,2025
Dortmund_Hbf,6816,19.83,2025-07-16,490.1678445229682,0.0035211267605633,0.9832155477031802,2,2025
Dortmund_Hbf,7346,23.779999,2025-07-17,792.5260091552226,0.0186496052273346,0.9840477181301152,3,2025
Dortmund_Hbf,9373,26.46,2025-07-18,782.6170072511536,0.0289128347380774,0.980663590419688,4,2025
Dortmund_Hbf,6177,30.32,2025-07-19,347.0524233432245,0.0179698882952889,0.969172436531487,5,2025
Dortmund_Hbf,5932,28.33,2025-07-20,327.7796725784448,0.0114632501685772,0.9648703956343792,6,2025
Dortmund_Hbf,6820,24.619999,2025-07-21,383.5651149086624,0.0046920821114369,0.9770182675309368,0,2025
Dortmund_Hbf,7469,23.949999,2025-07-22,499.5837275307474,0.0093720712277413,0.978375456142722,1,2025
Dortmund_Hbf,7182,23.67,2025-07-23,468.9356331510307,0.0071010860484544,0.9781236853176272,2,2025
Dortmund_Hbf,8537,25.3,2025-07-24,630.2492285782102,0.0130022256061848,0.9762639449323522,3,2025
Dortmund_Hbf,11113,24.119999,2025-07-25,842.7882771843331,0.0143975524160892,0.9884963023829088,4,2025
Dortmund_Hbf,8244,25.96,2025-07-26,428.27434170238826,0.0095827268316351,0.9804041641151257,5,2025
Dortmund_Hbf,7055,22.8,2025-07-27,511.75358166189113,0.0106307583274273,0.9732091690544412,6,2025
Dortmund_Hbf,8726,22.14,2025-07-28,468.8991996288133,0.0120330048132019,0.9832966013223524,0,2025
Dortmund_Hbf,7580,22.869999,2025-07-29,591.4993342210386,0.0092348284960422,0.9762982689747004,1,2025
Dortmund_Hbf,9714,23.14,2025-07-30,597.9931228508909,0.0120444718962322,0.975929978118162,2,2025
Dortmund_Hbf,11766,22.75,2025-07-31,902.7602278612118,0.0152983171851096,0.985844985327119,3,2025
Dortmund_Hbf,11290,20.43,2025-08-01,936.962949768436,0.0054915854738706,0.993142144638404,4,2025
Dortmund_Hbf,5520,20.59,2025-08-02,408.8787436084733,0.0079710144927536,0.9740686632578524,5,2025
Dortmund_Hbf,5891,23.08,2025-08-03,436.1522562866001,0.0144287896791716,0.9770926627626592,6,2025
Dortmund_Hbf,7957,24.859999,2025-08-04,674.3669514216499,0.0143270076662058,0.9849547367078924,0,2025
Dortmund_Hbf,11395,21.99,2025-08-05,651.959423384944,0.0137779727950855,0.9846058017440826,1,2025
Dortmund_Hbf,11931,22.35,2025-08-06,698.4044620975238,0.0082138965719554,0.9890982844587172,2,2025
Dortmund_Hbf,11087,25.46,2025-08-07,462.38038605800017,0.0140705330567331,0.9859116274814748,3,2025
Dortmund_Hbf,11730,24.519999,2025-08-08,537.1035194905774,0.0092924126172208,0.9852852594441098,4,2025
Dortmund_Hbf,11098,27.599998,2025-08-09,715.5773280835089,0.0159488196071364,0.9836095595641424,5,2025
Dortmund_Hbf,9684,26.48,2025-08-10,515.1544885177453,0.0107393638992152,0.984133611691023,6,2025
Dortmund_Hbf,11608,29.109999,2025-08-11,720.0732472968259,0.0120606478290833,0.9818625741192883,0,2025
Dortmund_Hbf,10981,32.219997,2025-08-12,654.322307196167,0.0116564975867407,0.9792684050492952,1,2025
Dortmund_Hbf,12190,34.64,2025-08-13,786.6281116419411,0.0212469237079573,0.9902774285474814,2,2025
Dortmund_Hbf,10302,34.219997,2025-08-14,502.20832519054136,0.0066006600660066,0.9758647645104552,3,2025
Dortmund_Hbf,10626,29.609999,2025-08-15,508.8987954092763,0.0078110295501599,0.9768566821587784,4,2025
Dortmund_Hbf,7305,21.43,2025-08-16,363.3407946278679,0.0214921286789869,0.969082260772244,5,2025
Dortmund_Hbf,7544,19.47,2025-08-17,590.5451102394156,0.0200159066808059,0.972271067225754,6,2025
Dortmund_Hbf,8759,26.14,2025-08-18,581.8382861091915,0.0087909578719031,0.9774245565537896,0,2025
Dortmund_Hbf,9795,29.08,2025-08-19,589.9434796012742,0.0065339458907605,0.980885828794574,1,2025
Dortmund_Hbf,10276,24.71,2025-08-20,486.3265904426854,0.0041845075905021,0.9796736050034204,2,2025
Dortmund_Hbf,10038,24.38,2025-08-21,516.4836483648365,0.0038852361028093,0.9822982298229824,3,2025
Dortmund_Hbf,10156,18.83,2025-08-22,571.0070303990494,0.0056124458448207,0.9848499851470442,4,2025
Dortmund_Hbf,6873,20.14,2025-08-23,413.5371050698016,0.0098937872835734,0.9713445995591476,5,2025
Dortmund_Hbf,5875,20.84,2025-08-24,366.6095597053281,0.0064680851063829,0.9648792187767689,6,2025
Dortmund_Hbf,7222,22.84,2025-08-25,574.8923076923077,0.0099695375242315,0.9865734265734266,0,2025
Dortmund_Hbf,8902,28.4,2025-08-26,686.5095526827594,0.0180858234104695,0.9828394920489648,1,2025
Dortmund_Hbf,10136,27.779999,2025-08-27,534.2591125198098,0.0039463299131807,0.9784072900158478,2,2025
Dortmund_Hbf,11149,24.869999,2025-08-28,545.3905827169402,0.0056507310072652,0.9835828973480064,3,2025
Dortmund_Hbf,9752,25.16,2025-08-29,468.8742131874935,0.0062551271534044,0.9882365081002992,4,2025
Dortmund_Hbf,8410,23.08,2025-08-30,359.0433948693359,0.0080856123662306,0.9845360824742267,5,2025
Dortmund_Hbf,7690,24.4,2025-08-31,452.7099590001322,0.0167750325097529,0.9789710355773046,6,2025
Dortmund_Hbf,6112,22.789999,2025-09-01,308.41121495327104,0.0021269633507853,0.9895064764715528,0,2025
Dortmund_Hbf,1291,22.449999,2025-09-02,0.0,0.0,1.0,1,2025
Dortmund_Hbf,1289,24.84,2025-09-03,0.0,0.0,1.0,2,2025
Dortmund_Hbf,6263,23.1,2025-09-04,826.7966297703618,0.0335302570653041,0.9892615232116306,3,2025
Dortmund_Hbf,10445,20.57,2025-09-05,618.8695564718897,0.0480612733365246,0.9865231821381876,4,2025
Dortmund_Hbf,8694,23.31,2025-09-06,607.4330745161665,0.0074764205198987,0.9903812724533548,5,2025
Dortmund_Hbf,7911,27.34,2025-09-07,581.6371737746658,0.0070787511060548,0.9876511775938892,6,2025
Dortmund_Hbf,8030,21.81,2025-09-08,513.8977432105062,0.0232876712328767,0.9954099196735944,0,2025
Dortmund_Hbf,1276,16.73,2025-09-09,0.0470219435736677,0.0,1.0,1,2025
Dortmund_Hbf,1272,21.02,2025-09-10,0.0,0.0,1.0,2,2025
Dortmund_Hbf,1266,20.22,2025-09-11,0.0,0.0,1.0,3,2025
Dortmund_Hbf,1283,18.869999,2025-09-12,0.0,0.0,1.0,4,2025
Dortmund_Hbf,1171,20.42,2025-09-13,0.0,0.0,1.0,5,2025
Dortmund_Hbf,1096,19.81,2025-09-14,0.0,0.0,1.0,6,2025
Dortmund_Hbf,1259,20.4,2025-09-15,0.0,0.0,1.0,0,2025
Dortmund_Hbf,1247,18.75,2025-09-16,0.0,0.0,1.0,1,2025
Dortmund_Hbf,1247,17.9,2025-09-17,0.0,0.0,1.0,2,2025
Dortmund_Hbf,1472,20.31,2025-09-18,278.9072609633357,0.0550271739130434,0.9863407620416966,3,2025
Dortmund_Hbf,1297,27.289999,2025-09-19,0.0,0.0007710100231303,1.0,4,2025
Dortmund_Hbf,1177,28.42,2025-09-20,0.0,0.0,1.0,5,2025
Dortmund_Hbf,1100,21.89,2025-09-21,0.0,0.0,1.0,6,2025
Dortmund_Hbf,1280,17.18,2025-09-22,0.0,0.0,1.0,0,2025
Dortmund_Hbf,1250,17.529999,2025-09-23,0.0,0.0,1.0,1,2025
Dortmund_Hbf,1264,16.539999,2025-09-24,0.0,0.0,1.0,2,2025
Dortmund_Hbf,1272,11.849999,2025-09-25,0.0,0.0,1.0,3,2025
Dortmund_Hbf,1304,14.679999,2025-09-26,0.0,0.0,1.0,4,2025
Dortmund_Hbf,1110,17.33,2025-09-27,0.0,0.0,1.0,5,2025
Dortmund_Hbf,1384,19.58,2025-09-28,794.2350332594235,0.0223988439306358,0.9807834441980784,6,2025
Dortmund_Hbf,10301,19.58,2025-09-29,527.7151861335434,0.0142704591787205,0.98089422887532,0,2025
Dortmund_Hbf,11129,14.95,2025-09-30,544.8968463146415,0.011321771947165,0.9836408252294828,1,2025
Dortmund_Hbf,111,16.38,2025-10-01,1814.054054054054,0.0,1.0,2,2025
Düsseldorf_Hbf,1715,15.49,2022-05-01,235.6253704801423,0.0163265306122449,0.989330171902786,6,2022
Düsseldorf_Hbf,2233,19.99,2022-05-02,352.1898496240602,0.0470219435736677,0.9915413533834586,0,2022
Düsseldorf_Hbf,2227,19.07,2022-05-03,272.46268656716416,0.037269869779973,0.9953358208955224,1,2022
Düsseldorf_Hbf,2227,18.279999,2022-05-04,315.0625289485873,0.0305343511450381,0.9925891616489116,2,2022
Düsseldorf_Hbf,2236,19.96,2022-05-05,273.25367647058823,0.0268336314847942,0.9921875,3,2022
Düsseldorf_Hbf,2241,21.71,2022-05-06,339.81541301338257,0.0330209727800089,0.993077988001846,4,2022
Düsseldorf_Hbf,1627,22.789999,2022-05-07,694.4778987828315,0.0405654578979717,0.9974375400384368,5,2022
Düsseldorf_Hbf,1510,19.74,2022-05-08,511.7598908594816,0.0291390728476821,0.995225102319236,6,2022
Düsseldorf_Hbf,2048,25.039999,2022-05-09,386.05263157894734,0.03515625,0.9954453441295548,0,2022
Düsseldorf_Hbf,2048,26.0,2022-05-10,342.9521410579345,0.03076171875,0.9974811083123426,1,2022
Düsseldorf_Hbf,2186,26.76,2022-05-11,257.85781990521326,0.0347666971637694,0.995734597156398,2,2022
Düsseldorf_Hbf,2246,20.42,2022-05-12,386.19444444444446,0.0382902938557435,0.9944444444444444,3,2022
Düsseldorf_Hbf,2293,20.22,2022-05-13,429.3818181818182,0.0405582206716092,0.9913636363636364,4,2022
Düsseldorf_Hbf,1868,22.76,2022-05-14,371.6900617630545,0.0465738758029978,0.9932622122403144,5,2022
Düsseldorf_Hbf,1759,26.81,2022-05-15,440.80904223676384,0.0443433769187038,0.989886972040452,6,2022
Düsseldorf_Hbf,2240,26.769999,2022-05-16,500.834114339269,0.0473214285714285,0.9939081537019682,0,2022
Düsseldorf_Hbf,2235,25.539999,2022-05-17,298.9948813401582,0.0384787472035794,0.9888320148906468,1,2022
Düsseldorf_Hbf,2235,30.09,2022-05-18,527.1810089020771,0.0953020134228188,0.9915924826904056,2,2022
Düsseldorf_Hbf,2251,29.16,2022-05-19,694.5167853509664,0.1266103953798311,0.9908443540183112,3,2022
Düsseldorf_Hbf,2300,25.029999,2022-05-20,722.07,0.1304347826086956,0.996,4,2022
Düsseldorf_Hbf,1894,19.48,2022-05-21,288.9700996677741,0.0464625131995776,0.9905869324473976,5,2022
Düsseldorf_Hbf,1755,23.519999,2022-05-22,262.8451882845188,0.0467236467236467,0.9886431560071728,6,2022
Düsseldorf_Hbf,2241,24.789999,2022-05-23,281.816522136011,0.0223114680946006,0.9949794614331356,0,2022
Düsseldorf_Hbf,2239,18.21,2022-05-24,345.00687757909213,0.0259044216167932,0.9954149472718936,1,2022
Düsseldorf_Hbf,2315,20.3,2022-05-25,389.4535519125683,0.0514038876889848,0.994990892531876,2,2022
Düsseldorf_Hbf,1852,20.869999,2022-05-26,282.71017699115043,0.0237580993520518,0.9933628318584072,3,2022
Düsseldorf_Hbf,2324,19.49,2022-05-27,274.449378330373,0.0309810671256454,0.9982238010657194,4,2022
Düsseldorf_Hbf,1964,17.73,2022-05-28,224.02969247083772,0.0397148676171079,0.9904559915164368,5,2022
Düsseldorf_Hbf,1855,14.88,2022-05-29,284.73214285714283,0.0339622641509433,0.9921875,6,2022
Düsseldorf_Hbf,2242,16.25,2022-05-30,297.1883786316776,0.0481712756467439,0.9906279287722588,0,2022
Düsseldorf_Hbf,2232,19.51,2022-05-31,288.73595505617976,0.043010752688172,0.9929775280898876,1,2022
Düsseldorf_Hbf,2255,18.4,2022-06-01,433.4361851332399,0.0514412416851441,0.992052360916316,2,2022
Düsseldorf_Hbf,2263,21.109999,2022-06-02,519.7372262773723,0.0919133893062306,0.994160583941606,3,2022
Düsseldorf_Hbf,2313,25.63,2022-06-03,654.5429234338748,0.0683095546908776,0.9967517401392112,4,2022
Düsseldorf_Hbf,1852,26.189999,2022-06-04,527.2361809045226,0.0329373650107991,0.9944165270798436,5,2022
Düsseldorf_Hbf,1742,21.83,2022-06-05,328.9216263995286,0.0258323765786452,0.9911608721272834,6,2022
Düsseldorf_Hbf,1720,21.59,2022-06-06,315.2392203189604,0.0156976744186046,0.9881866509155346,0,2022
Düsseldorf_Hbf,2234,20.88,2022-06-07,327.3484497917631,0.0326768128916741,0.994447015270708,1,2022
Düsseldorf_Hbf,2262,20.85,2022-06-08,302.1525885558583,0.026525198938992,0.991371480472298,2,2022
Düsseldorf_Hbf,2267,20.1,2022-06-09,397.6770013882462,0.0467578297309219,0.993984266543267,3,2022
Düsseldorf_Hbf,2316,23.689999,2022-06-10,433.6129905277402,0.0427461139896373,0.9927830401443392,4,2022
Düsseldorf_Hbf,1795,25.17,2022-06-11,351.25214408233273,0.0256267409470752,0.989136649514008,5,2022
Düsseldorf_Hbf,1654,23.63,2022-06-12,315.4189944134078,0.0259975816203143,0.994413407821229,6,2022
Düsseldorf_Hbf,2187,20.96,2022-06-13,405.4562737642586,0.0379515317786922,0.995722433460076,0,2022
Düsseldorf_Hbf,2183,23.41,2022-06-14,458.24493731918994,0.0499312872194228,0.9927675988428158,1,2022
Düsseldorf_Hbf,2224,28.07,2022-06-15,560.2247191011236,0.0795863309352518,0.9956033219345384,2,2022
Düsseldorf_Hbf,1717,25.05,2022-06-16,333.56718192627824,0.0203843913803145,0.9946492271105828,3,2022
Düsseldorf_Hbf,2273,29.81,2022-06-17,596.3289280469897,0.1011878574571051,0.9946157611355848,4,2022
Düsseldorf_Hbf,1805,34.04,2022-06-18,490.3727506426735,0.1379501385041551,0.9948586118251928,5,2022
Düsseldorf_Hbf,1284,23.56,2022-06-19,344.0269587194608,0.0755451713395638,0.995787700084246,6,2022
Düsseldorf_Hbf,2201,21.529999,2022-06-20,316.07503607503605,0.0554293502953203,0.9947089947089948,0,2022
Düsseldorf_Hbf,2198,23.71,2022-06-21,280.6040585181689,0.0359417652411283,0.9952807928268051,1,2022
Düsseldorf_Hbf,2201,28.619999,2022-06-22,311.4462416745956,0.0449795547478418,0.994291151284491,2,2022
Düsseldorf_Hbf,2208,31.63,2022-06-23,406.9767441860465,0.0652173913043478,0.996124031007752,3,2022
Düsseldorf_Hbf,2280,25.109999,2022-06-24,391.82461103253183,0.0697368421052631,0.9966996699669968,4,2022
Düsseldorf_Hbf,2180,25.599998,2022-06-25,356.63309352517985,0.0435779816513761,0.9908872901678656,5,2022
Düsseldorf_Hbf,2054,21.119999,2022-06-26,227.75510204081635,0.0219084712755598,0.993529118964659,6,2022
Düsseldorf_Hbf,2572,22.39,2022-06-27,273.5806451612903,0.0357698289269051,0.992741935483871,0,2022
Düsseldorf_Hbf,2564,25.26,2022-06-28,465.5950413223141,0.0561622464898595,0.9954545454545456,1,2022
Düsseldorf_Hbf,2570,28.099998,2022-06-29,299.9752270850537,0.0575875486381322,0.9921552436003304,2,2022
Düsseldorf_Hbf,2575,30.619999,2022-06-30,327.9525222551929,0.083883495145631,0.989826197541331,3,2022
Düsseldorf_Hbf,2630,21.939999,2022-07-01,409.3489583333333,0.1239543726235741,0.9930555555555556,4,2022
Düsseldorf_Hbf,2189,26.91,2022-07-02,272.2608695652174,0.0543627227044312,0.991304347826087,5,2022
Düsseldorf_Hbf,2059,26.019999,2022-07-03,283.8333333333333,0.1257892180670228,0.9877777777777778,6,2022
Düsseldorf_Hbf,2575,25.3,2022-07-04,287.822257806245,0.0299029126213592,0.9915932746196956,0,2022
Düsseldorf_Hbf,2567,24.5,2022-07-05,265.5416834474426,0.032723022984028,0.991542488924688,1,2022
Düsseldorf_Hbf,2568,21.92,2022-07-06,252.1473851030111,0.0171339563862928,0.9952456418383518,2,2022
Düsseldorf_Hbf,2572,20.859999,2022-07-07,250.1289282836422,0.0349922239502332,0.9943593875906528,3,2022
Düsseldorf_Hbf,2626,24.199999,2022-07-08,337.435688035933,0.0674028941355674,0.9946917109024092,4,2022
Düsseldorf_Hbf,2177,25.05,2022-07-09,264.8575712143928,0.0808451998162609,0.9940029985007496,5,2022
Düsseldorf_Hbf,2049,19.699999,2022-07-10,237.46652935118436,0.0522205954123962,0.986096807415036,6,2022
Düsseldorf_Hbf,2574,21.82,2022-07-11,209.91439054219325,0.047008547008547,0.993477374643294,0,2022
Düsseldorf_Hbf,2571,29.13,2022-07-12,628.484076433121,0.0840140023337222,0.99447983014862,1,2022
Düsseldorf_Hbf,2567,30.5,2022-07-13,324.59687123947054,0.0288274250097389,0.9935820296831128,2,2022
Düsseldorf_Hbf,2572,25.41,2022-07-14,303.64897959183673,0.0474339035769828,0.9922448979591836,3,2022
Düsseldorf_Hbf,2569,22.82,2022-07-15,287.6138737985792,0.0685091475282211,0.9916422900125366,4,2022
Düsseldorf_Hbf,2109,23.84,2022-07-16,274.86614173228344,0.096728307254623,0.9926509186351706,5,2022
Düsseldorf_Hbf,1979,27.38,2022-07-17,375.0,0.0358767054067711,0.990041928721174,6,2022
Düsseldorf_Hbf,2511,34.309998,2022-07-18,360.8503543142977,0.0446037435284747,0.992496873697374,0,2022
Düsseldorf_Hbf,2497,37.96,2022-07-19,440.2751504729149,0.0684821786143372,0.9939810834049873,1,2022
Düsseldorf_Hbf,2506,31.029999,2022-07-20,275.03025064822816,0.0766161213088587,0.993085566119274,2,2022
Düsseldorf_Hbf,2509,22.609999,2022-07-21,295.86387434554973,0.0864886408927859,0.9960732984293194,3,2022
Düsseldorf_Hbf,2564,22.72,2022-07-22,324.5170068027211,0.1400156006240249,0.9936507936507936,4,2022
Düsseldorf_Hbf,2113,26.029999,2022-07-23,277.4247491638796,0.150970184571699,0.9910813823857302,5,2022
Düsseldorf_Hbf,1985,31.179998,2022-07-24,257.2241992882562,0.1506297229219143,0.9922894424673784,6,2022
Düsseldorf_Hbf,2515,28.0,2022-07-25,297.1596145789694,0.0508946322067594,0.9941348973607038,0,2022
Düsseldorf_Hbf,2505,23.439999,2022-07-26,317.8074197582326,0.042315369261477,0.992496873697374,1,2022
Düsseldorf_Hbf,2483,21.81,2022-07-27,250.24511840465308,0.0306081353201772,0.9904445367677608,2,2022
Düsseldorf_Hbf,2494,25.56,2022-07-28,406.3126593033135,0.0561347233360064,0.9936278674596432,3,2022
Düsseldorf_Hbf,2564,24.98,2022-07-29,291.5670436187399,0.0343213728549142,0.994345718901454,4,2022
Düsseldorf_Hbf,2108,26.43,2022-07-30,298.50073493385594,0.0317836812144212,0.9897109260166586,5,2022
Düsseldorf_Hbf,1976,27.369999,2022-07-31,247.88717402873868,0.0490890688259109,0.986695050558808,6,2022
Düsseldorf_Hbf,2509,25.72,2022-08-01,311.3333333333333,0.0314866480669589,0.9950617283950616,0,2022
Düsseldorf_Hbf,2513,29.56,2022-08-02,366.8198604842019,0.0302427377636291,0.9954862535904802,1,2022
Düsseldorf_Hbf,2494,33.489998,2022-08-03,374.44168734491313,0.0304731355252606,0.9921422663358148,2,2022
Düsseldorf_Hbf,2498,34.09,2022-08-04,344.8381742738589,0.0352281825460368,0.9908713692946058,3,2022
Düsseldorf_Hbf,2492,23.019999,2022-08-05,362.3519599666389,0.0377207062600321,0.9954128440366972,4,2022
Düsseldorf_Hbf,1669,23.019999,2022-08-06,428.2476780185759,0.0323547034152186,0.9845201238390092,5,2022
Düsseldorf_Hbf,1552,26.48,2022-08-07,352.4694708276798,0.0502577319587628,0.9796472184531886,6,2022
Düsseldorf_Hbf,2181,27.0,2022-08-08,429.5316272332207,0.0504355800091701,0.9956542732979236,0,2022
Düsseldorf_Hbf,2174,29.349998,2022-08-09,511.2324794586757,0.0482980680772769,0.998066698888352,1,2022
Düsseldorf_Hbf,2164,31.5,2022-08-10,379.7976878612717,0.0406654343807763,0.99373795761079,2,2022
Düsseldorf_Hbf,2103,32.48,2022-08-11,417.3116089613035,0.0660960532572515,0.9918533604887984,3,2022
Düsseldorf_Hbf,2157,32.61,2022-08-12,572.9246231155779,0.0774223458507186,0.9964824120603016,4,2022
Düsseldorf_Hbf,1816,32.46,2022-08-13,659.9618563254927,0.1338105726872246,0.9942784488239034,5,2022
Düsseldorf_Hbf,1687,32.829998,2022-08-14,448.5009733939,0.0865441612329579,0.9954574951330304,6,2022
Düsseldorf_Hbf,2114,26.199999,2022-08-15,351.5582450832073,0.0619678334910123,0.9949571356530508,0,2022
Düsseldorf_Hbf,2111,30.289999,2022-08-16,367.2071181413742,0.0416864045476077,0.9935739001482946,1,2022
Düsseldorf_Hbf,2091,25.869999,2022-08-17,355.11525257479155,0.0248684839789574,0.994605198626778,2,2022
Düsseldorf_Hbf,2097,25.779999,2022-08-18,563.4360313315927,0.0867906533142584,0.9947780678851176,3,2022
Düsseldorf_Hbf,2215,27.76,2022-08-19,408.824082784572,0.0401805869074492,0.9967074317968015,4,2022
Düsseldorf_Hbf,1857,25.08,2022-08-20,595.8536585365854,0.0726978998384491,0.9924506387921022,5,2022
Düsseldorf_Hbf,1715,26.47,2022-08-21,365.8944815039418,0.0384839650145772,0.9915100060642814,6,2022
Düsseldorf_Hbf,2149,28.779999,2022-08-22,461.20975609756096,0.0460679385760819,0.9946341463414634,0,2022
Düsseldorf_Hbf,2166,30.599998,2022-08-23,463.8959764474976,0.0590951061865189,0.9970559371933267,1,2022
Düsseldorf_Hbf,2164,33.85,2022-08-24,406.5312190287413,0.0674676524953789,0.9925668979187314,2,2022
Düsseldorf_Hbf,2169,33.48,2022-08-25,436.2035225048924,0.057630244352236,0.9965753424657534,3,2022
Düsseldorf_Hbf,2236,23.59,2022-08-26,422.3484486873508,0.0630590339892665,0.9918854415274464,4,2022
Düsseldorf_Hbf,1802,21.4,2022-08-27,367.2,0.0566037735849056,0.9923529411764704,5,2022
Düsseldorf_Hbf,1670,24.4,2022-08-28,403.4443746071653,0.0473053892215568,0.9949717159019484,6,2022
Düsseldorf_Hbf,2103,24.66,2022-08-29,282.4003984063745,0.0451735615786971,0.9935258964143426,0,2022
Düsseldorf_Hbf,2100,27.789999,2022-08-30,412.5595238095238,0.04,0.996031746031746,1,2022
Düsseldorf_Hbf,2097,25.84,2022-08-31,278.4384093113482,0.016690510252742,0.9946653734238604,2,2022
Düsseldorf_Hbf,2103,26.65,2022-09-01,265.5275895450145,0.0175939134569662,0.9970958373668926,3,2022
Düsseldorf_Hbf,2159,26.82,2022-09-02,258.8059701492537,0.0379805465493283,0.9971112181030332,4,2022
Düsseldorf_Hbf,1742,26.26,2022-09-03,256.95885509839,0.0373134328358208,0.9916517590936196,5,2022
Düsseldorf_Hbf,1623,28.189999,2022-09-04,245.01595405232928,0.0345040049291435,0.99617102744097,6,2022
Düsseldorf_Hbf,2102,30.91,2022-09-05,280.224609375,0.0256898192197906,0.9951171875,0,2022
Düsseldorf_Hbf,2099,31.06,2022-09-06,256.7647058823529,0.0281086231538828,0.9931372549019608,1,2022
Düsseldorf_Hbf,2097,25.72,2022-09-07,315.8599695585997,0.0600858369098712,0.9939117199391172,2,2022
Düsseldorf_Hbf,2109,22.81,2022-09-08,493.41140529531566,0.0687529634898056,0.9974541751527496,3,2022
Düsseldorf_Hbf,2166,21.17,2022-09-09,600.7176287051482,0.1121883656509695,0.997919916796672,4,2022
Düsseldorf_Hbf,1746,18.109999,2022-09-10,318.756724447101,0.0418098510882016,0.9880454273759712,5,2022
Düsseldorf_Hbf,1619,21.65,2022-09-11,286.7388535031847,0.0302655960469425,0.989171974522293,6,2022
Düsseldorf_Hbf,2187,25.33,2022-09-12,295.1219512195122,0.0438957475994513,0.9956958393113344,0,2022
Düsseldorf_Hbf,2178,26.32,2022-09-13,319.83074753173486,0.0234159779614325,0.995768688293371,1,2022
Düsseldorf_Hbf,2182,17.25,2022-09-14,315.1602415234556,0.0132905591200733,0.9967487227124942,2,2022
Düsseldorf_Hbf,2188,18.07,2022-09-15,328.8293370944993,0.0278793418647166,0.996238834038552,3,2022
Düsseldorf_Hbf,2184,16.97,2022-09-16,286.4836725035494,0.0325091575091575,0.9976336961665878,4,2022
Düsseldorf_Hbf,1794,15.389999,2022-09-17,272.5754060324826,0.0390189520624303,0.995939675174014,5,2022
Düsseldorf_Hbf,1666,13.34,2022-09-18,275.750315258512,0.0480192076830732,0.9955863808322823,6,2022
Düsseldorf_Hbf,2123,16.9,2022-09-19,396.61274014155714,0.0682995760715968,0.9954499494438828,0,2022
Düsseldorf_Hbf,2118,16.27,2022-09-20,284.14201183431953,0.0424929178470254,0.9955621301775148,1,2022
Düsseldorf_Hbf,2134,17.98,2022-09-21,365.2835820895522,0.0581068416119962,0.9945273631840796,2,2022
Düsseldorf_Hbf,2140,19.119999,2022-09-22,312.6689689195856,0.052803738317757,0.9925999013320178,3,2022
Düsseldorf_Hbf,2195,18.46,2022-09-23,290.49680275454995,0.0738041002277904,0.9936055090998523,4,2022
Düsseldorf_Hbf,1810,17.02,2022-09-24,229.90235496840896,0.0381215469613259,0.9948305571510626,5,2022
Düsseldorf_Hbf,1682,17.699999,2022-09-25,277.04379562043795,0.0225921521997621,0.9939172749391728,6,2022
Düsseldorf_Hbf,2145,13.44,2022-09-26,239.56626506024097,0.0326340326340326,0.9946987951807228,0,2022
Düsseldorf_Hbf,2138,12.0199995,2022-09-27,249.2110266159696,0.0159027128157156,0.994296577946768,1,2022
Düsseldorf_Hbf,2140,14.009999,2022-09-28,284.10841654778886,0.0172897196261682,0.9966714217784118,2,2022
Düsseldorf_Hbf,2146,16.19,2022-09-29,248.01724137931035,0.027027027027027,0.9952107279693486,3,2022
Düsseldorf_Hbf,2201,17.33,2022-09-30,324.373232799246,0.0358927760109041,0.9938737040527804,4,2022
Düsseldorf_Hbf,35,17.42,2022-10-01,1338.857142857143,0.0,1.0,5,2022
Düsseldorf_Hbf,1675,19.88,2023-05-01,172.20873786407768,0.0161194029850746,0.9896844660194176,0,2023
Düsseldorf_Hbf,2161,13.79,2023-05-02,562.1021611001964,0.0578435909301249,0.9916502946954814,1,2023
Düsseldorf_Hbf,2162,17.58,2023-05-03,355.65982404692085,0.0536540240518038,0.9941348973607038,2,2023
Düsseldorf_Hbf,2167,23.64,2023-05-04,316.2410329985653,0.0350715274573142,0.9933046389287422,3,2023
Düsseldorf_Hbf,2200,20.939999,2023-05-05,413.4262373858722,0.054090909090909,0.9937530033637674,4,2023
Düsseldorf_Hbf,1818,21.09,2023-05-06,277.8194207836457,0.0313531353135313,0.9931856899488928,5,2023
Düsseldorf_Hbf,1687,22.15,2023-05-07,241.9600725952813,0.0201541197391819,0.9957652752571085,6,2023
Düsseldorf_Hbf,2168,19.9,2023-05-08,508.26495304003953,0.0668819188191881,0.9975284231339596,0,2023
Düsseldorf_Hbf,2160,20.88,2023-05-09,298.62595419847327,0.0296296296296296,0.9947519083969466,1,2023
Düsseldorf_Hbf,2162,17.34,2023-05-10,562.1900161030596,0.1382978723404255,0.9946323134728932,2,2023
Düsseldorf_Hbf,2168,17.16,2023-05-11,297.95454545454544,0.025830258302583,0.990530303030303,3,2023
Düsseldorf_Hbf,2200,20.46,2023-05-12,379.1895803183792,0.0577272727272727,0.9922817173178968,4,2023
Düsseldorf_Hbf,1819,23.269999,2023-05-13,343.30341113105925,0.0813633864760857,0.9886295631358468,5,2023
Düsseldorf_Hbf,1681,22.23,2023-05-14,278.6301369863013,0.0880428316478286,0.9915198956294846,6,2023
Düsseldorf_Hbf,2189,19.97,2023-05-15,262.2236340533672,0.2809502055733212,0.9904701397712834,0,2023
Düsseldorf_Hbf,2195,15.7699995,2023-05-16,220.90506640432855,0.0738041002277904,0.9926217412690606,1,2023
Düsseldorf_Hbf,2243,15.83,2023-05-17,318.32706766917295,0.0512706197057512,0.9948308270676692,2,2023
Düsseldorf_Hbf,1759,17.44,2023-05-18,287.51486325802614,0.0437748720864127,0.99346016646849,3,2023
Düsseldorf_Hbf,2242,20.779999,2023-05-19,246.0353287536801,0.0909901873327386,0.9941118743866536,4,2023
Düsseldorf_Hbf,1893,19.369999,2023-05-20,232.5125348189415,0.051769677760169,0.9933147632311976,5,2023
Düsseldorf_Hbf,1674,24.24,2023-05-21,306.0348162475822,0.0734767025089605,0.9954867827208252,6,2023
Düsseldorf_Hbf,2129,23.34,2023-05-22,345.2835820895522,0.0558947862846406,0.9950248756218906,0,2023
Düsseldorf_Hbf,2127,16.83,2023-05-23,337.8151260504202,0.0488951574988246,0.9965397923875432,1,2023
Düsseldorf_Hbf,2130,15.65,2023-05-24,205.0497017892644,0.0553990610328638,0.9955268389662028,2,2023
Düsseldorf_Hbf,2139,18.08,2023-05-25,191.47951807228915,0.0299205236091631,0.9913253012048192,3,2023
Düsseldorf_Hbf,2177,19.77,2023-05-26,318.9807692307692,0.0445567294441892,0.9947115384615384,4,2023
Düsseldorf_Hbf,1884,24.0,2023-05-27,319.5615514333895,0.0557324840764331,0.9938167509836988,5,2023
Düsseldorf_Hbf,1767,24.67,2023-05-28,328.2998171846436,0.0713073005093378,0.9902498476538696,6,2023
Düsseldorf_Hbf,1748,20.51,2023-05-29,276.5435041716329,0.040045766590389,0.9934445768772348,0,2023
Düsseldorf_Hbf,2209,21.16,2023-05-30,319.08447380840016,0.0407424173834314,0.9948088721094857,1,2023
Düsseldorf_Hbf,2202,25.51,2023-05-31,318.5412667946257,0.0535876475930971,0.9971209213051824,2,2023
Düsseldorf_Hbf,2211,21.38,2023-06-01,534.2233250620347,0.0886476707372229,0.9975186104218362,3,2023
Düsseldorf_Hbf,2253,19.66,2023-06-02,317.111416781293,0.0319573901464713,0.9963319578175148,4,2023
Düsseldorf_Hbf,1937,23.3,2023-06-03,255.81691772885284,0.1089313371192565,0.9913093858632676,5,2023
Düsseldorf_Hbf,1750,24.85,2023-06-04,286.1510128913444,0.0691428571428571,0.9950890116635972,6,2023
Düsseldorf_Hbf,2217,25.92,2023-06-05,482.8806983511154,0.069914298601714,0.9961202715809894,0,2023
Düsseldorf_Hbf,2202,26.42,2023-06-06,668.9969293756398,0.1126248864668483,0.9959058341862844,1,2023
Düsseldorf_Hbf,2280,22.48,2023-06-07,576.5161975570898,0.1741228070175438,0.9957514604354754,2,2023
Düsseldorf_Hbf,1287,27.01,2023-06-08,139.35787000783083,0.0077700077700077,0.98981989036805,3,2023
Düsseldorf_Hbf,503,28.359999,2023-06-13,647.9481641468683,0.0795228628230616,0.9956803455723542,1,2023
Düsseldorf_Hbf,2226,25.65,2023-06-14,407.52070141256695,0.077717879604672,0.9961032635168048,2,2023
Düsseldorf_Hbf,2230,27.49,2023-06-15,308.50259801606046,0.0506726457399103,0.9966934341048652,3,2023
Düsseldorf_Hbf,53,27.599998,2023-06-16,15.849056603773583,0.0,1.0,4,2023
Düsseldorf_Hbf,996,28.609999,2023-06-19,364.0336134453781,0.0441767068273092,0.9968487394957984,0,2023
Düsseldorf_Hbf,2226,31.3,2023-06-20,327.2674976030681,0.0628930817610062,0.9980824544582934,1,2023
Düsseldorf_Hbf,2239,28.3,2023-06-21,491.5340364333653,0.0683340777132648,0.9980824544582934,2,2023
Düsseldorf_Hbf,2256,26.269999,2023-06-22,516.3380281690141,0.1187943262411347,0.9964788732394366,3,2023
Düsseldorf_Hbf,2470,26.34,2023-06-23,385.7512953367876,0.0623481781376518,0.9952504317789292,4,2023
Düsseldorf_Hbf,2029,28.55,2023-06-24,264.31759211209135,0.0502710694923607,0.9875454073689672,5,2023
Düsseldorf_Hbf,1880,31.51,2023-06-25,250.15177065767284,0.0537234042553191,0.988195615514334,6,2023
Düsseldorf_Hbf,2314,24.75,2023-06-26,318.9767441860465,0.0708729472774416,0.9902325581395348,0,2023
Düsseldorf_Hbf,2308,23.67,2023-06-27,285.4175872735307,0.0194974003466204,0.9889527176314626,1,2023
Düsseldorf_Hbf,2484,22.189999,2023-06-28,187.4262295081967,0.0177133655394524,0.9860655737704918,2,2023
Düsseldorf_Hbf,2491,24.96,2023-06-29,234.06085192697768,0.0104375752709755,0.9886409736308316,3,2023
Düsseldorf_Hbf,2545,22.34,2023-06-30,254.9337615415496,0.0212180746561886,0.9871537535126456,4,2023
Düsseldorf_Hbf,2084,22.26,2023-07-01,241.08054027013503,0.0407869481765834,0.9854927463731866,5,2023
Düsseldorf_Hbf,1931,22.14,2023-07-02,345.60777957860614,0.0414293112377006,0.9875742841707186,6,2023
Düsseldorf_Hbf,2441,21.8,2023-07-03,261.36439267886857,0.0151577222449815,0.990432612312812,0,2023
Düsseldorf_Hbf,2434,23.21,2023-07-04,240.0,0.0238290879211175,0.9903198653198652,1,2023
Düsseldorf_Hbf,2435,20.56,2023-07-05,247.14161598609903,0.0546201232032854,0.9843614248479584,2,2023
Düsseldorf_Hbf,2441,23.56,2023-07-06,290.1010101010101,0.0266284309709135,0.986952861952862,3,2023
Düsseldorf_Hbf,2496,29.699999,2023-07-07,465.3529411764706,0.0464743589743589,0.9865546218487397,4,2023
Düsseldorf_Hbf,2024,34.23,2023-07-08,274.9795081967213,0.0355731225296442,0.9877049180327868,5,2023
Düsseldorf_Hbf,1900,34.85,2023-07-09,370.0969766115231,0.0773684210526315,0.9788933257273246,6,2023
Düsseldorf_Hbf,2453,27.439999,2023-07-10,281.41096472588185,0.0407664084794129,0.9872503187420314,0,2023
Düsseldorf_Hbf,2445,32.6,2023-07-11,345.2529510961214,0.0298568507157464,0.9856661045531198,1,2023
Düsseldorf_Hbf,2452,24.83,2023-07-12,281.87919463087246,0.0277324632952691,0.9832214765100672,2,2023
Düsseldorf_Hbf,2454,23.65,2023-07-13,274.5989080218396,0.0297473512632436,0.986560268794624,3,2023
Düsseldorf_Hbf,2521,27.76,2023-07-14,260.6609547123623,0.0277667592225307,0.9881680946552428,4,2023
Düsseldorf_Hbf,2112,26.689999,2023-07-15,237.79214321233215,0.0478219696969696,0.983092988562904,5,2023
Düsseldorf_Hbf,1977,24.47,2023-07-16,216.28705148205927,0.0273141122913505,0.984919396775871,6,2023
Düsseldorf_Hbf,2506,23.85,2023-07-17,289.6972210700954,0.0379090183559457,0.9854832019908752,0,2023
Düsseldorf_Hbf,2496,25.91,2023-07-18,227.3360655737705,0.0224358974358974,0.9901639344262296,1,2023
Düsseldorf_Hbf,2498,24.96,2023-07-19,214.2997141690486,0.0196156925540432,0.9889750918742344,2,2023
Düsseldorf_Hbf,2504,23.4,2023-07-20,253.7896070975919,0.0547124600638977,0.9852133502323616,3,2023
Düsseldorf_Hbf,2552,23.09,2023-07-21,286.733921815889,0.0677899686520376,0.9869693148381672,4,2023
Düsseldorf_Hbf,1472,24.82,2023-07-22,220.36593947924,0.0346467391304347,0.984517945109078,5,2023
Düsseldorf_Hbf,1999,23.05,2023-07-23,183.1546069755336,0.0390195097548774,0.9812597605413846,6,2023
Düsseldorf_Hbf,2505,22.01,2023-07-24,257.495881383855,0.0307385229540918,0.9831136738056012,0,2023
Düsseldorf_Hbf,2493,20.02,2023-07-25,293.05289462723863,0.0369033293221018,0.9883381924198252,1,2023
Düsseldorf_Hbf,2541,22.01,2023-07-26,246.59154929577463,0.0220385674931129,0.9891348088531188,2,2023
Düsseldorf_Hbf,2511,19.25,2023-07-27,343.7864887406172,0.0450019912385503,0.98790658882402,3,2023
Düsseldorf_Hbf,2557,23.25,2023-07-28,277.82820097244735,0.0348064137661321,0.9882495948136144,4,2023
Düsseldorf_Hbf,2028,23.3,2023-07-29,187.1841704718417,0.0281065088757396,0.986808726534754,5,2023
Düsseldorf_Hbf,1892,22.49,2023-07-30,233.6254107338445,0.0348837209302325,0.9846659364731654,6,2023
Düsseldorf_Hbf,2551,20.369999,2023-07-31,413.3026755852843,0.062328498627989,0.9937290969899666,0,2023
Düsseldorf_Hbf,2547,21.59,2023-08-01,246.3549160671463,0.0176678445229682,0.9896083133493204,1,2023
Düsseldorf_Hbf,2548,23.67,2023-08-02,361.68498168498166,0.0357142857142857,0.991859991859992,2,2023
Düsseldorf_Hbf,2553,19.859999,2023-08-03,305.3843058350101,0.026635330983157,0.9903420523138832,3,2023
Düsseldorf_Hbf,2575,21.59,2023-08-04,300.3196721311475,0.0524271844660194,0.9934426229508196,4,2023
Düsseldorf_Hbf,1850,21.71,2023-08-05,393.7922848664688,0.0891891891891892,0.9893175074183976,5,2023
Düsseldorf_Hbf,1695,17.779999,2023-08-06,356.6501240694789,0.0489675516224188,0.9919354838709676,6,2023
Düsseldorf_Hbf,2149,20.3,2023-08-07,522.3494860499266,0.0493252675663099,0.9892315222711698,0,2023
Düsseldorf_Hbf,2144,19.529999,2023-08-08,406.31276901004304,0.0247201492537313,0.9913916786226684,1,2023
Düsseldorf_Hbf,2145,22.31,2023-08-09,378.1044487427466,0.0358974358974358,0.9908123791102514,2,2023
Düsseldorf_Hbf,2150,24.65,2023-08-10,344.4645406949072,0.0227906976744186,0.9933365064255116,3,2023
Düsseldorf_Hbf,2195,29.91,2023-08-11,314.436090225564,0.0305239179954441,0.9896616541353384,4,2023
Düsseldorf_Hbf,1848,23.83,2023-08-12,359.56424581005587,0.0313852813852813,0.988826815642458,5,2023
Düsseldorf_Hbf,1709,25.13,2023-08-13,341.39056831922613,0.032182562902282,0.994558645707376,6,2023
Düsseldorf_Hbf,2173,26.5,2023-08-14,267.7793493635078,0.0239300506212609,0.9891560584629892,0,2023
Düsseldorf_Hbf,2168,26.029999,2023-08-15,346.34661545847337,0.0392066420664206,0.9913586173787806,1,2023
Düsseldorf_Hbf,2162,24.1,2023-08-16,381.72972972972974,0.0587419056429232,0.9882063882063882,2,2023
Düsseldorf_Hbf,2166,22.14,2023-08-17,349.32876041156294,0.0577100646352723,0.9902008819206272,3,2023
Düsseldorf_Hbf,2210,29.599998,2023-08-18,390.2287893231649,0.0506787330316742,0.9928503336510964,4,2023
Düsseldorf_Hbf,1811,29.55,2023-08-19,332.91691219799645,0.0629486471562672,0.9876252209781968,5,2023
Düsseldorf_Hbf,1671,28.21,2023-08-20,495.4900704676489,0.0658288450029922,0.9897501601537476,6,2023
Düsseldorf_Hbf,2112,27.72,2023-08-21,312.2535211267606,0.0587121212121212,0.9954728370221329,0,2023
Düsseldorf_Hbf,2107,26.25,2023-08-22,228.94660894660893,0.0132890365448504,0.9927849927849928,1,2023
Düsseldorf_Hbf,2108,27.66,2023-08-23,252.9007263922518,0.0203984819734345,0.997094430992736,2,2023
Düsseldorf_Hbf,2111,26.859999,2023-08-24,277.23331709693133,0.0274751302700142,0.9922065270336092,3,2023
Düsseldorf_Hbf,2151,23.359999,2023-08-25,362.0638820638821,0.0539284053928405,0.9965601965601966,4,2023
Düsseldorf_Hbf,1802,22.769999,2023-08-26,332.2355769230769,0.076581576026637,0.9963942307692308,5,2023
Düsseldorf_Hbf,1661,21.26,2023-08-27,221.0169491525424,0.040939193257074,0.9937225360954176,6,2023
Düsseldorf_Hbf,2136,20.18,2023-08-28,258.36441893830704,0.021067415730337,0.9937828790052606,0,2023
Düsseldorf_Hbf,2322,20.779999,2023-08-29,293.1590806669671,0.0443583118001722,0.9954934655250112,1,2023
Düsseldorf_Hbf,2334,18.67,2023-08-30,474.40428380187416,0.0398457583547557,0.996876394466756,2,2023
Düsseldorf_Hbf,2339,20.43,2023-08-31,332.8346456692913,0.0226592560923471,0.994313210848644,3,2023
Düsseldorf_Hbf,2328,20.08,2023-09-01,345.02772643253235,0.070446735395189,0.995841035120148,4,2023
Düsseldorf_Hbf,1798,24.41,2023-09-02,286.46853146853147,0.0456062291434927,0.9953379953379954,5,2023
Düsseldorf_Hbf,1662,23.779999,2023-09-03,295.3529044347283,0.0367027677496991,0.995627732667083,6,2023
Düsseldorf_Hbf,2100,26.92,2023-09-04,289.8295177788602,0.0223809523809523,0.997564539698003,0,2023
Düsseldorf_Hbf,2095,29.39,2023-09-05,306.6731423020884,0.0171837708830548,0.9980573093734822,1,2023
Düsseldorf_Hbf,2096,30.16,2023-09-06,497.03592814371257,0.0438931297709923,0.9955089820359282,2,2023
Düsseldorf_Hbf,2099,30.47,2023-09-07,383.1750741839763,0.036684135302525,0.996538081107814,3,2023
Düsseldorf_Hbf,2146,31.099998,2023-09-08,322.67558528428094,0.0246971109040074,0.9966555183946488,4,2023
Düsseldorf_Hbf,1796,30.83,2023-09-09,367.6151121605667,0.0567928730512249,0.9976387249114522,5,2023
Düsseldorf_Hbf,1662,31.49,2023-09-10,580.3643216080402,0.0421179302045728,0.996859296482412,6,2023
Düsseldorf_Hbf,2102,30.83,2023-09-11,462.5432953983176,0.038534728829686,0.9975259772389906,0,2023
Düsseldorf_Hbf,2104,25.8,2023-09-12,496.9230769230769,0.0731939163498098,0.9974358974358974,1,2023
Düsseldorf_Hbf,2104,20.96,2023-09-13,355.76436222005844,0.023764258555133,0.9946445959104186,2,2023
Düsseldorf_Hbf,2109,21.39,2023-09-14,427.4445617740232,0.1019440493124703,0.995248152059134,3,2023
Düsseldorf_Hbf,2139,23.439999,2023-09-15,390.2825979176996,0.0570359981299672,0.9965294992563212,4,2023
Düsseldorf_Hbf,1846,26.859999,2023-09-16,452.987721691678,0.2058504875406283,0.9924965893587996,5,2023
Düsseldorf_Hbf,1716,26.5,2023-09-17,432.8330995792426,0.168997668997669,0.9922861150070126,6,2023
Düsseldorf_Hbf,2144,25.16,2023-09-18,533.2764920828258,0.2341417910447761,0.992082825822168,0,2023
Düsseldorf_Hbf,2140,20.359999,2023-09-19,426.089552238806,0.2172897196261682,0.99044776119403,1,2023
Düsseldorf_Hbf,2144,23.71,2023-09-20,435.1917224589166,0.2336753731343283,0.9878271454656116,2,2023
Düsseldorf_Hbf,2146,21.93,2023-09-21,449.9641148325359,0.2208760484622553,0.9958133971291866,3,2023
Düsseldorf_Hbf,2195,19.119999,2023-09-22,384.6560846560847,0.2250569476082004,0.990593768371546,4,2023
Düsseldorf_Hbf,1853,17.65,2023-09-23,505.8365758754864,0.167835941716136,0.9909208819714656,5,2023
Düsseldorf_Hbf,1717,20.46,2023-09-24,507.6565798733287,0.1723937099592312,0.9887403237156932,6,2023
Düsseldorf_Hbf,2209,21.869999,2023-09-25,577.3736372646184,0.0864644635581711,0.9945490584737364,0,2023
Düsseldorf_Hbf,2186,23.82,2023-09-26,335.7171514543631,0.0878316559926807,0.9954864593781344,1,2023
Düsseldorf_Hbf,2172,24.82,2023-09-27,308.2645450024864,0.0741252302025782,0.9940328194927897,2,2023
Düsseldorf_Hbf,2178,22.42,2023-09-28,402.0393740535083,0.0904499540863177,0.9924280666330136,3,2023
Düsseldorf_Hbf,2207,23.539999,2023-09-29,392.298682284041,0.0715903942002718,0.99170326988775,4,2023
Düsseldorf_Hbf,1791,19.57,2023-09-30,295.16301126259634,0.0580681183696259,0.990515708358032,5,2023
Düsseldorf_Hbf,37,24.18,2023-10-01,1647.428571428571,0.054054054054054,1.0,6,2023
Düsseldorf_Hbf,15383,27.71,2024-05-01,526.2188301861964,0.0119612559318728,0.9871044147641292,2,2024
Düsseldorf_Hbf,21616,26.529999,2024-05-02,498.7510652400341,0.0228534418948926,0.9912887037212386,3,2024
Düsseldorf_Hbf,19471,14.759999,2024-05-03,424.8374960810952,0.0171023573519593,0.9906468805517818,4,2024
Düsseldorf_Hbf,14252,18.4,2024-05-04,420.7378091872792,0.0071568902610159,0.9874204946996468,5,2024
Düsseldorf_Hbf,12825,17.66,2024-05-05,363.969513632435,0.0076413255360623,0.986092559126267,6,2024
Düsseldorf_Hbf,18426,17.529999,2024-05-06,528.519129287599,0.0126994464343861,0.9906552330694812,0,2024
Düsseldorf_Hbf,15928,18.949999,2024-05-07,366.44179978361865,0.0134982420894023,0.9873989690065552,1,2024
Düsseldorf_Hbf,16382,17.76,2024-05-08,438.9244132323046,0.0090953485532901,0.989773917328898,2,2024
Düsseldorf_Hbf,15283,21.51,2024-05-09,733.6735365773359,0.0062814892364064,0.9870942253242904,3,2024
Düsseldorf_Hbf,21935,22.76,2024-05-10,457.9099678456592,0.0642352404832459,0.9914742278086328,4,2024
Düsseldorf_Hbf,16587,24.88,2024-05-11,471.089368066808,0.0326159040212214,0.9886576093730524,5,2024
Düsseldorf_Hbf,16742,26.099998,2024-05-12,618.0395955682025,0.0134392545693465,0.9847429920687776,6,2024
Düsseldorf_Hbf,19315,25.1,2024-05-13,567.7297297297297,0.023039088791095,0.9913089560148384,0,2024
Düsseldorf_Hbf,16698,27.359999,2024-05-14,430.6310055694963,0.0214995807881183,0.9872697227492504,1,2024
Düsseldorf_Hbf,16728,21.949999,2024-05-15,329.44980694980694,0.0090865614538498,0.988296332046332,2,2024
Düsseldorf_Hbf,16166,21.68,2024-05-16,334.0109958765463,0.0098973153532104,0.9887542171685618,3,2024
Düsseldorf_Hbf,17026,19.48,2024-05-17,600.2561943709405,0.0233760131563491,0.9882727928794804,4,2024
Düsseldorf_Hbf,13099,21.67,2024-05-18,489.1300295168557,0.0171768837315825,0.9860183315208948,5,2024
Düsseldorf_Hbf,12639,19.26,2024-05-19,497.2928087713641,0.018593243136324,0.983150596581748,6,2024
Düsseldorf_Hbf,12047,22.08,2024-05-20,309.6670301098717,0.0102930190088818,0.9816321395621908,0,2024
Düsseldorf_Hbf,15298,22.46,2024-05-21,402.5766379483069,0.0212446071381879,0.9889133774126762,1,2024
Düsseldorf_Hbf,16457,19.68,2024-05-22,418.5942136498516,0.0170748009965364,0.983679525222552,2,2024
Düsseldorf_Hbf,17654,22.01,2024-05-23,448.6113025499656,0.013707941542993,0.9821961865380198,3,2024
Düsseldorf_Hbf,17351,17.67,2024-05-24,372.1344380907924,0.0122759495129963,0.9745594585132454,4,2024
Düsseldorf_Hbf,11627,19.3,2024-05-25,349.62655601659753,0.0050743958028726,0.9700899031811896,5,2024
Düsseldorf_Hbf,11037,23.59,2024-05-26,406.1124828532236,0.0092416417504756,0.9672610882487426,6,2024
Düsseldorf_Hbf,14057,20.33,2024-05-27,379.4560938953696,0.0059756704844561,0.97309096113934,0,2024
Düsseldorf_Hbf,15058,19.99,2024-05-28,457.6805778491172,0.0070394474697835,0.97304708400214,1,2024
Düsseldorf_Hbf,10278,19.8,2024-05-29,460.0473372781065,0.013426736719206,0.9842209072978304,2,2024
Düsseldorf_Hbf,3665,20.01,2024-05-30,244.7960308710033,0.0100954979536152,0.9773980154355016,3,2024
Düsseldorf_Hbf,14712,20.24,2024-05-31,477.2339688041594,0.0195078847199564,0.9776083188908146,4,2024
Düsseldorf_Hbf,13676,20.48,2024-06-01,508.5716391509434,0.0078970459198596,0.9806161556603774,5,2024
Düsseldorf_Hbf,11709,17.529999,2024-06-02,701.4369501466275,0.009821504825348,0.9789546317060548,6,2024
Düsseldorf_Hbf,16133,16.359999,2024-06-03,632.1250479478327,0.0304345131097749,0.9814601713335892,0,2024
Düsseldorf_Hbf,15396,21.64,2024-06-04,543.6474659067779,0.0426734216679657,0.9782210462039488,1,2024
Düsseldorf_Hbf,13635,18.43,2024-06-05,630.587713461965,0.0079207920792079,0.9798181414947882,2,2024
Düsseldorf_Hbf,13546,20.039999,2024-06-06,486.8420650095602,0.0347704119297209,0.9789674952198852,3,2024
Düsseldorf_Hbf,14678,21.47,2024-06-07,621.2423907028224,0.0151246763864286,0.979731599335916,4,2024
Düsseldorf_Hbf,12703,21.72,2024-06-08,523.2236520605962,0.0334566637802094,0.9789868056686756,5,2024
Düsseldorf_Hbf,11357,20.72,2024-06-09,618.6534976440739,0.0282645064717795,0.977618702428416,6,2024
Düsseldorf_Hbf,16459,14.79,2024-06-10,437.9115616642826,0.02308767239808,0.9788544063685553,0,2024
Düsseldorf_Hbf,17728,17.52,2024-06-11,582.0518692391366,0.0147224729241877,0.97904620140837,1,2024
Düsseldorf_Hbf,15939,16.92,2024-06-12,467.1836109515604,0.0169395821569734,0.9820026804518476,2,2024
Düsseldorf_Hbf,18191,19.859999,2024-06-13,569.9830259137716,0.0284206475729756,0.9779336879031344,3,2024
Düsseldorf_Hbf,19618,19.39,2024-06-14,532.5027379400261,0.0225813028851055,0.9832073011734028,4,2024
Düsseldorf_Hbf,22823,19.67,2024-06-15,811.6681494661922,0.0150286991193094,0.9862544483985766,5,2024
Düsseldorf_Hbf,16200,18.449999,2024-06-16,542.3196746950266,0.0132716049382716,0.9773537691585862,6,2024
Düsseldorf_Hbf,21375,21.85,2024-06-17,517.5288475236241,0.0147836257309941,0.9881760767367872,0,2024
Düsseldorf_Hbf,20048,23.14,2024-06-18,487.9810407422348,0.0107741420590582,0.9821500605082696,1,2024
Düsseldorf_Hbf,22499,21.72,2024-06-19,696.0506920726227,0.0109782657006978,0.9812601114506562,2,2024
Düsseldorf_Hbf,22916,22.02,2024-06-20,684.6607591588414,0.0101675685110839,0.9815721024555836,3,2024
Düsseldorf_Hbf,33668,22.74,2024-06-21,934.5795918367348,0.0539978614708328,0.9889481946624804,4,2024
Düsseldorf_Hbf,18328,22.08,2024-06-22,525.3485650599052,0.0208969882147533,0.977486765115631,5,2024
Düsseldorf_Hbf,16442,24.98,2024-06-23,422.19498537920737,0.0224425252402384,0.9766067317862254,6,2024
Düsseldorf_Hbf,22627,27.65,2024-06-24,473.2235609103079,0.0095903124585671,0.981793842034806,0,2024
Düsseldorf_Hbf,25348,29.72,2024-06-25,697.3252304101098,0.0197648729682815,0.9821306395138246,1,2024
Düsseldorf_Hbf,23586,31.32,2024-06-26,807.0398481973434,0.0168744170270499,0.9859410039675696,2,2024
Düsseldorf_Hbf,23494,30.57,2024-06-27,747.2996333158721,0.0249425385204733,0.9849397590361446,3,2024
Düsseldorf_Hbf,24869,23.93,2024-06-28,700.8670592657562,0.0372351119868108,0.9841289729774882,4,2024
Düsseldorf_Hbf,21309,28.359999,2024-06-29,622.9584949016229,0.0197099816978741,0.97994159605534,5,2024
Düsseldorf_Hbf,15427,22.34,2024-06-30,463.6718852782529,0.0145848188241394,0.9776345217734508,6,2024
Düsseldorf_Hbf,22542,19.76,2024-07-01,396.0728013708146,0.0420991926182237,0.9798082711989996,0,2024
Düsseldorf_Hbf,24513,17.359999,2024-07-02,494.4476489028213,0.0239872720597234,0.983448275862069,1,2024
Düsseldorf_Hbf,21576,15.849999,2024-07-03,529.3592032321714,0.0134408602150537,0.9812083059287796,2,2024
Düsseldorf_Hbf,22834,20.46,2024-07-04,642.538345598014,0.0120872383288079,0.9828442237787038,3,2024
Düsseldorf_Hbf,18422,18.73,2024-07-05,492.1488833746898,0.0155791987840625,0.9782740556934104,4,2024
Düsseldorf_Hbf,15362,23.85,2024-07-06,470.07067609014535,0.0236948314021611,0.9733297773036405,5,2024
Düsseldorf_Hbf,13495,21.85,2024-07-07,440.7501704932939,0.02208225268618,0.973857694930666,6,2024
Düsseldorf_Hbf,19371,23.93,2024-07-08,474.5354791514265,0.0120282897114242,0.9794126868011288,0,2024
Düsseldorf_Hbf,21120,31.71,2024-07-09,447.7460839296074,0.0206439393939393,0.9750048346548056,1,2024
Düsseldorf_Hbf,19765,26.55,2024-07-10,446.49402390438246,0.0094611687326081,0.9792113596894474,2,2024
Düsseldorf_Hbf,18068,24.689999,2024-07-11,422.3398890569844,0.0122315696258578,0.9774752059169608,3,2024
Düsseldorf_Hbf,17821,19.609999,2024-07-12,355.7654723127036,0.0180685707872734,0.9735984913423624,4,2024
Düsseldorf_Hbf,14861,19.9,2024-07-13,372.36256990860727,0.0133907543233968,0.9710817078161234,5,2024
Düsseldorf_Hbf,11597,23.84,2024-07-14,235.1527352297593,0.0148314219194619,0.9656892778993436,6,2024
Düsseldorf_Hbf,20654,27.939999,2024-07-15,343.4317306743015,0.01917304154159,0.976453746667983,0,2024
Düsseldorf_Hbf,18622,23.14,2024-07-16,421.7041730391086,0.016861776393513,0.9754752020974438,1,2024
Düsseldorf_Hbf,19191,24.019999,2024-07-17,462.9966491144088,0.0203220259496639,0.9761182915802352,2,2024
Düsseldorf_Hbf,19496,28.119999,2024-07-18,400.6800811105912,0.0134899466557242,0.9789424426766496,3,2024
Düsseldorf_Hbf,16636,28.97,2024-07-19,425.5660720786312,0.0092570329406107,0.9750637058609392,4,2024
Düsseldorf_Hbf,14476,32.6,2024-07-20,529.8292787025182,0.0288753799392097,0.9768103570920472,5,2024
Düsseldorf_Hbf,11553,26.14,2024-07-21,353.08777846809267,0.0247554747684584,0.9646756013135706,6,2024
Düsseldorf_Hbf,15475,24.81,2024-07-22,379.905604719764,0.01421647819063,0.9783677482792528,0,2024
Düsseldorf_Hbf,15706,24.81,2024-07-23,413.626642617882,0.0115879281803132,0.9824143262045864,1,2024
Düsseldorf_Hbf,15646,23.189999,2024-07-24,379.9700618288318,0.0179598619455451,0.978001952489424,2,2024
Düsseldorf_Hbf,14877,26.019999,2024-07-25,450.8720102988007,0.0079317066612892,0.9753370824581612,3,2024
Düsseldorf_Hbf,15245,24.24,2024-07-26,385.4459279038719,0.0173827484421121,0.97543391188251,4,2024
Düsseldorf_Hbf,8909,22.71,2024-07-27,183.5780129737112,0.0136940172858906,0.959485603732787,5,2024
Düsseldorf_Hbf,8016,24.26,2024-07-28,231.7449918105077,0.0098552894211576,0.9642182184704547,6,2024
Düsseldorf_Hbf,13264,27.75,2024-07-29,357.372330547818,0.025633293124246,0.9719900959455277,0,2024
Düsseldorf_Hbf,13781,31.859999,2024-07-30,332.73768445782247,0.0116101879399172,0.9765802804493062,1,2024
Düsseldorf_Hbf,13569,25.41,2024-07-31,321.3886997957794,0.025646694671678,0.9742076998714166,2,2024
Düsseldorf_Hbf,11984,23.1,2024-08-01,364.8523100227216,0.0084279038718291,0.9767735420348396,3,2024
Düsseldorf_Hbf,14963,25.689999,2024-08-02,509.0578042507107,0.0126311568535721,0.9786787599837552,4,2024
Düsseldorf_Hbf,14179,24.13,2024-08-03,682.3106416841496,0.0251075534240778,0.9775736092020544,5,2024
Düsseldorf_Hbf,12942,20.83,2024-08-04,507.0599294947121,0.0136764024107556,0.9764198981590286,6,2024
Düsseldorf_Hbf,17237,26.97,2024-08-05,545.9617879466919,0.0161861112722631,0.9872626488972756,0,2024
Düsseldorf_Hbf,16965,29.42,2024-08-06,493.646065722038,0.0223990568818155,0.983961410913476,1,2024
Düsseldorf_Hbf,16161,23.539999,2024-08-07,384.0736334606474,0.0117566982241197,0.985035376620124,2,2024
Düsseldorf_Hbf,18657,24.39,2024-08-08,830.9195026178011,0.0172053384788551,0.987129144851658,3,2024
Düsseldorf_Hbf,16618,24.74,2024-08-09,446.3298553908109,0.0137802382958238,0.98468484959424,4,2024
Düsseldorf_Hbf,12353,26.519999,2024-08-10,425.3085611393027,0.0109285193880029,0.983385169422164,5,2024
Düsseldorf_Hbf,11090,28.519999,2024-08-11,386.5620437956204,0.011722272317403,0.979470802919708,6,2024
Düsseldorf_Hbf,14728,33.59,2024-08-12,359.35456831517183,0.0279739272134709,0.9803716121821738,0,2024
Düsseldorf_Hbf,20582,34.61,2024-08-13,650.440881763527,0.030220581090273,0.9847194388777556,1,2024
Düsseldorf_Hbf,20292,24.48,2024-08-14,478.0530430783382,0.0356298048492016,0.9804282283203024,2,2024
Düsseldorf_Hbf,18896,27.65,2024-08-15,330.00992720052943,0.0404318374259102,0.9781601588352083,3,2024
Düsseldorf_Hbf,16669,25.43,2024-08-16,407.75607958732496,0.0230967664526966,0.9811471382952592,4,2024
Düsseldorf_Hbf,14096,25.49,2024-08-17,326.24780316344464,0.0312145289443813,0.97898359695372,5,2024
Düsseldorf_Hbf,13375,22.939999,2024-08-18,524.391830559758,0.0115887850467289,0.9744326777609682,6,2024
Düsseldorf_Hbf,15715,23.89,2024-08-19,380.6062931696086,0.0050270442252624,0.9732668201586084,0,2024
Düsseldorf_Hbf,21489,26.48,2024-08-20,872.2309842283889,0.0676159895760621,0.979636654022759,1,2024
Düsseldorf_Hbf,18109,21.359999,2024-08-21,363.3221589004358,0.0116516649179965,0.97619845792826,2,2024
Düsseldorf_Hbf,15962,25.039999,2024-08-22,287.2626973559064,0.0119659190577621,0.9708959482594636,3,2024
Düsseldorf_Hbf,20600,25.49,2024-08-23,438.6620689655172,0.0145631067961165,0.9773399014778326,4,2024
Düsseldorf_Hbf,14279,31.59,2024-08-24,367.5682648892711,0.0228307304433083,0.9726223751164624,5,2024
Düsseldorf_Hbf,14320,21.41,2024-08-25,600.2382640760176,0.0152234636871508,0.9768117997447172,6,2024
Düsseldorf_Hbf,18296,23.06,2024-08-26,524.5287253141831,0.0257979886313948,0.9769973070017952,0,2024
Düsseldorf_Hbf,17440,26.609999,2024-08-27,486.9229412801975,0.0244839449541284,0.9787221536472108,1,2024
Düsseldorf_Hbf,17284,30.39,2024-08-28,420.3705023156395,0.0255727840777597,0.9771404821280132,2,2024
Düsseldorf_Hbf,20955,30.38,2024-08-29,604.29351300841,0.0296826533047005,0.980229184084985,3,2024
Düsseldorf_Hbf,18829,22.109999,2024-08-30,372.3499810616309,0.0184821286313665,0.9786808073156216,4,2024
Düsseldorf_Hbf,15130,27.06,2024-08-31,381.5642683912692,0.0189028420356906,0.9774993263271357,5,2024
Düsseldorf_Hbf,14501,32.36,2024-09-01,386.0213094069816,0.0162057789117991,0.9735034347399412,6,2024
Düsseldorf_Hbf,17972,30.769999,2024-09-02,375.3563714902808,0.0210327175606499,0.9772081391383426,0,2024
Düsseldorf_Hbf,20651,27.84,2024-09-03,440.1416515973478,0.0359788872209578,0.9788024914607192,1,2024
Düsseldorf_Hbf,18175,19.64,2024-09-04,428.64355093742944,0.0256946354883081,0.9798396205105038,2,2024
Düsseldorf_Hbf,17769,29.55,2024-09-05,402.6268656716418,0.0196409477179357,0.9777841561423652,3,2024
Düsseldorf_Hbf,15915,24.8,2024-09-06,369.3066666666667,0.0103675777568331,0.976063492063492,4,2024
Düsseldorf_Hbf,17456,28.539999,2024-09-07,872.6042841037204,0.0345439963336388,0.9832670741114342,5,2024
Düsseldorf_Hbf,13231,24.109999,2024-09-08,636.0631383472609,0.0232030836671453,0.9756267409470752,6,2024
Düsseldorf_Hbf,16663,19.76,2024-09-09,446.696538178247,0.022264898277621,0.9771667075865456,0,2024
Düsseldorf_Hbf,20302,18.76,2024-09-10,436.2775076444935,0.0173874495123633,0.9810516817885608,1,2024
Düsseldorf_Hbf,23299,16.44,2024-09-11,559.6528540668805,0.0232628009785827,0.9862020477215802,2,2024
Düsseldorf_Hbf,21217,15.389999,2024-09-12,559.4437371462149,0.0374699533393033,0.9831554206248164,3,2024
Düsseldorf_Hbf,17152,17.039999,2024-09-13,372.6905352711804,0.0131763059701492,0.9774902516838,4,2024
Düsseldorf_Hbf,12573,17.26,2024-09-14,311.83583189972967,0.0291099976139346,0.9750143360367004,5,2024
Düsseldorf_Hbf,12749,18.9,2024-09-15,434.9721212121213,0.0293356341673856,0.9742222222222222,6,2024
Düsseldorf_Hbf,17296,21.43,2024-09-16,415.935332086626,0.0415703052728954,0.9782831634191952,0,2024
Düsseldorf_Hbf,16630,19.279999,2024-09-17,446.6010942398721,0.0218280216476247,0.9753488658019304,1,2024
Düsseldorf_Hbf,16653,23.64,2024-09-18,408.19485294117646,0.0199963970455773,0.9774509803921568,2,2024
Düsseldorf_Hbf,17810,23.529999,2024-09-19,463.717497445214,0.0110050533408197,0.9770069263086182,3,2024
Düsseldorf_Hbf,16187,24.6,2024-09-20,366.8034231059653,0.0182245011428924,0.9728165114523032,4,2024
Düsseldorf_Hbf,15908,25.359999,2024-09-21,438.20435860629,0.0365853658536585,0.9750097872895732,5,2024
Düsseldorf_Hbf,13863,25.5,2024-09-22,536.7535335689046,0.0201255139580177,0.9712897526501768,6,2024
Düsseldorf_Hbf,20838,21.39,2024-09-23,380.09923364118686,0.0231308186966119,0.9771074867360976,0,2024
Düsseldorf_Hbf,20331,20.48,2024-09-24,368.4991568296796,0.008312429295165,0.9753496676916972,1,2024
Düsseldorf_Hbf,22131,17.46,2024-09-25,439.7269024254768,0.0238127513442682,0.9739862988335494,2,2024
Düsseldorf_Hbf,20174,19.51,2024-09-26,379.8331251561329,0.0078814315455536,0.9791156632525606,3,2024
Düsseldorf_Hbf,19542,17.67,2024-09-27,543.2358003442341,0.0188824071231194,0.9795545819642204,4,2024
Düsseldorf_Hbf,16835,15.07,2024-09-28,490.844844597928,0.0367686367686367,0.9788480513073508,5,2024
Düsseldorf_Hbf,14897,14.4,2024-09-29,575.1333927714148,0.0212123246291199,0.9814827515259584,6,2024
Düsseldorf_Hbf,20442,15.29,2024-09-30,527.866927592955,0.0250953918403287,0.98840885142255,0,2024
Düsseldorf_Hbf,194,15.04,2024-10-01,539.6907216494845,0.0,0.9948453608247424,1,2024
Düsseldorf_Hbf,15166,27.9,2025-05-01,556.4833400240867,0.0145061321376763,0.9847450822962666,3,2025
Düsseldorf_Hbf,16833,28.21,2025-05-02,444.27239709443097,0.0185944276124279,0.983595641646489,4,2025
Düsseldorf_Hbf,12253,19.869999,2025-05-03,326.508652505536,0.0048967599771484,0.9766259329123268,5,2025
Düsseldorf_Hbf,11146,14.889999,2025-05-04,320.3278983875326,0.0040373228063879,0.9739663093415007,6,2025
Düsseldorf_Hbf,14133,14.96,2025-05-05,508.1508896797153,0.0058727800183966,0.9817081850533808,0,2025
Düsseldorf_Hbf,14582,16.22,2025-05-06,412.3992242692894,0.0098751885886709,0.9845546474580968,1,2025
Düsseldorf_Hbf,17192,17.71,2025-05-07,538.91019533111,0.0232666356444858,0.9873749404478324,2,2025
Düsseldorf_Hbf,15171,18.16,2025-05-08,589.7033545883005,0.048975018126689,0.9875242583864708,3,2025
Düsseldorf_Hbf,13699,20.01,2025-05-09,370.8666061705989,0.0346740638002773,0.9840441621294616,4,2025
Düsseldorf_Hbf,9739,22.81,2025-05-10,593.7572254335261,0.0230003080398398,0.9829742511823436,5,2025
Düsseldorf_Hbf,8610,24.97,2025-05-11,431.8726679104478,0.0039488966318234,0.980293843283582,6,2025
Düsseldorf_Hbf,11713,24.56,2025-05-12,543.8215897257896,0.016135917356783,0.9871572370704615,0,2025
Düsseldorf_Hbf,14269,23.71,2025-05-13,427.0927601809954,0.0087602494919055,0.9814762443438914,1,2025
Düsseldorf_Hbf,22022,23.529999,2025-05-14,673.0753225135247,0.0179366088456997,0.986590835529662,2,2025
Düsseldorf_Hbf,20208,19.619999,2025-05-15,482.9473576821057,0.029889152810768,0.9870944705162212,3,2025
Düsseldorf_Hbf,19259,20.09,2025-05-16,677.6162334605931,0.0071654810737836,0.99001098268919,4,2025
Düsseldorf_Hbf,15008,19.32,2025-05-17,455.2189682966147,0.0079957356076759,0.9822004298764104,5,2025
Düsseldorf_Hbf,12466,18.35,2025-05-18,445.23378212974296,0.0169260388256056,0.980905752753978,6,2025
Düsseldorf_Hbf,16798,22.609999,2025-05-19,485.4649841516656,0.0045838790332182,0.9877997727408648,0,2025
Düsseldorf_Hbf,15865,23.439999,2025-05-20,517.4340680341445,0.0105263157894736,0.9881513568607466,1,2025
Düsseldorf_Hbf,18402,20.93,2025-05-21,600.8634516093596,0.0106510161938919,0.987092167417335,2,2025
Düsseldorf_Hbf,17682,16.99,2025-05-22,469.16177559974926,0.0075217735550277,0.9894580887799874,3,2025
Düsseldorf_Hbf,17704,15.23,2025-05-23,527.1971686265556,0.0105061003163126,0.9870418997602466,4,2025
Düsseldorf_Hbf,18562,15.929999,2025-05-24,627.4579591836734,0.0100743454369141,0.9890068027210884,5,2025
Düsseldorf_Hbf,14206,21.05,2025-05-25,486.78701912744464,0.0173870195691961,0.9880363922917116,6,2025
Düsseldorf_Hbf,15098,19.74,2025-05-26,455.3710199676201,0.0181480990859716,0.986036157582299,0,2025
Düsseldorf_Hbf,18622,19.07,2025-05-27,378.6037694974003,0.0084845881215766,0.986405979202773,1,2025
Düsseldorf_Hbf,18133,20.51,2025-05-28,500.6649472976004,0.0163789775547344,0.987160798385288,2,2025
Düsseldorf_Hbf,11853,19.75,2025-05-29,536.8817111931965,0.0178857673162912,0.9829911519628898,3,2025
Düsseldorf_Hbf,19066,25.56,2025-05-30,486.5864135334359,0.0109619217455155,0.9891287055204964,4,2025
Düsseldorf_Hbf,13821,27.58,2025-05-31,416.4246545295021,0.0104189277186889,0.9820135994735688,5,2025
Düsseldorf_Hbf,12273,21.58,2025-06-01,558.2887700534759,0.0096146011570113,0.9786096256684492,6,2025
Düsseldorf_Hbf,19185,21.119999,2025-06-02,557.9486088205565,0.0202241334375814,0.9845188061924776,0,2025
Düsseldorf_Hbf,18556,24.48,2025-06-03,546.8970013037809,0.0079758568657038,0.9845176010430248,1,2025
Düsseldorf_Hbf,21844,22.02,2025-06-04,566.0425771887776,0.0258652261490569,0.9872174444287796,2,2025
Düsseldorf_Hbf,19221,19.64,2025-06-05,508.5747539942863,0.0165964309869413,0.9868796952703418,3,2025
Düsseldorf_Hbf,20663,21.49,2025-06-06,540.0116862248624,0.0060978560712384,0.98836246774115,4,2025
Düsseldorf_Hbf,14347,18.52,2025-06-07,392.2269822318983,0.0075277061406565,0.9797738605239132,5,2025
Düsseldorf_Hbf,12599,16.16,2025-06-08,491.3359418669648,0.0060322247797444,0.979557613990258,6,2025
Düsseldorf_Hbf,11470,19.33,2025-06-09,353.27382515095826,0.0037489102005231,0.9788220880371052,0,2025
Düsseldorf_Hbf,12145,19.949999,2025-06-10,319.2673382732495,0.0110333470564018,0.980434601615186,1,2025
Düsseldorf_Hbf,13281,22.24,2025-06-11,370.8151967847122,0.0070777802876289,0.9839235610828848,2,2025
Düsseldorf_Hbf,15945,28.109999,2025-06-12,415.62322678267446,0.0052681091251175,0.984994640943194,3,2025
Düsseldorf_Hbf,22432,31.9,2025-06-13,833.483447383022,0.0358416547788873,0.9895043462178658,4,2025
Düsseldorf_Hbf,14991,32.09,2025-06-14,499.47578193609405,0.0125408578480421,0.9885158413835032,5,2025
Düsseldorf_Hbf,15345,22.68,2025-06-15,520.046262639614,0.0139459107201042,0.9836098076795982,6,2025
Düsseldorf_Hbf,17895,24.609999,2025-06-16,510.1538640867234,0.0411846884604638,0.989217857559156,0,2025
Düsseldorf_Hbf,20259,27.019999,2025-06-17,472.2662490211433,0.0544942988301495,0.98981989036805,1,2025
Düsseldorf_Hbf,18990,27.63,2025-06-18,527.9453229697132,0.0176408636124275,0.9852586437952292,2,2025
Düsseldorf_Hbf,15043,25.1,2025-06-19,494.8993288590604,0.0095060825633184,0.9850335570469798,3,2025
Düsseldorf_Hbf,20561,26.24,2025-06-20,562.2917897223863,0.0119157628520013,0.9874483165977554,4,2025
Düsseldorf_Hbf,17750,30.789999,2025-06-21,495.3399207147506,0.0478309859154929,0.9848529672800426,5,2025
Düsseldorf_Hbf,16486,34.649998,2025-06-22,577.53152039555,0.0185612034453475,0.9819530284301607,6,2025
Düsseldorf_Hbf,18746,23.5,2025-06-23,475.941404566997,0.0094953590099221,0.9863205514864284,0,2025
Düsseldorf_Hbf,20378,23.39,2025-06-24,512.45500646316,0.0129551477083128,0.9874216963309138,1,2025
Düsseldorf_Hbf,20787,29.22,2025-06-25,440.6507101784047,0.0211670755760812,0.9876640290951983,2,2025
Düsseldorf_Hbf,20634,24.24,2025-06-26,517.9618963225521,0.0155568479209072,0.986560330822626,3,2025
Düsseldorf_Hbf,21011,23.73,2025-06-27,482.8309494096189,0.0084241587739755,0.9867044254583852,4,2025
Düsseldorf_Hbf,15516,28.3,2025-06-28,422.3893805309734,0.0095385408610466,0.9851639770952628,5,2025
Düsseldorf_Hbf,12654,30.25,2025-06-29,535.4679016288726,0.0102734313260629,0.9804375598850208,6,2025
Düsseldorf_Hbf,25764,32.34,2025-06-30,751.9368618038322,0.045916783108213,0.9886497701476752,0,2025
Düsseldorf_Hbf,23712,36.11,2025-07-01,893.9561117475985,0.0429318488529014,0.9912311624217854,1,2025
Düsseldorf_Hbf,23223,37.57,2025-07-02,953.3945201781617,0.0428885156956465,0.9925765960318532,2,2025
Düsseldorf_Hbf,22784,24.6,2025-07-03,754.0632757142213,0.0275193117977528,0.990883242316198,3,2025
Düsseldorf_Hbf,24604,25.119999,2025-07-04,897.9172466152094,0.0363761989920338,0.9901303302543338,4,2025
Düsseldorf_Hbf,14976,27.269999,2025-07-05,587.5433231396535,0.0174278846153846,0.9781855249745158,5,2025
Düsseldorf_Hbf,14622,19.25,2025-07-06,509.8032447359337,0.0093694433046094,0.9812909906800138,6,2025
Düsseldorf_Hbf,15374,21.05,2025-07-07,424.99313052011775,0.0057889944061402,0.9836440955184822,0,2025
Düsseldorf_Hbf,14973,20.73,2025-07-08,697.6741293532339,0.03346022841114,0.9876312880044223,1,2025
Düsseldorf_Hbf,14892,23.09,2025-07-09,608.5063085063085,0.0100725221595487,0.9884683218016552,2,2025
Düsseldorf_Hbf,15945,25.23,2025-07-10,741.4796500570559,0.0107243650047036,0.9880182578927348,3,2025
Düsseldorf_Hbf,14342,23.98,2025-07-11,371.4828095338536,0.0082973086040998,0.980243267946284,4,2025
Düsseldorf_Hbf,12295,26.869999,2025-07-12,452.08329917192754,0.0079707198047987,0.9795031565138969,5,2025
Düsseldorf_Hbf,13456,25.8,2025-07-13,765.053075359482,0.0128567181926278,0.9871264021681848,6,2025
Düsseldorf_Hbf,17294,26.17,2025-07-14,980.3755535872452,0.02075864461663,0.9901978151756716,0,2025
Düsseldorf_Hbf,20387,24.41,2025-07-15,753.0550918196996,0.0304115367636238,0.9884656245257248,1,2025
Düsseldorf_Hbf,13724,19.5,2025-07-16,509.2903320599471,0.0081608860390556,0.9875110196885102,2,2025
Düsseldorf_Hbf,15316,24.92,2025-07-17,825.2958998182186,0.0302298250195873,0.9878812361139164,3,2025
Düsseldorf_Hbf,18290,27.81,2025-07-18,759.4557446100981,0.0135046473482777,0.9894696003990467,4,2025
Düsseldorf_Hbf,12691,31.09,2025-07-19,380.28115320467,0.0078795997163344,0.9791914859820506,5,2025
Düsseldorf_Hbf,12131,28.56,2025-07-20,378.5051845707175,0.0062649410600939,0.978017420157611,6,2025
Düsseldorf_Hbf,14437,24.789999,2025-07-21,377.9315144766147,0.0047793862990926,0.9846881959910914,0,2025
Düsseldorf_Hbf,16703,23.97,2025-07-22,581.9013529090578,0.0131712865952224,0.9870775950979798,1,2025
Düsseldorf_Hbf,14626,24.25,2025-07-23,505.4252138237953,0.0167509913852044,0.9872748765732564,2,2025
Düsseldorf_Hbf,17375,24.48,2025-07-24,595.8167400881057,0.0201438848920863,0.98496328928047,3,2025
Düsseldorf_Hbf,22767,25.63,2025-07-25,783.8310991957104,0.0169982869943339,0.9922698838248436,4,2025
Düsseldorf_Hbf,12587,26.83,2025-07-26,443.5320441105961,0.0057996345435767,0.9843375419530126,5,2025
Düsseldorf_Hbf,10451,23.34,2025-07-27,480.3067721396874,0.0081331929958855,0.9789697086629364,6,2025
Düsseldorf_Hbf,12537,22.269999,2025-07-28,373.2398956975228,0.0211374331977347,0.9766949152542372,0,2025
Düsseldorf_Hbf,13108,21.85,2025-07-29,423.8180554482972,0.0121299969484284,0.9853270522820295,1,2025
Düsseldorf_Hbf,16345,23.609999,2025-07-30,596.5928237129485,0.0195778525542979,0.9873946957878316,2,2025
Düsseldorf_Hbf,19123,22.71,2025-07-31,741.2699288354388,0.0520838780526068,0.9884702377668672,3,2025
Düsseldorf_Hbf,15973,21.0,2025-08-01,763.2534796573876,0.0644212107932135,0.9911001070663812,4,2025
Düsseldorf_Hbf,9737,20.42,2025-08-02,403.5145751498863,0.00647016534867,0.9831507132520158,5,2025
Düsseldorf_Hbf,9663,23.4,2025-08-03,363.1003039513678,0.0126254786298251,0.980714809768368,6,2025
Düsseldorf_Hbf,13008,26.0,2025-08-04,614.875184695544,0.0114544895448954,0.982502527412707,0,2025
Düsseldorf_Hbf,20679,21.939999,2025-08-05,625.8078151880069,0.0161516514338217,0.9880560334234456,1,2025
Düsseldorf_Hbf,17216,22.859999,2025-08-06,532.42429546648,0.0044725836431226,0.98722212497812,2,2025
Düsseldorf_Hbf,18192,26.0,2025-08-07,476.9040384509143,0.0050021987686895,0.9871277829954146,3,2025
Düsseldorf_Hbf,21091,24.119999,2025-08-08,574.7803163444639,0.0287800483618605,0.9857937902753368,4,2025
Düsseldorf_Hbf,16430,27.5,2025-08-09,589.6264792899408,0.0125380401704199,0.9850838264299804,5,2025
Düsseldorf_Hbf,12603,26.15,2025-08-10,423.414205905826,0.0057922716813457,0.9832402234636872,6,2025
Düsseldorf_Hbf,17768,29.23,2025-08-11,522.9104950723301,0.0234691580369203,0.9831133652239064,0,2025
Düsseldorf_Hbf,16657,32.04,2025-08-12,613.3487157690206,0.0112865461967941,0.9828162001335844,1,2025
Düsseldorf_Hbf,18531,34.309998,2025-08-13,640.6906710310966,0.0108466893313906,0.9839607201309328,2,2025
Düsseldorf_Hbf,15781,33.57,2025-08-14,443.95695894446936,0.010645713199417,0.9820662268622302,3,2025
Düsseldorf_Hbf,16357,29.539999,2025-08-15,427.785209959123,0.0128996759797028,0.9765266939179984,4,2025
Düsseldorf_Hbf,11682,21.289999,2025-08-16,373.54370191060775,0.0098442047594589,0.9661104867294892,5,2025
Düsseldorf_Hbf,11157,20.74,2025-08-17,526.3249254136155,0.0086044635654745,0.9736009402404846,6,2025
Düsseldorf_Hbf,13080,26.83,2025-08-18,423.95878191325744,0.0058103975535168,0.9731621039680098,0,2025
Düsseldorf_Hbf,15232,30.0,2025-08-19,560.6617500498306,0.0118828781512605,0.9770779350209288,1,2025
Düsseldorf_Hbf,16100,25.26,2025-08-20,405.9528881092595,0.0085714285714285,0.9783235183560958,2,2025
Düsseldorf_Hbf,15000,25.23,2025-08-21,443.43140540178274,0.0052666666666666,0.9792239126063936,3,2025
Düsseldorf_Hbf,15245,19.01,2025-08-22,488.8090512107979,0.008592981305346,0.976247188037581,4,2025
Düsseldorf_Hbf,11306,20.619999,2025-08-23,455.9410714285714,0.0093755528038209,0.9646428571428572,5,2025
Düsseldorf_Hbf,9770,21.5,2025-08-24,433.61277033985584,0.0061412487205731,0.9627188465499484,6,2025
Düsseldorf_Hbf,11141,23.99,2025-08-25,496.51101641127934,0.010052957544206,0.9809592891467948,0,2025
Düsseldorf_Hbf,15494,29.56,2025-08-26,598.3430799220273,0.0067122757196334,0.9861598440545808,1,2025
Düsseldorf_Hbf,18024,28.07,2025-08-27,478.8744102448888,0.0122059476253883,0.9853403729498988,2,2025
Düsseldorf_Hbf,20649,24.83,2025-08-28,515.3659631791649,0.02934766816795,0.9863792845382428,3,2025
Düsseldorf_Hbf,18232,24.47,2025-08-29,481.1679477962728,0.0081724440544098,0.98921639108555,4,2025
Düsseldorf_Hbf,13951,23.67,2025-08-30,309.71757925072046,0.0050892409146297,0.9826368876080692,5,2025
Düsseldorf_Hbf,12418,24.89,2025-08-31,498.4443364122508,0.0061201481720083,0.9762599254577864,6,2025
Düsseldorf_Hbf,12584,22.71,2025-09-01,311.0660400692555,0.0361570247933884,0.9851595349987632,0,2025
Düsseldorf_Hbf,2205,22.609999,2025-09-02,0.0,0.0,1.0,1,2025
Düsseldorf_Hbf,2176,24.22,2025-09-03,0.0,0.0,1.0,2,2025
Düsseldorf_Hbf,9031,23.16,2025-09-04,698.1635388739946,0.0087476469936884,0.987153708668454,3,2025
Düsseldorf_Hbf,20956,21.75,2025-09-05,635.5451200619675,0.0143157091047909,0.9918667699457784,4,2025
Düsseldorf_Hbf,15069,23.96,2025-09-06,609.1412520064206,0.0077642842922556,0.9876939539860888,5,2025
Düsseldorf_Hbf,14829,27.06,2025-09-07,569.3562935629357,0.0131499089621687,0.987153204865382,6,2025
Düsseldorf_Hbf,14204,23.41,2025-09-08,453.1441979522184,0.0098563784849338,0.9917519908987484,0,2025
Düsseldorf_Hbf,2224,17.619999,2025-09-09,0.0809352517985611,0.0,1.0,1,2025
Düsseldorf_Hbf,2216,20.92,2025-09-10,0.0,0.0,1.0,2,2025
Düsseldorf_Hbf,2173,19.71,2025-09-11,0.0,0.0,1.0,3,2025
Düsseldorf_Hbf,2214,19.22,2025-09-12,0.0,0.0,1.0,4,2025
Düsseldorf_Hbf,1899,20.57,2025-09-13,0.0,0.0,1.0,5,2025
Düsseldorf_Hbf,1747,19.68,2025-09-14,0.0,0.0,1.0,6,2025
Düsseldorf_Hbf,2172,20.779999,2025-09-15,0.0,0.0,1.0,0,2025
Düsseldorf_Hbf,2162,19.689999,2025-09-16,0.0,0.0,1.0,1,2025
Düsseldorf_Hbf,2166,18.15,2025-09-17,0.0,0.0,1.0,2,2025
Düsseldorf_Hbf,2680,22.16,2025-09-18,251.1717861205916,0.0160447761194029,0.9916571861964354,3,2025
Düsseldorf_Hbf,2213,27.64,2025-09-19,0.0,0.000451875282422,1.0,4,2025
Düsseldorf_Hbf,1916,27.93,2025-09-20,0.0,0.0,1.0,5,2025
Düsseldorf_Hbf,1753,21.359999,2025-09-21,0.0,0.0,1.0,6,2025
Düsseldorf_Hbf,2187,17.16,2025-09-22,0.0,0.0,1.0,0,2025
Düsseldorf_Hbf,2168,17.35,2025-09-23,0.0,0.0,1.0,1,2025
Düsseldorf_Hbf,2179,15.759999,2025-09-24,0.0,0.0,1.0,2,2025
Düsseldorf_Hbf,2203,11.98,2025-09-25,0.0,0.0,1.0,3,2025
Düsseldorf_Hbf,2227,16.869999,2025-09-26,0.0,0.0,1.0,4,2025
Düsseldorf_Hbf,1785,17.75,2025-09-27,0.0,0.0,1.0,5,2025
Düsseldorf_Hbf,1987,19.02,2025-09-28,523.453529710513,0.0090588827377956,0.983748095479939,6,2025
Düsseldorf_Hbf,15166,19.72,2025-09-29,536.5228896533474,0.0032968482131082,0.978764223339508,0,2025
Düsseldorf_Hbf,17257,16.34,2025-09-30,410.2298716452742,0.006779857449151,0.9783547257876312,1,2025
Düsseldorf_Hbf,139,17.57,2025-10-01,2399.568345323741,0.0,1.0,2,2025
Essen_Hbf,1463,14.37,2022-05-01,259.9583333333333,0.0157211209842788,0.99375,6,2022
Essen_Hbf,1775,18.88,2022-05-02,322.78659611992947,0.0416901408450704,0.9911816578483243,0,2022
Essen_Hbf,1777,18.13,2022-05-03,261.2050984936269,0.0287000562746201,0.993047508690614,1,2022
Essen_Hbf,1776,17.32,2022-05-04,247.2622478386167,0.0230855855855855,0.9919308357348704,2,2022
Essen_Hbf,1784,18.8,2022-05-05,219.6082949308756,0.0269058295964125,0.9902073732718892,3,2022
Essen_Hbf,1812,20.81,2022-05-06,308.89387984278494,0.0171081677704194,0.9882088714205502,4,2022
Essen_Hbf,1608,21.72,2022-05-07,485.0582590815627,0.0926616915422885,0.9910897875257024,5,2022
Essen_Hbf,1451,18.06,2022-05-08,425.9913793103448,0.0406616126809097,0.9906609195402298,6,2022
Essen_Hbf,1760,24.06,2022-05-09,324.8263888888889,0.0181818181818181,0.9913194444444444,0,2022
Essen_Hbf,1762,24.73,2022-05-10,323.7054354178843,0.02894438138479,0.9918176504967856,1,2022
Essen_Hbf,1780,25.26,2022-05-11,356.63583815028903,0.0280898876404494,0.9953757225433526,2,2022
Essen_Hbf,1782,18.949999,2022-05-12,538.9925373134329,0.0976430976430976,0.9931592039800996,3,2022
Essen_Hbf,1816,19.14,2022-05-13,377.9448909299656,0.040748898678414,0.9931113662456946,4,2022
Essen_Hbf,1628,21.789999,2022-05-14,416.3147792706334,0.0399262899262899,0.9852847088931542,5,2022
Essen_Hbf,1484,25.199999,2022-05-15,441.1072179397337,0.0384097035040431,0.9880868955851436,6,2022
Essen_Hbf,1764,25.609999,2022-05-16,536.6308243727599,0.0510204081632653,0.994026284348865,0,2022
Essen_Hbf,1762,22.84,2022-05-17,271.62303664921467,0.0244040862656072,0.9901105293775452,1,2022
Essen_Hbf,1762,28.76,2022-05-18,522.3305889803673,0.1038592508513053,0.9987333755541482,2,2022
Essen_Hbf,1764,27.81,2022-05-19,664.0650406504066,0.1632653061224489,0.9932249322493224,3,2022
Essen_Hbf,1790,24.15,2022-05-20,737.5649794801642,0.1832402234636871,0.9911080711354308,4,2022
Essen_Hbf,1606,18.32,2022-05-21,293.6455331412104,0.1357409713574097,0.9920749279538904,5,2022
Essen_Hbf,1452,21.81,2022-05-22,271.4466403162056,0.1287878787878787,0.9936758893280632,6,2022
Essen_Hbf,1770,24.13,2022-05-23,287.95871559633025,0.0146892655367231,0.993119266055046,0,2022
Essen_Hbf,1768,16.92,2022-05-24,384.8847926267281,0.0180995475113122,0.9965437788018432,1,2022
Essen_Hbf,1810,19.0,2022-05-25,436.8458781362007,0.0751381215469613,0.9946236559139784,2,2022
Essen_Hbf,1485,19.49,2022-05-26,222.5581395348837,0.0154882154882154,0.987688098495212,3,2022
Essen_Hbf,1688,17.9,2022-05-27,241.98317307692307,0.0142180094786729,0.9909855769230768,4,2022
Essen_Hbf,1623,16.449999,2022-05-28,212.05992509363296,0.0129390018484288,0.9893882646691636,5,2022
Essen_Hbf,1479,13.5,2022-05-29,265.45708304256806,0.0311020960108181,0.9916259595254712,6,2022
Essen_Hbf,1772,15.5199995,2022-05-30,273.57184750733137,0.0378103837471783,0.9929618768328444,0,2022
Essen_Hbf,1770,18.63,2022-05-31,391.719298245614,0.0338983050847457,0.9953216374269006,1,2022
Essen_Hbf,1768,17.1,2022-06-01,527.3176761433868,0.084841628959276,0.9932014833127316,2,2022
Essen_Hbf,1772,19.65,2022-06-02,543.7864077669902,0.0699774266365688,0.9878640776699028,3,2022
Essen_Hbf,1808,23.97,2022-06-03,623.5946924004825,0.0829646017699115,0.9975874547647768,4,2022
Essen_Hbf,1609,24.279999,2022-06-04,420.5821474773609,0.0391547545059042,0.9941785252263908,5,2022
Essen_Hbf,1455,21.08,2022-06-05,365.635103926097,0.1072164948453608,0.9923017705927636,6,2022
Essen_Hbf,1462,20.25,2022-06-06,284.96894409937886,0.008891928864569,0.9723947550034506,0,2022
Essen_Hbf,1768,19.939999,2022-06-07,372.1670702179177,0.0656108597285067,0.99636803874092,1,2022
Essen_Hbf,1771,20.59,2022-06-08,299.65397923875435,0.0208921513269339,0.994232987312572,2,2022
Essen_Hbf,1737,18.84,2022-06-09,318.8942307692308,0.0420264824409902,0.9963942307692308,3,2022
Essen_Hbf,1809,22.41,2022-06-10,413.059829059829,0.0298507462686567,0.996011396011396,4,2022
Essen_Hbf,1583,24.0,2022-06-11,377.8767123287671,0.0777005685407454,0.9883561643835616,5,2022
Essen_Hbf,1472,22.71,2022-06-12,346.37331440738114,0.0427989130434782,0.9900638750887154,6,2022
Essen_Hbf,1721,19.699999,2022-06-13,313.5542168674699,0.0354445090063916,0.989156626506024,0,2022
Essen_Hbf,1715,21.81,2022-06-14,526.8773234200744,0.0588921282798833,0.9950433705080544,1,2022
Essen_Hbf,1735,26.849998,2022-06-15,544.9571603427172,0.0582132564841498,0.996328029375765,2,2022
Essen_Hbf,1472,23.769999,2022-06-16,312.38227146814404,0.0190217391304347,0.9875346260387812,3,2022
Essen_Hbf,1743,28.39,2022-06-17,478.8076923076923,0.1049913941480206,0.9878205128205128,4,2022
Essen_Hbf,1550,32.37,2022-06-18,490.5956552207428,0.0793548387096774,0.9929922915206728,5,2022
Essen_Hbf,1173,22.42,2022-06-19,344.4052863436123,0.0323955669224211,0.988546255506608,6,2022
Essen_Hbf,1695,20.51,2022-06-20,337.9065420560748,0.0530973451327433,0.994392523364486,0,2022
Essen_Hbf,1690,22.33,2022-06-21,310.59902200489,0.0319526627218934,0.9944987775061124,1,2022
Essen_Hbf,1690,26.849998,2022-06-22,335.6483790523691,0.050887573964497,0.9968827930174564,2,2022
Essen_Hbf,1696,30.73,2022-06-23,413.4220532319392,0.0695754716981132,0.9955640050697084,3,2022
Essen_Hbf,1675,24.269999,2022-06-24,460.5926860025221,0.0531343283582089,0.9968474148802018,4,2022
Essen_Hbf,1287,25.119999,2022-06-25,543.6198347107438,0.0598290598290598,0.9950413223140496,5,2022
Essen_Hbf,1219,21.08,2022-06-26,356.4194373401535,0.0377358490566037,0.9957374254049446,6,2022
Essen_Hbf,1383,20.92,2022-06-27,559.1489361702128,0.0824295010845987,0.9952718676122932,0,2022
Essen_Hbf,1377,24.619999,2022-06-28,640.1123595505618,0.0951343500363108,0.9951845906902088,1,2022
Essen_Hbf,1377,26.49,2022-06-29,504.8780487804878,0.196078431372549,0.997289972899729,2,2022
Essen_Hbf,1382,29.519999,2022-06-30,560.2584814216478,0.1041968162083936,0.9959612277867528,3,2022
Essen_Hbf,1409,20.82,2022-07-01,534.5236188951161,0.1135557132718239,0.9911929543634908,4,2022
Essen_Hbf,1277,25.529999,2022-07-02,413.7109044801352,0.0736100234925606,0.9949281487743026,5,2022
Essen_Hbf,1218,24.91,2022-07-03,417.8143972246314,0.0533661740558292,0.99479618386817,6,2022
Essen_Hbf,1724,23.84,2022-07-04,395.8198198198198,0.0342227378190255,0.9933933933933934,0,2022
Essen_Hbf,1719,23.23,2022-07-05,365.6896551724138,0.0552646887725421,0.9944581280788176,1,2022
Essen_Hbf,1711,20.56,2022-07-06,368.1998795906081,0.0292226767971946,0.9945815773630344,2,2022
Essen_Hbf,1711,19.84,2022-07-07,298.06333739342267,0.0403272939801285,0.9884287454323996,3,2022
Essen_Hbf,1742,22.96,2022-07-08,319.76428992339424,0.0258323765786452,0.9976428992339422,4,2022
Essen_Hbf,1567,23.07,2022-07-09,326.3128491620112,0.0861518825781748,0.9902234636871508,5,2022
Essen_Hbf,1461,18.08,2022-07-10,273.2758620689655,0.0472279260780287,0.975574712643678,6,2022
Essen_Hbf,1712,21.449999,2022-07-11,226.3753846153846,0.0508177570093457,0.9883076923076924,0,2022
Essen_Hbf,1709,27.82,2022-07-12,625.6925031766201,0.0789935634874195,0.9904701397712834,1,2022
Essen_Hbf,1709,28.439999,2022-07-13,324.3424317617866,0.0567583382094792,0.9869727047146402,2,2022
Essen_Hbf,1710,23.9,2022-07-14,432.2687861271676,0.1906432748538011,0.9942196531791908,3,2022
Essen_Hbf,1741,21.75,2022-07-15,319.97565429093123,0.0562894887995404,0.9920876445526476,4,2022
Essen_Hbf,1567,22.49,2022-07-16,333.1123919308357,0.1142310146777281,0.989913544668588,5,2022
Essen_Hbf,1460,26.16,2022-07-17,421.961367013373,0.0780821917808219,0.986627043090639,6,2022
Essen_Hbf,1709,33.21,2022-07-18,392.2365988909427,0.0503218256290228,0.991373998767714,0,2022
Essen_Hbf,1706,36.89,2022-07-19,579.2622950819672,0.141852286049238,0.9938524590163934,1,2022
Essen_Hbf,1705,30.349998,2022-07-20,359.48069241011984,0.1190615835777126,0.9946737683089214,2,2022
Essen_Hbf,1708,21.27,2022-07-21,365.1485148514852,0.1129976580796253,0.9914191419141914,3,2022
Essen_Hbf,1740,21.199999,2022-07-22,362.3558282208589,0.0632183908045977,0.9975460122699388,4,2022
Essen_Hbf,1568,24.9,2022-07-23,328.3898305084746,0.096938775510204,0.992231638418079,5,2022
Essen_Hbf,1458,29.66,2022-07-24,278.97777777777776,0.074074074074074,0.9866666666666668,6,2022
Essen_Hbf,1712,27.359999,2022-07-25,304.0278657378087,0.0776869158878504,0.9911336288790372,0,2022
Essen_Hbf,1699,21.869999,2022-07-26,418.585086042065,0.0765155974102413,0.992989165073295,1,2022
Essen_Hbf,1539,20.91,2022-07-27,358.63165169315823,0.0597790773229369,0.9958534899792676,2,2022
Essen_Hbf,1569,24.21,2022-07-28,596.002994011976,0.1485022307202039,0.994011976047904,3,2022
Essen_Hbf,1740,23.6,2022-07-29,340.6569343065693,0.0551724137931034,0.9975669099756692,4,2022
Essen_Hbf,1569,25.35,2022-07-30,313.89993145990405,0.070108349267049,0.9945167923235092,5,2022
Essen_Hbf,1454,25.41,2022-07-31,290.87537091988133,0.0729023383768913,0.9866468842729972,6,2022
Essen_Hbf,1598,23.8,2022-08-01,333.53965183752416,0.0294117647058823,0.9896840747904576,0,2022
Essen_Hbf,1599,28.029999,2022-08-02,367.590618336887,0.1200750469043152,0.9928926794598436,1,2022
Essen_Hbf,1598,31.71,2022-08-03,474.5129224652088,0.055694618272841,0.994698475811796,2,2022
Essen_Hbf,1600,32.43,2022-08-04,467.0046082949309,0.050625,0.9953917050691244,3,2022
Essen_Hbf,1612,21.89,2022-08-05,452.65044814340587,0.0310173697270471,0.9903969270166452,4,2022
Essen_Hbf,1395,21.93,2022-08-06,426.57474600870825,0.0121863799283154,0.995645863570392,5,2022
Essen_Hbf,1292,24.96,2022-08-07,312.0678513731826,0.0417956656346749,0.9862681744749596,6,2022
Essen_Hbf,1598,25.619999,2022-08-08,458.8258839226151,0.0619524405506883,0.9973315543695798,0,2022
Essen_Hbf,1597,27.599998,2022-08-09,392.31067961165047,0.0325610519724483,0.9935275080906149,1,2022
Essen_Hbf,1596,29.439999,2022-08-10,396.2890625,0.037593984962406,0.9921875,2,2022
Essen_Hbf,1597,31.06,2022-08-11,326.33572828216853,0.0413274890419536,0.992815153494448,3,2022
Essen_Hbf,1549,30.939999,2022-08-12,597.8911095796003,0.0632666236281472,0.9951757408683668,4,2022
Essen_Hbf,1134,31.31,2022-08-13,517.3191899710704,0.0855379188712522,0.9922854387656702,5,2022
Essen_Hbf,1045,31.65,2022-08-14,244.14414414414412,0.0440191387559808,0.990990990990991,6,2022
Essen_Hbf,1615,24.609999,2022-08-15,384.4015444015444,0.0377708978328173,0.9935649935649936,0,2022
Essen_Hbf,1622,29.56,2022-08-16,372.5537294563843,0.0246609124537607,0.9917825537294565,1,2022
Essen_Hbf,1621,25.74,2022-08-17,301.70132325141776,0.0209747069710055,0.9936988027725268,2,2022
Essen_Hbf,1620,24.97,2022-08-18,443.5404896421846,0.0166666666666666,0.9918392969240428,3,2022
Essen_Hbf,1659,26.81,2022-08-19,435.046439628483,0.0265220012055455,0.9956656346749226,4,2022
Essen_Hbf,1451,23.89,2022-08-20,734.7058823529412,0.0861474844934527,0.9969834087481146,5,2022
Essen_Hbf,1326,25.25,2022-08-21,336.74236491777606,0.0369532428355957,0.9882537196554424,6,2022
Essen_Hbf,1591,27.72,2022-08-22,364.4805194805195,0.0320553111250785,0.9915584415584416,0,2022
Essen_Hbf,1588,30.039999,2022-08-23,350.9346991037132,0.0163727959697733,0.9884763124199744,1,2022
Essen_Hbf,1588,32.51,2022-08-24,346.5982028241335,0.0188916876574307,0.9878048780487804,2,2022
Essen_Hbf,1590,32.649998,2022-08-25,398.4362680683311,0.0427672955974842,0.992772667542707,3,2022
Essen_Hbf,1645,23.84,2022-08-26,392.57362355953904,0.0504559270516717,0.9948783610755442,4,2022
Essen_Hbf,1481,20.88,2022-08-27,373.7142857142857,0.0546927751519243,0.9957142857142856,5,2022
Essen_Hbf,1365,23.35,2022-08-28,405.2710843373494,0.0271062271062271,0.990210843373494,6,2022
Essen_Hbf,1600,23.779999,2022-08-29,325.93220338983053,0.04125,0.9954367666232072,0,2022
Essen_Hbf,1597,25.51,2022-08-30,437.2099087353325,0.0394489668127739,0.9960886571056062,1,2022
Essen_Hbf,1593,24.56,2022-08-31,309.41927249521376,0.0163214061519146,0.9968091895341415,2,2022
Essen_Hbf,1596,25.529999,2022-09-01,299.6897220426632,0.0307017543859649,0.9967679379444084,3,2022
Essen_Hbf,1618,25.859999,2022-09-02,314.3968871595331,0.0469715698393077,0.9909208819714656,4,2022
Essen_Hbf,1335,25.699999,2022-09-03,269.02092050209205,0.1048689138576779,0.985774058577406,5,2022
Essen_Hbf,1238,27.22,2022-09-04,223.3884297520661,0.0226171243941841,0.9776859504132231,6,2022
Essen_Hbf,1595,29.99,2022-09-05,313.9651837524178,0.0275862068965517,0.9929078014184396,0,2022
Essen_Hbf,1596,29.76,2022-09-06,264.6271510516252,0.0169172932330827,0.9910771191841936,1,2022
Essen_Hbf,1600,24.57,2022-09-07,341.71875,0.04,0.9908854166666666,2,2022
Essen_Hbf,1604,21.77,2022-09-08,400.4247104247104,0.0311720698254364,0.9916344916344916,3,2022
Essen_Hbf,1640,19.91,2022-09-09,510.635838150289,0.0506097560975609,0.9922928709055876,4,2022
Essen_Hbf,1454,17.029999,2022-09-10,331.5766738660907,0.0447042640990371,0.9949604031677466,5,2022
Essen_Hbf,1344,20.33,2022-09-11,251.327705295472,0.0305059523809523,0.9846508058326938,6,2022
Essen_Hbf,1599,24.0,2022-09-12,281.7459283387622,0.0400250156347717,0.9915309446254073,0,2022
Essen_Hbf,1520,25.17,2022-09-13,279.3172690763052,0.0171052631578947,0.994645247657296,1,2022
Essen_Hbf,1601,16.279999,2022-09-14,331.8204804045512,0.0118675827607745,0.9892541087231352,2,2022
Essen_Hbf,1605,16.779999,2022-09-15,275.1434034416826,0.022429906542056,0.9910771191841936,3,2022
Essen_Hbf,1633,16.199999,2022-09-16,407.0833333333333,0.030006123698714,0.995580808080808,4,2022
Essen_Hbf,1412,14.559999,2022-09-17,321.0196649672251,0.0276203966005665,0.9898033503277496,5,2022
Essen_Hbf,1323,12.04,2022-09-18,315.36,0.055177626606198,0.9896,6,2022
Essen_Hbf,1698,16.15,2022-09-19,388.2092307692308,0.0429917550058892,0.992,0,2022
Essen_Hbf,1694,15.799999,2022-09-20,346.2233375156838,0.0590318772136954,0.9899623588456712,1,2022
Essen_Hbf,1694,17.02,2022-09-21,456.6982922201138,0.0667060212514758,0.98292220113852,2,2022
Essen_Hbf,1698,18.56,2022-09-22,318.4,0.0282685512367491,0.9945454545454544,3,2022
Essen_Hbf,1732,17.91,2022-09-23,290.0970873786408,0.0484988452655889,0.9933252427184466,4,2022
Essen_Hbf,1542,16.21,2022-09-24,214.90835030549897,0.0447470817120622,0.991174473862865,5,2022
Essen_Hbf,1413,17.17,2022-09-25,258.431654676259,0.016277423920736,0.9920863309352518,6,2022
Essen_Hbf,1699,12.719999,2022-09-26,334.0134392180819,0.0364920541494997,0.9951130116065976,0,2022
Essen_Hbf,1694,10.84,2022-09-27,294.15770609319,0.011806375442739,0.996415770609319,1,2022
Essen_Hbf,1690,12.41,2022-09-28,280.0968523002421,0.0224852071005917,0.99455205811138,2,2022
Essen_Hbf,1697,15.2,2022-09-29,295.8695652173913,0.0241602828520919,0.9939613526570048,3,2022
Essen_Hbf,1690,16.05,2022-09-30,368.7946698970321,0.023076923076923,0.992731677771048,4,2022
Essen_Hbf,15,16.67,2022-10-01,324.0,0.0,1.0,5,2022
Essen_Hbf,1427,19.42,2023-05-01,157.1075581395349,0.035739313244569,0.9832848837209304,0,2023
Essen_Hbf,1699,13.09,2023-05-02,761.8575418994413,0.1571512654502648,0.9937150837988828,1,2023
Essen_Hbf,1696,15.44,2023-05-03,348.5464753587024,0.0548349056603773,0.9968808484092326,2,2023
Essen_Hbf,1715,22.8,2023-05-04,308.6034912718205,0.0647230320699708,0.9943890274314214,3,2023
Essen_Hbf,1722,20.27,2023-05-05,528.836291913215,0.1167247386759581,0.995397764628534,4,2023
Essen_Hbf,1555,20.71,2023-05-06,306.9070735090153,0.072668810289389,0.9972260748959778,5,2023
Essen_Hbf,1441,21.33,2023-05-07,255.0213371266003,0.0242886884108258,0.987908961593172,6,2023
Essen_Hbf,1699,19.18,2023-05-08,713.6252692031586,0.1801059446733372,0.9978463747307968,0,2023
Essen_Hbf,1703,20.48,2023-05-09,390.274557657108,0.0375807398708162,0.99633923123856,1,2023
Essen_Hbf,1703,17.19,2023-05-10,430.990099009901,0.0510863182618907,0.9969059405940596,2,2023
Essen_Hbf,1707,16.16,2023-05-11,335.4367201426025,0.0140597539543057,0.9946524064171124,3,2023
Essen_Hbf,1723,19.88,2023-05-12,388.9815366289458,0.0255368543238537,0.9928528886241812,4,2023
Essen_Hbf,1556,22.31,2023-05-13,332.0054017555706,0.0482005141388174,0.9918973666441594,5,2023
Essen_Hbf,1440,21.39,2023-05-14,275.026778882938,0.0923611111111111,0.9885233358837032,6,2023
Essen_Hbf,1703,19.66,2023-05-15,293.51117519826965,0.185554903112155,0.9877433309300648,0,2023
Essen_Hbf,1703,14.759999,2023-05-16,278.5368877867328,0.0528479154433352,0.9882207067575944,1,2023
Essen_Hbf,1725,14.88,2023-05-17,345.79988016776514,0.032463768115942,0.9958058717795086,2,2023
Essen_Hbf,1459,16.119999,2023-05-18,279.5268817204301,0.0438656614119259,0.9827956989247312,3,2023
Essen_Hbf,1709,19.55,2023-05-19,229.39246658566225,0.0368636629607957,0.9902794653705954,4,2023
Essen_Hbf,1589,18.07,2023-05-20,222.632639355272,0.0629326620516047,0.9852249832102082,5,2023
Essen_Hbf,1429,23.13,2023-05-21,337.33528550512443,0.0440867739678096,0.9824304538799414,6,2023
Essen_Hbf,1690,24.24,2023-05-22,373.30841121495325,0.0502958579881656,0.9906542056074766,0,2023
Essen_Hbf,1698,16.6,2023-05-23,379.9447131997236,0.1478209658421672,0.9910158949550796,1,2023
Essen_Hbf,1700,14.69,2023-05-24,283.46200241254525,0.0247058823529411,0.9891435464414958,2,2023
Essen_Hbf,1705,16.8,2023-05-25,199.72504482964732,0.0187683284457478,0.99163179916318,3,2023
Essen_Hbf,1718,18.16,2023-05-26,335.36957849725104,0.0471478463329452,0.9932803909590716,4,2023
Essen_Hbf,1550,21.859999,2023-05-27,279.4029850746269,0.092258064516129,0.9950248756218906,5,2023
Essen_Hbf,1380,23.21,2023-05-28,321.3744075829384,0.0826086956521739,0.9936808846761452,6,2023
Essen_Hbf,1417,19.17,2023-05-29,236.93525179856115,0.0190543401552575,0.9906474820143883,0,2023
Essen_Hbf,1642,19.81,2023-05-30,264.75471698113205,0.0316686967113276,0.9930817610062892,1,2023
Essen_Hbf,1629,23.949999,2023-05-31,362.386144964721,0.0429711479435236,0.9923027581783196,2,2023
Essen_Hbf,1605,19.3,2023-06-01,457.9310344827586,0.0785046728971962,0.9925625422582828,3,2023
Essen_Hbf,1626,18.18,2023-06-02,303.53619474695705,0.0399753997539975,0.994234465086483,4,2023
Essen_Hbf,1478,21.23,2023-06-03,317.8021978021978,0.0764546684709066,0.9963369963369964,5,2023
Essen_Hbf,1321,23.029999,2023-06-04,272.960372960373,0.0257380772142316,0.9945609945609946,6,2023
Essen_Hbf,1601,24.38,2023-06-05,360.6741573033708,0.0549656464709556,0.992729676140119,0,2023
Essen_Hbf,1600,24.82,2023-06-06,366.7322834645669,0.0475,0.9888451443569554,1,2023
Essen_Hbf,1618,21.71,2023-06-07,395.9213114754098,0.057478368355995,0.9940983606557378,2,2023
Essen_Hbf,1029,25.89,2023-06-08,116.65362035225048,0.0068027210884353,0.9931506849315068,3,2023
Essen_Hbf,393,26.64,2023-06-13,493.8328530259366,0.1170483460559796,0.9855907780979828,1,2023
Essen_Hbf,1681,24.07,2023-06-14,517.6824034334763,0.1683521713265913,0.9957081545064378,2,2023
Essen_Hbf,1681,26.4,2023-06-15,295.97014925373134,0.0434265318262938,0.9975124378109452,3,2023
Essen_Hbf,47,26.71,2023-06-16,2.5531914893617023,0.0,1.0,4,2023
Essen_Hbf,760,27.539999,2023-06-19,393.1578947368421,0.05,0.9986149584487536,0,2023
Essen_Hbf,1679,30.38,2023-06-20,425.748031496063,0.0923168552709946,0.9967191601049868,1,2023
Essen_Hbf,1695,27.699999,2023-06-21,446.9216061185468,0.0743362831858407,0.9949012109623964,2,2023
Essen_Hbf,1699,25.09,2023-06-22,455.8483033932136,0.1153619776339023,0.9946773120425816,3,2023
Essen_Hbf,1737,25.68,2023-06-23,477.4592833876221,0.1162924582613701,0.993485342019544,4,2023
Essen_Hbf,1656,27.9,2023-06-24,310.85487077534793,0.0887681159420289,0.9900596421471172,5,2023
Essen_Hbf,1522,30.38,2023-06-25,301.859778597786,0.109724047306176,0.9911439114391144,6,2023
Essen_Hbf,1774,23.9,2023-06-26,357.64,0.1544532130777903,0.9953333333333332,0,2023
Essen_Hbf,1770,22.57,2023-06-27,305.2695336159903,0.0672316384180791,0.9969715324046032,1,2023
Essen_Hbf,1794,20.869999,2023-06-28,226.57193605683835,0.0585284280936454,0.995855535820012,2,2023
Essen_Hbf,1796,24.05,2023-06-29,347.55053507728894,0.0634743875278396,0.99346016646849,3,2023
Essen_Hbf,1826,21.56,2023-06-30,336.73541543901,0.0706462212486308,0.9952857984678845,4,2023
Essen_Hbf,1659,21.05,2023-07-01,326.2548764629389,0.0729355033152501,0.9908972691807544,5,2023
Essen_Hbf,1526,21.18,2023-07-02,665.1685393258427,0.1251638269986894,0.995505617977528,6,2023
Essen_Hbf,1750,20.57,2023-07-03,335.3511497824736,0.0805714285714285,0.995649471721566,0,2023
Essen_Hbf,1746,22.039999,2023-07-04,313.87453874538744,0.0687285223367697,0.996309963099631,1,2023
Essen_Hbf,1747,19.779999,2023-07-05,358.5823754789272,0.1036061820263308,0.9961685823754788,2,2023
Essen_Hbf,1753,22.42,2023-07-06,308.9795918367347,0.0775812892184826,0.9975262832405688,3,2023
Essen_Hbf,1709,28.779999,2023-07-07,511.7799752781211,0.0532475131655939,0.9969097651421508,4,2023
Essen_Hbf,1564,33.469997,2023-07-08,315.5207624234173,0.0607416879795396,0.9945541184479236,5,2023
Essen_Hbf,1463,34.01,2023-07-09,548.0873493975904,0.0922761449077238,0.996234939759036,6,2023
Essen_Hbf,1691,26.019999,2023-07-10,395.7996146435453,0.0792430514488468,0.9980732177263968,0,2023
Essen_Hbf,1685,31.41,2023-07-11,508.0766688697951,0.1020771513353115,0.998678122934567,1,2023
Essen_Hbf,1686,23.82,2023-07-12,378.2791586998088,0.0693950177935943,0.9961759082217974,2,2023
Essen_Hbf,1694,22.189999,2023-07-13,394.6368715083799,0.0489964580873671,0.9968963376784604,3,2023
Essen_Hbf,1719,26.43,2023-07-14,355.3649635036496,0.0436300174520069,0.9987834549878344,4,2023
Essen_Hbf,1570,25.63,2023-07-15,291.740569159497,0.0375796178343949,0.9947054930509596,5,2023
Essen_Hbf,1457,23.289999,2023-07-16,221.7243816254417,0.0288263555250514,0.9971731448763252,6,2023
Essen_Hbf,1690,22.779999,2023-07-17,321.3608748481166,0.0260355029585798,0.99453219927096,0,2023
Essen_Hbf,1686,24.65,2023-07-18,264.2086330935252,0.0106761565836298,0.9976019184652278,1,2023
Essen_Hbf,1687,24.029999,2023-07-19,254.05735204392923,0.0284528749259039,0.99450884685784,2,2023
Essen_Hbf,1694,22.1,2023-07-20,310.3293971410814,0.050177095631641,0.9962709757613424,3,2023
Essen_Hbf,1725,21.72,2023-07-21,367.78119237861097,0.0568115942028985,0.9956976029502153,4,2023
Essen_Hbf,1064,23.05,2023-07-22,277.5222993062438,0.0516917293233082,0.99207135777998,5,2023
Essen_Hbf,1473,21.48,2023-07-23,275.87368421052633,0.0325865580448065,0.9894736842105264,6,2023
Essen_Hbf,1698,20.23,2023-07-24,301.72824045084536,0.0594817432273262,0.9924859110832812,0,2023
Essen_Hbf,1694,19.08,2023-07-25,315.72463768115944,0.0224321133412042,0.9939613526570048,1,2023
Essen_Hbf,1742,20.57,2023-07-26,275.3477498538866,0.0177956371986222,0.9929865575686732,2,2023
Essen_Hbf,1752,17.89,2023-07-27,445.3090909090909,0.0582191780821917,0.9981818181818182,3,2023
Essen_Hbf,1784,22.42,2023-07-28,339.53596287703016,0.0336322869955156,0.9936194895591648,4,2023
Essen_Hbf,1541,22.93,2023-07-29,230.1081081081081,0.0395846852693056,0.9952702702702704,5,2023
Essen_Hbf,1436,21.02,2023-07-30,290.2031930333817,0.0403899721448468,0.9862119013062408,6,2023
Essen_Hbf,1661,18.82,2023-07-31,492.31067961165047,0.069837447320891,0.996116504854369,0,2023
Essen_Hbf,1656,20.3,2023-08-01,266.0541220893644,0.0404589371980676,0.9918187539332912,1,2023
Essen_Hbf,1659,22.189999,2023-08-02,509.3910690121786,0.1091018685955394,0.9952638700947226,2,2023
Essen_Hbf,1665,18.59,2023-08-03,400.1387137452711,0.0474474474474474,0.9955863808322823,3,2023
Essen_Hbf,1658,20.75,2023-08-04,299.7418561770129,0.0186972255729794,0.993239090350338,4,2023
Essen_Hbf,1475,20.289999,2023-08-05,343.3285714285714,0.0508474576271186,0.9871428571428572,5,2023
Essen_Hbf,1377,18.33,2023-08-06,316.1977186311787,0.0450254175744371,0.993916349809886,6,2023
Essen_Hbf,1684,18.69,2023-08-07,399.5121951219512,0.0504750593824228,0.9949968730456537,0,2023
Essen_Hbf,1678,19.21,2023-08-08,323.34558823529414,0.0274135876042908,0.9950980392156864,1,2023
Essen_Hbf,1684,21.13,2023-08-09,302.453531598513,0.0415676959619952,0.9888475836431226,2,2023
Essen_Hbf,1647,23.289999,2023-08-10,237.03520691785053,0.0170006071645415,0.9944410129709698,3,2023
Essen_Hbf,1660,28.81,2023-08-11,277.5615919140872,0.0463855421686747,0.996209728363866,4,2023
Essen_Hbf,1484,22.369999,2023-08-12,249.54166666666663,0.0296495956873315,0.9951388888888888,5,2023
Essen_Hbf,1366,24.16,2023-08-13,188.92938496583145,0.0358711566617862,0.9954441913439636,6,2023
Essen_Hbf,1615,26.07,2023-08-14,296.3809523809524,0.0247678018575851,0.9923809523809524,0,2023
Essen_Hbf,1612,25.4,2023-08-15,375.6438180653427,0.031637717121588,0.9955156950672646,1,2023
Essen_Hbf,1605,22.68,2023-08-16,337.4226804123711,0.0330218068535825,0.9942010309278352,2,2023
Essen_Hbf,1616,19.98,2023-08-17,307.65384615384613,0.0346534653465346,0.992948717948718,3,2023
Essen_Hbf,1637,28.59,2023-08-18,392.147001934236,0.0525351252290775,0.9922630560928434,4,2023
Essen_Hbf,1451,28.67,2023-08-19,490.2803738317757,0.1150930392832529,0.9906542056074766,5,2023
Essen_Hbf,1338,27.22,2023-08-20,701.7369727047146,0.0964125560538116,0.9867659222497932,6,2023
Essen_Hbf,1584,26.84,2023-08-21,457.7227722772277,0.1073232323232323,0.9943422913719944,0,2023
Essen_Hbf,1580,25.25,2023-08-22,339.4906166219839,0.0556962025316455,0.9966487935656836,1,2023
Essen_Hbf,1580,26.59,2023-08-23,352.14332247557,0.0284810126582278,0.9908794788273616,2,2023
Essen_Hbf,1569,26.63,2023-08-24,297.687707641196,0.0407903123008285,0.9926910299003322,3,2023
Essen_Hbf,1593,22.91,2023-08-25,267.78286461739697,0.0401757689893283,0.9941137998691956,4,2023
Essen_Hbf,1329,21.8,2023-08-26,275.6264591439689,0.0331075996990218,0.9922178988326849,5,2023
Essen_Hbf,1214,20.41,2023-08-27,223.43589743589743,0.0362438220757825,0.9905982905982906,6,2023
Essen_Hbf,1452,19.5,2023-08-28,290.24734982332154,0.0254820936639118,0.9901060070671378,0,2023
Essen_Hbf,1458,20.31,2023-08-29,321.84971098265896,0.0507544581618655,0.9978323699421964,1,2023
Essen_Hbf,1455,18.13,2023-08-30,396.4469914040114,0.0405498281786941,0.9928366762177652,2,2023
Essen_Hbf,1456,19.4,2023-08-31,276.8684759916493,0.0130494505494505,0.9902574808629088,3,2023
Essen_Hbf,1481,19.64,2023-09-01,367.0416666666667,0.0276839972991222,0.9923611111111112,4,2023
Essen_Hbf,1262,23.039999,2023-09-02,304.72906403940885,0.0348652931854199,0.993431855500821,5,2023
Essen_Hbf,1216,22.48,2023-09-03,327.5418060200669,0.0164473684210526,0.9949832775919732,6,2023
Essen_Hbf,1517,26.47,2023-09-04,255.4435483870968,0.019116677653263,0.9932795698924732,0,2023
Essen_Hbf,1515,29.23,2023-09-05,252.7882037533512,0.0151815181518151,0.9919571045576407,1,2023
Essen_Hbf,1518,29.849998,2023-09-06,474.0915395284328,0.0500658761528326,0.992371705963939,2,2023
Essen_Hbf,1520,30.05,2023-09-07,368.1635388739946,0.0184210526315789,0.9959785522788204,3,2023
Essen_Hbf,1547,29.92,2023-09-08,325.6850715746421,0.0517129928894634,0.9952283571915472,4,2023
Essen_Hbf,1442,29.71,2023-09-09,232.6133909287257,0.036754507628294,0.986321094312455,5,2023
Essen_Hbf,1335,30.47,2023-09-10,647.3086029992107,0.0509363295880149,0.9873717442778216,6,2023
Essen_Hbf,1610,29.679998,2023-09-11,517.8252168112075,0.0689440993788819,0.9946631087391594,0,2023
Essen_Hbf,1620,25.05,2023-09-12,660.7744565217391,0.091358024691358,0.9952445652173914,1,2023
Essen_Hbf,1616,19.91,2023-09-13,438.7620889748549,0.0402227722772277,0.9941972920696324,2,2023
Essen_Hbf,1616,19.789999,2023-09-14,337.39570164348925,0.021039603960396,0.984197218710493,3,2023
Essen_Hbf,1636,22.63,2023-09-15,381.0967741935484,0.0525672371638141,0.9935483870967742,4,2023
Essen_Hbf,1583,26.0,2023-09-16,528.0163043478261,0.0701200252684775,0.9925271739130436,5,2023
Essen_Hbf,1359,25.769999,2023-09-17,526.7632850241546,0.086092715231788,0.9927536231884058,6,2023
Essen_Hbf,1725,24.18,2023-09-18,443.87643852210783,0.0428985507246376,0.9933373712901272,0,2023
Essen_Hbf,1721,19.64,2023-09-19,398.5898221949724,0.052295177222545,0.993868792152054,1,2023
Essen_Hbf,1719,23.15,2023-09-20,397.5457875457876,0.0471204188481675,0.9914529914529916,2,2023
Essen_Hbf,1589,21.8,2023-09-21,414.328552803129,0.0346129641283826,0.9915254237288136,3,2023
Essen_Hbf,1610,18.32,2023-09-22,360.5519053876478,0.0546583850931677,0.9934296977660972,4,2023
Essen_Hbf,1452,16.83,2023-09-23,440.5128205128205,0.0330578512396694,0.9857549857549858,5,2023
Essen_Hbf,1448,19.57,2023-09-24,522.5909090909091,0.0883977900552486,0.993939393939394,6,2023
Essen_Hbf,1720,21.449999,2023-09-25,372.810615199035,0.0360465116279069,0.991556091676719,0,2023
Essen_Hbf,1712,23.279999,2023-09-26,395.3285621340273,0.1022196261682243,0.9928432010409888,1,2023
Essen_Hbf,1701,24.13,2023-09-27,306.3254113345521,0.0352733686067019,0.9896404631322364,2,2023
Essen_Hbf,1706,21.16,2023-09-28,395.0216182828907,0.0509964830011723,0.9913526868437308,3,2023
Essen_Hbf,1694,22.65,2023-09-29,336.4869775893398,0.025383707201889,0.996365838885524,4,2023
Essen_Hbf,1283,18.75,2023-09-30,167.64849471114726,0.0420888542478565,0.9951179820992676,5,2023
Essen_Hbf,11,22.64,2023-10-01,813.3333333333334,0.1818181818181818,1.0,6,2023
Essen_Hbf,10710,26.71,2024-05-01,424.9472182596291,0.0182072829131652,0.983166904422254,2,2024
Essen_Hbf,13393,25.71,2024-05-02,525.1693002257337,0.0076905846337639,0.9896162528216704,3,2024
Essen_Hbf,13074,13.36,2024-05-03,486.31944444444446,0.0087195961450206,0.9901234567901236,4,2024
Essen_Hbf,10231,17.539999,2024-05-04,449.775678866588,0.0065487244648616,0.985930735930736,5,2024
Essen_Hbf,9267,16.24,2024-05-05,322.542446669569,0.0085248732059997,0.977579451458424,6,2024
Essen_Hbf,12596,17.69,2024-05-06,535.1243701511637,0.0073832962845347,0.9889626489642486,0,2024
Essen_Hbf,11682,18.56,2024-05-07,386.1357702349869,0.0164355418592706,0.9851174934725848,1,2024
Essen_Hbf,12228,17.539999,2024-05-08,448.4384236453202,0.0039254170755642,0.9877668308702792,2,2024
Essen_Hbf,11555,20.92,2024-05-09,776.4094076655052,0.006490696668109,0.9844947735191638,3,2024
Essen_Hbf,16487,22.17,2024-05-10,371.6602458264539,0.0081276156972159,0.9852014920809636,4,2024
Essen_Hbf,12289,23.38,2024-05-11,403.90280188445325,0.0154609813654487,0.9855359947103066,5,2024
Essen_Hbf,13571,25.57,2024-05-12,603.177279786998,0.0036843268734802,0.9844686043931662,6,2024
Essen_Hbf,13150,24.779999,2024-05-13,558.4306085872361,0.0241064638783269,0.9888568534247644,0,2024
Essen_Hbf,12767,26.57,2024-05-14,442.3137348250417,0.0128456176078953,0.9901610727604538,1,2024
Essen_Hbf,12491,22.81,2024-05-15,345.51557205099243,0.0077655912256824,0.9878973696950136,2,2024
Essen_Hbf,12333,21.65,2024-05-16,349.65821749795583,0.0083515770696505,0.9864268192968112,3,2024
Essen_Hbf,12787,19.82,2024-05-17,561.4268858648627,0.0057871275514194,0.9888303311570832,4,2024
Essen_Hbf,11255,20.97,2024-05-18,482.9419146647544,0.0087960906263882,0.9870025098601648,5,2024
Essen_Hbf,10446,19.279999,2024-05-19,502.64904610492846,0.0365690216350756,0.9820151033386328,6,2024
Essen_Hbf,9092,21.05,2024-05-20,351.96121639488763,0.0017597888253409,0.9787351256059938,0,2024
Essen_Hbf,11159,22.67,2024-05-21,405.5419722901386,0.0103951967022134,0.9878656162274744,1,2024
Essen_Hbf,12011,18.77,2024-05-22,406.2884518406455,0.0094080426275913,0.9832744999159524,2,2024
Essen_Hbf,13105,21.289999,2024-05-23,423.13253012048193,0.0119801602441816,0.981155390793945,3,2024
Essen_Hbf,13159,17.35,2024-05-24,342.60896349915294,0.0131468956607644,0.9789773602340984,4,2024
Essen_Hbf,7616,18.58,2024-05-25,282.35854045478584,0.0068277310924369,0.9755420412480168,5,2024
Essen_Hbf,8233,22.96,2024-05-26,438.0893118594436,0.0044941090732418,0.9725475841874084,6,2024
Essen_Hbf,9537,19.8,2024-05-27,329.7672441279626,0.0134214113452867,0.979381443298969,0,2024
Essen_Hbf,9854,18.72,2024-05-28,447.39806812404674,0.0019281510046681,0.9842399593289272,1,2024
Essen_Hbf,7671,18.77,2024-05-29,421.10573781205073,0.0026072220049537,0.9847078813227028,2,2024
Essen_Hbf,2719,20.289999,2024-05-30,190.9903201787044,0.0121368150055167,0.9638868205510052,3,2024
Essen_Hbf,10948,19.439999,2024-05-31,566.5484743864888,0.0210997442455242,0.97928524773724,4,2024
Essen_Hbf,11213,20.64,2024-06-01,511.5303907380608,0.0140016052795861,0.9837192474674384,5,2024
Essen_Hbf,8856,16.59,2024-06-02,703.9086236436322,0.0114046973803071,0.9763563677898344,6,2024
Essen_Hbf,11221,15.759999,2024-06-03,592.706717742689,0.0461634435433562,0.9788844249275904,0,2024
Essen_Hbf,13075,20.619999,2024-06-04,458.5520862116607,0.1696367112810707,0.980012894906512,1,2024
Essen_Hbf,10793,17.89,2024-06-05,592.0339615599926,0.0069489483924766,0.9832991229707037,2,2024
Essen_Hbf,10878,19.199999,2024-06-06,289.7279549718574,0.0200404486118771,0.9843339587242026,3,2024
Essen_Hbf,11752,20.529999,2024-06-07,619.3201133144476,0.0087644656228727,0.9836895870890204,4,2024
Essen_Hbf,8895,20.55,2024-06-08,484.23107844263234,0.0211354693648116,0.9762260250373264,5,2024
Essen_Hbf,8640,19.6,2024-06-09,715.7863780731678,0.0160879629629629,0.9751793906599224,6,2024
Essen_Hbf,11179,13.679999,2024-06-10,351.10649444494624,0.0096609714643528,0.9859994580435372,0,2024
Essen_Hbf,12016,16.779999,2024-06-11,653.7771442944579,0.0074067909454061,0.9860819988261926,1,2024
Essen_Hbf,12873,16.08,2024-06-12,535.4110624751294,0.0239260467645459,0.988141663350577,2,2024
Essen_Hbf,13263,19.34,2024-06-13,592.2918281904172,0.0275201688908994,0.9858117537602727,3,2024
Essen_Hbf,12627,19.039999,2024-06-14,615.1369533877943,0.0111665478736041,0.9830209835015216,4,2024
Essen_Hbf,13369,18.69,2024-06-15,750.9700815956483,0.0099483880619343,0.9788455726805682,5,2024
Essen_Hbf,10668,17.82,2024-06-16,577.9339783722254,0.0118110236220472,0.968317207361032,6,2024
Essen_Hbf,14745,21.14,2024-06-17,535.5939435650379,0.0145812139708375,0.9741225051617344,0,2024
Essen_Hbf,13962,22.83,2024-06-18,489.65967434355287,0.0234923363414983,0.9766026111192608,1,2024
Essen_Hbf,14263,21.07,2024-06-19,662.3991477272727,0.012830400336535,0.9747159090909092,2,2024
Essen_Hbf,14163,21.279999,2024-06-20,664.2564685811772,0.0067076184424203,0.972419675860108,3,2024
Essen_Hbf,19061,22.539999,2024-06-21,885.4628937533369,0.0173653008761345,0.97116924719701,4,2024
Essen_Hbf,12336,21.4,2024-06-22,565.4473942969519,0.0107003891050583,0.9681252048508686,5,2024
Essen_Hbf,10249,24.539999,2024-06-23,418.750493485985,0.0114157478778417,0.9648637978681406,6,2024
Essen_Hbf,14263,26.519999,2024-06-24,466.80415283565225,0.0072915936338778,0.9733031993784872,0,2024
Essen_Hbf,16450,28.25,2024-06-25,668.0615346442528,0.02,0.9743812418584455,1,2024
Essen_Hbf,17276,30.449999,2024-06-26,838.1558610111498,0.0188122250520953,0.9822429355200284,2,2024
Essen_Hbf,17307,29.42,2024-06-27,770.0239360149454,0.0102848558386779,0.982193940101582,3,2024
Essen_Hbf,16294,23.029999,2024-06-28,661.1264032472886,0.0323431938136737,0.9830658971269106,4,2024
Essen_Hbf,13920,26.91,2024-06-29,678.6463547334059,0.0096982758620689,0.9756256800870512,5,2024
Essen_Hbf,11593,21.609999,2024-06-30,464.2182709993869,0.0151815750884154,0.9738985723044584,6,2024
Essen_Hbf,14961,18.77,2024-07-01,375.710804224208,0.0126328453980348,0.9780666125101544,0,2024
Essen_Hbf,13690,16.31,2024-07-02,462.4309147332644,0.0113951789627465,0.9767252844687454,1,2024
Essen_Hbf,14782,15.08,2024-07-03,474.2071241919956,0.0162359626572858,0.9786824370788062,2,2024
Essen_Hbf,15270,19.689999,2024-07-04,668.4902661899087,0.0110019646365422,0.9800688650509868,3,2024
Essen_Hbf,13229,17.6,2024-07-05,516.3794429912294,0.0174616373119661,0.9782274196030158,4,2024
Essen_Hbf,11245,23.3,2024-07-06,384.2062852538276,0.0067585593597154,0.969469066165279,5,2024
Essen_Hbf,10388,20.66,2024-07-07,435.3373753178173,0.0155949172121678,0.9667514179542344,6,2024
Essen_Hbf,12574,23.019999,2024-07-08,443.5684981095648,0.011372673771274,0.9736143512187274,0,2024
Essen_Hbf,14030,30.34,2024-07-09,460.6389915235818,0.0161796151104775,0.9810910671593132,1,2024
Essen_Hbf,13933,26.13,2024-07-10,503.7289117370213,0.0087561903394818,0.9766128448338282,2,2024
Essen_Hbf,13051,23.88,2024-07-11,454.0148354195642,0.008351850432917,0.9745788904342452,3,2024
Essen_Hbf,12837,19.789999,2024-07-12,372.4707728520989,0.0071667835163979,0.9768536681051392,4,2024
Essen_Hbf,10765,19.02,2024-07-13,332.53045923149017,0.0088248954946586,0.9690721649484536,5,2024
Essen_Hbf,8168,23.08,2024-07-14,167.9365469749139,0.004407443682664,0.9535169699950812,6,2024
Essen_Hbf,13232,27.06,2024-07-15,344.1994670727065,0.0073307134220072,0.9715264560334984,0,2024
Essen_Hbf,13371,22.72,2024-07-16,468.3354741216472,0.0101712661730611,0.9770306006800152,1,2024
Essen_Hbf,12418,22.99,2024-07-17,370.5647517039922,0.0075696569495893,0.9714378448555664,2,2024
Essen_Hbf,13083,27.33,2024-07-18,380.8915327564895,0.0106244745089046,0.9767459826946848,3,2024
Essen_Hbf,10797,28.359999,2024-07-19,507.0362555150585,0.0343613966842641,0.9766928831766736,4,2024
Essen_Hbf,8263,31.5,2024-07-20,402.3098367184389,0.0883456371777804,0.9705296694544008,5,2024
Essen_Hbf,6996,25.67,2024-07-21,233.8443396226415,0.0303030303030303,0.960495283018868,6,2024
Essen_Hbf,7495,24.189999,2024-07-22,197.3025152957172,0.0186791194129419,0.975798776342624,0,2024
Essen_Hbf,8690,24.019999,2024-07-23,202.79058361942128,0.0614499424626006,0.9817312408043158,1,2024
Essen_Hbf,8521,22.18,2024-07-24,250.63901210885984,0.021124281187654,0.9853734564200936,2,2024
Essen_Hbf,8028,24.64,2024-07-25,199.53647416413372,0.0164424514200298,0.978596757852077,3,2024
Essen_Hbf,7142,23.15,2024-07-26,189.1914893617021,0.0128815457854942,0.9791489361702128,4,2024
Essen_Hbf,5984,22.99,2024-07-27,178.1532147742818,0.0227272727272727,0.9746922024623804,5,2024
Essen_Hbf,7202,23.859999,2024-07-28,135.41029597418992,0.0101360733129686,0.965072240145883,6,2024
Essen_Hbf,8920,27.269999,2024-07-29,253.06765523632995,0.032286995515695,0.9789156626506024,0,2024
Essen_Hbf,8656,31.16,2024-07-30,355.40273646638906,0.0289972273567467,0.9784651992861392,1,2024
Essen_Hbf,8563,24.81,2024-07-31,322.6916283998587,0.0081747051267079,0.9868126692570351,2,2024
Essen_Hbf,8302,23.41,2024-08-01,205.88754134509367,0.0167429535051794,0.988239617787578,3,2024
Essen_Hbf,8649,24.71,2024-08-02,342.4560570071259,0.0264770493698693,0.9800475059382424,4,2024
Essen_Hbf,9534,23.6,2024-08-03,399.9616858237548,0.0144745122718691,0.9798850574712644,5,2024
Essen_Hbf,8368,19.98,2024-08-04,377.9341930818368,0.0084847036328871,0.9778233096299868,6,2024
Essen_Hbf,11792,26.21,2024-08-05,622.4934566393299,0.0279850746268656,0.9857790961437796,0,2024
Essen_Hbf,13107,28.41,2024-08-06,592.0112254443405,0.0212863355458915,0.985266604303087,1,2024
Essen_Hbf,10981,23.24,2024-08-07,398.4367268395492,0.006192514342956,0.9819481352515348,2,2024
Essen_Hbf,12367,23.6,2024-08-08,1076.1795355706902,0.0145548637503032,0.9821941412981046,3,2024
Essen_Hbf,11401,23.59,2024-08-09,435.62404528708777,0.0238575563547057,0.9838260400754784,4,2024
Essen_Hbf,9408,25.38,2024-08-10,353.3319002579536,0.0110544217687074,0.97463456577816,5,2024
Essen_Hbf,9665,27.49,2024-08-11,381.2471180046112,0.0127263321262286,0.9691888492978412,6,2024
Essen_Hbf,9740,32.39,2024-08-12,297.79375,0.0143737166324435,0.9760416666666668,0,2024
Essen_Hbf,14437,34.329998,2024-08-13,590.1355713363461,0.0343561681789845,0.9794132415178252,1,2024
Essen_Hbf,13211,24.74,2024-08-14,449.0826254826255,0.0197562637196275,0.976138996138996,2,2024
Essen_Hbf,12138,26.59,2024-08-15,388.03700588730027,0.0204317020926017,0.972834314550042,3,2024
Essen_Hbf,12040,24.42,2024-08-16,451.9589363850556,0.0129568106312292,0.9769437899697072,4,2024
Essen_Hbf,9803,24.529999,2024-08-17,303.4168138834044,0.0183617260022442,0.9703834563026084,5,2024
Essen_Hbf,9807,22.07,2024-08-18,609.4497760716571,0.0437442643010094,0.9686500319897632,6,2024
Essen_Hbf,11614,22.65,2024-08-19,395.5028646981049,0.0231617013948682,0.9729396209784046,0,2024
Essen_Hbf,13729,25.88,2024-08-20,847.6781857451404,0.0557214655109621,0.9704566491823512,1,2024
Essen_Hbf,11010,20.199999,2024-08-21,379.5033112582781,0.012534059945504,0.9696467991169978,2,2024
Essen_Hbf,10917,24.08,2024-08-22,382.8494673459935,0.0111752312906476,0.9716535433070866,3,2024
Essen_Hbf,12830,24.89,2024-08-23,403.5014272121789,0.016991426344505,0.9731208372978116,4,2024
Essen_Hbf,10879,30.64,2024-08-24,341.6865005578282,0.011306186230352,0.9726664187430272,5,2024
Essen_Hbf,10861,20.47,2024-08-25,591.6521254872843,0.0080103121259552,0.9678856506404306,6,2024
Essen_Hbf,12823,21.8,2024-08-26,543.8884487402947,0.0156749590579427,0.9729044525431786,0,2024
Essen_Hbf,11631,26.14,2024-08-27,499.237516283109,0.0099733470896741,0.971341728180634,1,2024
Essen_Hbf,11871,29.23,2024-08-28,419.4641477028768,0.0190379917445876,0.973121511378274,2,2024
Essen_Hbf,13201,29.5,2024-08-29,557.163769441903,0.0064389061434739,0.9768984446477584,3,2024
Essen_Hbf,12997,20.55,2024-08-30,434.9244010234938,0.0076940832499807,0.9795301232844849,4,2024
Essen_Hbf,11062,24.82,2024-08-31,379.50452509370143,0.0111191466280961,0.9689185483133742,5,2024
Essen_Hbf,10402,30.22,2024-09-01,380.5325211239929,0.0215343203230148,0.968068382786402,6,2024
Essen_Hbf,11168,30.109999,2024-09-02,380.0308362053328,0.012714899713467,0.9745147832396156,0,2024
Essen_Hbf,11589,26.88,2024-09-03,415.61257553200807,0.0146690827508844,0.9756546107364918,1,2024
Essen_Hbf,12673,19.26,2024-09-04,390.7488,0.0136510692022409,0.97984,2,2024
Essen_Hbf,11952,29.05,2024-09-05,447.233896560597,0.0245147255689424,0.9755553649541128,3,2024
Essen_Hbf,11382,25.22,2024-09-06,389.9760744350908,0.0085222280794236,0.9746566238369516,4,2024
Essen_Hbf,12890,28.17,2024-09-07,909.3964968152866,0.0256012412723041,0.9801751592356688,5,2024
Essen_Hbf,9933,23.369999,2024-09-08,750.8255741775295,0.0268800966475385,0.9725843161597352,6,2024
Essen_Hbf,11394,19.41,2024-09-09,520.5049337718908,0.0127259961383184,0.9805316028091384,0,2024
Essen_Hbf,13277,17.69,2024-09-10,473.3251833740831,0.0142351434812081,0.9784535452322738,1,2024
Essen_Hbf,14750,15.339999,2024-09-11,514.3544041450778,0.0186440677966101,0.980656303972366,2,2024
Essen_Hbf,12624,14.4,2024-09-12,501.5811417575369,0.012040557667934,0.979073123797306,3,2024
Essen_Hbf,12503,16.23,2024-09-13,389.0968426205434,0.019675277933296,0.9812352125316146,4,2024
Essen_Hbf,8949,16.46,2024-09-14,229.4341762104547,0.0145267627667895,0.9634879238008844,5,2024
Essen_Hbf,9022,17.779999,2024-09-15,469.9738368786259,0.0256040789181999,0.9625753611648276,6,2024
Essen_Hbf,11627,20.3,2024-09-16,377.620266572513,0.0256299991399329,0.9746667843587254,0,2024
Essen_Hbf,11553,17.66,2024-09-17,477.5884413309983,0.011512161343374,0.9731173380035026,1,2024
Essen_Hbf,11161,21.97,2024-09-18,340.4523658735185,0.0096765522802616,0.9766579209264452,2,2024
Essen_Hbf,13393,21.38,2024-09-19,497.78819260715096,0.0122452027178376,0.9798926600650087,3,2024
Essen_Hbf,12477,23.279999,2024-09-20,365.2378640776699,0.0093772541476316,0.975242718446602,4,2024
Essen_Hbf,11188,24.83,2024-09-21,447.5438920717058,0.0327136217375759,0.9700609868785808,5,2024
Essen_Hbf,10920,24.98,2024-09-22,515.9098079242832,0.013095238095238,0.9678018001299062,6,2024
Essen_Hbf,13171,20.63,2024-09-23,332.11508061966487,0.0394047528661453,0.9694119506797344,0,2024
Essen_Hbf,12728,19.43,2024-09-24,415.7933757756467,0.0250628535512256,0.970988798452736,1,2024
Essen_Hbf,13920,16.4,2024-09-25,342.6199421965318,0.0057471264367816,0.971820809248555,2,2024
Essen_Hbf,12867,18.359999,2024-09-26,403.2094302554028,0.0110359835237429,0.9720235756385068,3,2024
Essen_Hbf,12638,16.359999,2024-09-27,590.7869666159635,0.0116315872764677,0.9799055319830278,4,2024
Essen_Hbf,11219,14.38,2024-09-28,375.1625135427952,0.0127462340672074,0.9693029974720117,5,2024
Essen_Hbf,11401,13.57,2024-09-29,620.8038585209003,0.0179808788702745,0.9729367631296892,6,2024
Essen_Hbf,12263,14.53,2024-09-30,383.9565503620803,0.0090516186903694,0.9752304147465438,0,2024
Essen_Hbf,118,14.0,2024-10-01,384.91525423728814,0.0,0.9576271186440678,1,2024
Essen_Hbf,10767,27.42,2025-05-01,611.8799546998868,0.0158818612426859,0.9882030955077388,3,2025
Essen_Hbf,11558,27.539999,2025-05-02,479.0854139290407,0.0123723827651842,0.9852825229960578,4,2025
Essen_Hbf,8960,19.42,2025-05-03,349.16828738130647,0.0244419642857142,0.981581054799222,5,2025
Essen_Hbf,8851,13.32,2025-05-04,360.1094141782539,0.0086995819681391,0.980852518805562,6,2025
Essen_Hbf,9986,14.16,2025-05-05,646.979008214177,0.012517524534348,0.988540715951729,0,2025
Essen_Hbf,9956,15.57,2025-05-06,439.1114734053393,0.0142627561269586,0.9842062359894028,1,2025
Essen_Hbf,12960,17.05,2025-05-07,629.2750666875883,0.0165123456790123,0.9854856425545268,2,2025
Essen_Hbf,9852,17.0,2025-05-08,565.2366318377382,0.0091352009744214,0.9869903708256504,3,2025
Essen_Hbf,9191,18.89,2025-05-09,429.7574893009986,0.0084865629420084,0.986722264896302,4,2025
Essen_Hbf,8174,21.71,2025-05-10,720.1265037827111,0.0135796427697577,0.9802802926950268,5,2025
Essen_Hbf,7025,24.48,2025-05-11,469.37177280550776,0.0075444839857651,0.9796328169822146,6,2025
Essen_Hbf,7801,22.67,2025-05-12,561.6932740120387,0.0203820023073964,0.9856058623397016,0,2025
Essen_Hbf,10465,22.08,2025-05-13,521.9188479128151,0.0179646440516005,0.986377347474944,1,2025
Essen_Hbf,14342,22.779999,2025-05-14,849.7220252446461,0.0167340677729744,0.985179407176287,2,2025
Essen_Hbf,14008,18.539999,2025-05-15,567.8930931803326,0.0170616790405482,0.9832231825114388,3,2025
Essen_Hbf,13444,19.67,2025-05-16,808.2023486901536,0.0119012198750371,0.984718458295694,4,2025
Essen_Hbf,11998,18.82,2025-05-17,560.5217976771587,0.009668278046341,0.9834202996128598,5,2025
Essen_Hbf,9534,18.029999,2025-05-18,483.6143811644925,0.0110132158590308,0.980167568140842,6,2025
Essen_Hbf,11946,21.869999,2025-05-19,541.0224983210209,0.0028461409676879,0.9851410342511752,0,2025
Essen_Hbf,9551,22.029999,2025-05-20,542.0571064642819,0.013611140194744,0.9819552064536672,1,2025
Essen_Hbf,12083,20.07,2025-05-21,665.8574406002501,0.007282959529918,0.9854105877448937,2,2025
Essen_Hbf,13052,15.95,2025-05-22,546.9813645464346,0.005056696291756,0.9851378407515786,3,2025
Essen_Hbf,13369,13.809999,2025-05-23,579.349826519837,0.0083027900366519,0.984235933021572,4,2025
Essen_Hbf,13619,14.65,2025-05-24,614.160800296406,0.0091049269403039,0.984809188588366,5,2025
Essen_Hbf,10484,20.029999,2025-05-25,418.3909381353471,0.0147844334223578,0.98141155968632,6,2025
Essen_Hbf,10698,18.82,2025-05-26,456.7323178422432,0.03654888764255,0.9843795478800816,0,2025
Essen_Hbf,12949,18.199999,2025-05-27,401.5186111979981,0.0124333925399644,0.988035658429778,1,2025
Essen_Hbf,12394,19.34,2025-05-28,541.506726457399,0.0104082620622882,0.9876885446392172,2,2025
Essen_Hbf,9361,18.88,2025-05-29,612.5544002572623,0.0034184382010468,0.9846714546039232,3,2025
Essen_Hbf,10741,24.34,2025-05-30,441.4261492087416,0.0116376501256866,0.9850226073850792,4,2025
Essen_Hbf,9277,26.289999,2025-05-31,484.6774546249727,0.0141209442707771,0.984802099278373,5,2025
Essen_Hbf,9202,20.789999,2025-06-01,637.946301369863,0.008367746142143,0.9790684931506848,6,2025
Essen_Hbf,12909,20.49,2025-06-02,637.9987363765598,0.0191339375629405,0.9852314010424892,0,2025
Essen_Hbf,13476,23.57,2025-06-03,666.5311980661731,0.0176610270109824,0.9866294002115124,1,2025
Essen_Hbf,13563,21.109999,2025-06-04,647.0282351188259,0.010322200103222,0.9847277061759666,2,2025
Essen_Hbf,12148,18.869999,2025-06-05,494.3825064192827,0.006173855778729,0.98873519423507,3,2025
Essen_Hbf,14559,20.33,2025-06-06,647.6115558649495,0.0133250910089978,0.9885137486947442,4,2025
Essen_Hbf,10263,17.4,2025-06-07,393.34897360703815,0.0032154340836012,0.9790811339198436,5,2025
Essen_Hbf,9320,14.5,2025-06-08,476.7077922077922,0.0085836909871244,0.9724025974025974,6,2025
Essen_Hbf,8642,18.449999,2025-06-09,397.32883092687473,0.0062485535755612,0.9725197950628784,0,2025
Essen_Hbf,8785,18.02,2025-06-10,396.8430719779589,0.0084234490608992,0.9833543795201468,1,2025
Essen_Hbf,9961,20.939999,2025-06-11,423.7872340425532,0.0091356289529163,0.9809523809523808,2,2025
Essen_Hbf,13290,27.01,2025-06-12,528.6718146718147,0.0255831452219714,0.9866409266409266,3,2025
Essen_Hbf,15072,31.429998,2025-06-13,731.902933918289,0.0321125265392781,0.9879352892788592,4,2025
Essen_Hbf,11704,31.179998,2025-06-14,534.1925438975867,0.0122180451127819,0.9846899057174984,5,2025
Essen_Hbf,9873,21.609999,2025-06-15,530.6055948355364,0.0115466423579459,0.9795060969361616,6,2025
Essen_Hbf,11387,23.439999,2025-06-16,447.8175550251922,0.00649863879863,0.98762485635994,0,2025
Essen_Hbf,10110,26.49,2025-06-17,437.5879597328815,0.0076162215628091,0.9855476926143726,1,2025
Essen_Hbf,10096,26.73,2025-06-18,493.2410082694032,0.0058438985736925,0.9852545581349008,2,2025
Essen_Hbf,8171,23.869999,2025-06-19,374.80615384615385,0.0056296658915677,0.9800615384615384,3,2025
Essen_Hbf,9645,24.71,2025-06-20,506.05535248041775,0.0072576464489372,0.9807832898172324,4,2025
Essen_Hbf,10946,29.58,2025-06-21,494.7351704810836,0.022017175223826,0.9758991125642223,5,2025
Essen_Hbf,8391,32.6,2025-06-22,656.9379610593784,0.0145393874389226,0.9738783407909056,6,2025
Essen_Hbf,11645,21.65,2025-06-23,554.0539139450492,0.006097037355088,0.9852255054432348,0,2025
Essen_Hbf,10610,21.33,2025-06-24,593.5736647376909,0.0065032987747408,0.9826392182904848,1,2025
Essen_Hbf,10374,28.33,2025-06-25,483.7521781219749,0.0042413726624252,0.9811229428848016,2,2025
Essen_Hbf,12404,23.21,2025-06-26,518.7392363931763,0.0075782005804579,0.9832656376929326,3,2025
Essen_Hbf,9932,22.439999,2025-06-27,535.7208354559348,0.0117801047120418,0.9836984207845136,4,2025
Essen_Hbf,9845,26.849998,2025-06-28,450.1805353807844,0.0210259014728288,0.9795600747042956,5,2025
Essen_Hbf,9246,29.26,2025-06-29,506.0607414024118,0.0313649145576465,0.9719740955783832,6,2025
Essen_Hbf,12696,30.26,2025-06-30,709.7718910963944,0.036625708884688,0.9825852342408634,0,2025
Essen_Hbf,12890,34.719997,2025-07-01,1132.2633612363168,0.0361520558572536,0.9878461043142304,1,2025
Essen_Hbf,13655,36.09,2025-07-02,1148.7244897959183,0.0813621384108385,0.9901945153061223,2,2025
Essen_Hbf,10960,23.769999,2025-07-03,699.9445368829728,0.012956204379562,0.9861342207432058,3,2025
Essen_Hbf,11710,24.119999,2025-07-04,873.1502763400298,0.0265584970111016,0.9866654969734188,4,2025
Essen_Hbf,7807,25.529999,2025-07-05,535.7559269335406,0.0112719354425515,0.9794014768752428,5,2025
Essen_Hbf,11052,18.74,2025-07-06,517.6786368633199,0.0123054650741947,0.9819530963722976,6,2025
Essen_Hbf,10056,20.4,2025-07-07,543.3423504658851,0.0074582338902147,0.9839695421300472,0,2025
Essen_Hbf,8058,19.09,2025-07-08,698.2560483870968,0.0151402333085132,0.9860131048387096,1,2025
Essen_Hbf,7768,22.029999,2025-07-09,643.6584728033473,0.015447991761071,0.9853556485355648,2,2025
Essen_Hbf,9970,24.24,2025-07-10,810.9374045801527,0.014543630892678,0.9855470737913486,3,2025
Essen_Hbf,8739,23.5,2025-07-11,397.63661517177775,0.0074379219590342,0.9780954576896472,4,2025
Essen_Hbf,7772,25.8,2025-07-12,438.3370259350971,0.0127380339680905,0.9779747165385116,5,2025
Essen_Hbf,8953,24.31,2025-07-13,756.1379310344828,0.0282586842399195,0.9786206896551723,6,2025
Essen_Hbf,9641,25.359999,2025-07-14,827.3765399035887,0.0317394461155481,0.9857525441885376,0,2025
Essen_Hbf,9912,23.48,2025-07-15,814.5584133870468,0.0233050847457627,0.9852287986778224,1,2025
Essen_Hbf,7719,18.27,2025-07-16,528.0609057782405,0.0045342660966446,0.9838625715773036,2,2025
Essen_Hbf,9896,23.47,2025-07-17,725.7859327217126,0.0086903799514955,0.981651376146789,3,2025
Essen_Hbf,11526,26.9,2025-07-18,762.1769183655613,0.008415755682804,0.9839881004462332,4,2025
Essen_Hbf,8277,29.439999,2025-07-19,295.11474609375,0.0102694212879062,0.965087890625,5,2025
Essen_Hbf,7319,27.31,2025-07-20,413.6985138004246,0.0347041945620986,0.967303609341826,6,2025
Essen_Hbf,9300,24.039999,2025-07-21,456.1928548159409,0.0097849462365591,0.9806710826365512,0,2025
Essen_Hbf,8778,23.279999,2025-07-22,458.5974561705053,0.00580997949419,0.9834994843588862,1,2025
Essen_Hbf,8675,22.859999,2025-07-23,445.43341854520105,0.0079538904899135,0.9790843597490124,2,2025
Essen_Hbf,10115,24.269999,2025-07-24,517.725193875522,0.0056351952545724,0.980910717836548,3,2025
Essen_Hbf,10451,24.109999,2025-07-25,690.0057971014493,0.0096641469715816,0.9841545893719806,4,2025
Essen_Hbf,7724,25.689999,2025-07-26,425.3191489361702,0.0142413257379596,0.974126608878382,5,2025
Essen_Hbf,6759,22.43,2025-07-27,472.1593481213218,0.0195295162006213,0.9717821035159198,6,2025
Essen_Hbf,8252,21.17,2025-07-28,370.64704451471664,0.0036354823073194,0.9754317684261736,0,2025
Essen_Hbf,7198,21.609999,2025-07-29,436.6214515452384,0.0065295915532092,0.9741294923786884,1,2025
Essen_Hbf,9644,22.699999,2025-07-30,586.0774869109947,0.0097469929489838,0.9789528795811518,2,2025
Essen_Hbf,9752,22.289999,2025-07-31,618.6461140454888,0.0487079573420836,0.9839387733103374,3,2025
Essen_Hbf,8649,19.939999,2025-08-01,731.7555771096023,0.0463637414730026,0.9867846750727448,4,2025
Essen_Hbf,5095,19.51,2025-08-02,297.44098393175955,0.0105986261040235,0.9621106923229518,5,2025
Essen_Hbf,5959,22.47,2025-08-03,350.5498981670061,0.011243497231079,0.9623217922606924,6,2025
Essen_Hbf,6813,24.609999,2025-08-04,654.8460291734198,0.0038162336709232,0.9768675408869898,0,2025
Essen_Hbf,9242,21.289999,2025-08-05,481.2196721311476,0.0099545552910625,0.9807650273224044,1,2025
Essen_Hbf,6859,21.859999,2025-08-06,639.0720282810429,0.0102055693249744,0.9843865075858006,2,2025
Essen_Hbf,9133,24.98,2025-08-07,493.4347107438017,0.0063505967371071,0.9784022038567494,3,2025
Essen_Hbf,10600,23.41,2025-08-08,418.01174020071954,0.0035849056603773,0.9759515243325128,4,2025
Essen_Hbf,7664,26.619999,2025-08-09,456.5620052770449,0.0109603340292275,0.9773087071240104,5,2025
Essen_Hbf,7579,25.68,2025-08-10,415.3815421494207,0.009236046971896,0.9734984685044612,6,2025
Essen_Hbf,9905,28.789999,2025-08-11,580.7834669956817,0.0180716809692074,0.981904174377956,0,2025
Essen_Hbf,8192,30.99,2025-08-12,613.0792005921539,0.010498046875,0.9800148038490007,1,2025
Essen_Hbf,9700,33.579998,2025-08-13,669.849710982659,0.0190721649484536,0.9821334734629532,2,2025
Essen_Hbf,10849,33.559998,2025-08-14,493.8288076670112,0.0189879251543921,0.964295781264681,3,2025
Essen_Hbf,8983,29.09,2025-08-15,439.9193277310925,0.0064566403206055,0.9662745098039216,4,2025
Essen_Hbf,6698,20.27,2025-08-16,342.00723327305604,0.0092564944759629,0.9537371910789632,5,2025
Essen_Hbf,7362,19.77,2025-08-17,527.3606355293796,0.0082857919043738,0.9587727708533078,6,2025
Essen_Hbf,6467,25.67,2025-08-18,418.17646146689407,0.0027833616823875,0.9649558071018762,0,2025
Essen_Hbf,8596,29.189999,2025-08-19,556.6979802724284,0.0093066542577943,0.9692343823391264,1,2025
Essen_Hbf,7903,24.41,2025-08-20,459.4984086569064,0.0060736429204099,0.9661362189688096,2,2025
Essen_Hbf,8645,24.17,2025-08-21,537.3986013986014,0.0075187969924812,0.9656177156177156,3,2025
Essen_Hbf,9115,18.02,2025-08-22,482.3902277979531,0.0030718595721338,0.9685264663805436,4,2025
Essen_Hbf,6672,19.65,2025-08-23,396.6344410876133,0.0077937649880095,0.9542296072507552,5,2025
Essen_Hbf,6333,20.57,2025-08-24,390.5308464849354,0.009474182851729,0.950581858759764,6,2025
Essen_Hbf,5860,23.15,2025-08-25,537.9582283039251,0.0522184300341296,0.9729924378826073,0,2025
Essen_Hbf,7985,28.119999,2025-08-26,597.9349904397706,0.0175328741390106,0.9694072657743786,1,2025
Essen_Hbf,8481,27.23,2025-08-27,472.3067661931134,0.0206343591557599,0.9703828557669156,2,2025
Essen_Hbf,12437,23.89,2025-08-28,515.2017124979417,0.0233979255447455,0.9760414951424338,3,2025
Essen_Hbf,11438,23.96,2025-08-29,473.8291475061903,0.0113656233607274,0.983197736116024,4,2025
Essen_Hbf,10323,22.6,2025-08-30,293.3372296902396,0.005521650682941,0.9750633157997272,5,2025
Essen_Hbf,9441,23.779999,2025-08-31,442.40940673436666,0.009109204533418,0.9707108498129342,6,2025
Essen_Hbf,7623,22.189999,2025-09-01,319.5769434161819,0.0077397350124622,0.984399788471708,0,2025
Essen_Hbf,1385,21.52,2025-09-02,0.0,0.0,1.0,1,2025
Essen_Hbf,1391,23.269999,2025-09-03,0.0,0.0,1.0,2,2025
Essen_Hbf,7123,22.22,2025-09-04,753.3323839362005,0.0141794187842201,0.981344346340074,3,2025
Essen_Hbf,12671,20.71,2025-09-05,601.9003868471954,0.0207560571383474,0.9867021276595744,4,2025
Essen_Hbf,9618,23.22,2025-09-06,629.3606138107417,0.024329382407985,0.98614663256607,5,2025
Essen_Hbf,9861,26.32,2025-09-07,596.2953769779708,0.0194706419227258,0.977763988002896,6,2025
Essen_Hbf,9335,22.16,2025-09-08,503.96093326098753,0.0128548473486877,0.9893651654910472,0,2025
Essen_Hbf,1133,17.41,2025-09-09,0.0529567519858782,0.0,1.0,1,2025
Essen_Hbf,1129,20.119999,2025-09-10,0.0,0.0,1.0,2,2025
Essen_Hbf,1254,18.98,2025-09-11,0.0,0.0,1.0,3,2025
Essen_Hbf,1403,18.06,2025-09-12,0.0,0.0,1.0,4,2025
Essen_Hbf,1280,19.789999,2025-09-13,0.0,0.0,1.0,5,2025
Essen_Hbf,1185,18.69,2025-09-14,0.0,0.0,1.0,6,2025
Essen_Hbf,1382,19.73,2025-09-15,0.0,0.0,1.0,0,2025
Essen_Hbf,1327,18.55,2025-09-16,0.0,0.0,1.0,1,2025
Essen_Hbf,1311,17.34,2025-09-17,0.0,0.0,1.0,2,2025
Essen_Hbf,1516,20.43,2025-09-18,302.0876826722338,0.0521108179419525,0.9832985386221296,3,2025
Essen_Hbf,1284,26.93,2025-09-19,-0.0467289719626168,0.0,0.9992211838006232,4,2025
Essen_Hbf,1141,27.689999,2025-09-20,0.0,0.0,1.0,5,2025
Essen_Hbf,1160,21.27,2025-09-21,0.0,0.0,1.0,6,2025
Essen_Hbf,1381,16.59,2025-09-22,0.0,0.0,1.0,0,2025
Essen_Hbf,1379,16.63,2025-09-23,0.0,0.0,1.0,1,2025
Essen_Hbf,1283,15.549999,2025-09-24,0.0,0.0,1.0,2,2025
Essen_Hbf,1254,11.24,2025-09-25,0.0,0.0,1.0,3,2025
Essen_Hbf,1264,15.009999,2025-09-26,0.0,0.0,1.0,4,2025
Essen_Hbf,1053,16.91,2025-09-27,0.0,0.0,1.0,5,2025
Essen_Hbf,1445,18.939999,2025-09-28,860.169133192389,0.017993079584775,0.9830866807610994,6,2025
Essen_Hbf,12097,19.14,2025-09-29,565.7022052727574,0.0028932793254525,0.9769524125352346,0,2025
Essen_Hbf,11728,14.65,2025-09-30,370.0503384829023,0.0175648021828103,0.9770873112306891,1,2025
Essen_Hbf,136,16.619999,2025-10-01,2556.268656716418,0.0147058823529411,0.9850746268656716,2,2025
Frankfurt_Main_Hbf,1164,16.88,2022-05-01,194.21875,0.0103092783505154,0.9487847222222222,6,2022
Frankfurt_Main_Hbf,1417,20.63,2022-05-02,274.27947598253274,0.0303458009880028,0.9737991266375546,0,2022
Frankfurt_Main_Hbf,1409,21.15,2022-05-03,275.12301013024603,0.0191625266146203,0.9761215629522432,1,2022
Frankfurt_Main_Hbf,1409,20.949999,2022-05-04,264.37364228819695,0.0198722498225692,0.9753801593048516,2,2022
Frankfurt_Main_Hbf,1448,17.93,2022-05-05,412.99928418038655,0.0352209944751381,0.9799570508231924,3,2022
Frankfurt_Main_Hbf,1473,21.13,2022-05-06,362.0876826722338,0.0244399185336048,0.9826026443980516,4,2022
Frankfurt_Main_Hbf,1293,22.91,2022-05-07,542.1686746987951,0.037122969837587,0.9686746987951808,5,2022
Frankfurt_Main_Hbf,1149,22.289999,2022-05-08,497.228805834093,0.0452567449956483,0.9316317228805834,6,2022
Frankfurt_Main_Hbf,1442,24.449999,2022-05-09,407.76740847092606,0.0339805825242718,0.966259870782484,0,2022
Frankfurt_Main_Hbf,1436,25.48,2022-05-10,442.04610951008647,0.0334261838440111,0.9639769452449568,1,2022
Frankfurt_Main_Hbf,1444,28.41,2022-05-11,495.5203619909502,0.0817174515235457,0.9766214177978884,2,2022
Frankfurt_Main_Hbf,1442,23.9,2022-05-12,405.6158357771261,0.0540915395284327,0.968475073313783,3,2022
Frankfurt_Main_Hbf,1464,21.23,2022-05-13,611.1379800853485,0.0396174863387978,0.972972972972973,4,2022
Frankfurt_Main_Hbf,1209,24.58,2022-05-14,390.54735013032143,0.0479735318444995,0.9626411815812336,5,2022
Frankfurt_Main_Hbf,1141,26.05,2022-05-15,519.1135734072022,0.0508326029798422,0.9649122807017544,6,2022
Frankfurt_Main_Hbf,1460,26.769999,2022-05-16,491.0022271714922,0.0773972602739726,0.9806978470675576,0,2022
Frankfurt_Main_Hbf,1480,24.9,2022-05-17,440.6542750929368,0.0912162162162162,0.971003717472119,1,2022
Frankfurt_Main_Hbf,1451,29.07,2022-05-18,523.4589800443459,0.0675396278428669,0.9770879526977088,2,2022
Frankfurt_Main_Hbf,1465,30.619999,2022-05-19,764.3516483516484,0.068259385665529,0.9758241758241758,3,2022
Frankfurt_Main_Hbf,1412,27.099998,2022-05-20,627.7433628318585,0.0396600566572237,0.9756637168141592,4,2022
Frankfurt_Main_Hbf,1174,20.939999,2022-05-21,356.2798937112489,0.0383304940374787,0.9610274579273692,5,2022
Frankfurt_Main_Hbf,1117,23.39,2022-05-22,448.2191780821918,0.0196956132497761,0.9579908675799088,6,2022
Frankfurt_Main_Hbf,1402,24.619999,2022-05-23,576.5079365079365,0.0563480741797432,0.9773242630385488,0,2022
Frankfurt_Main_Hbf,1464,20.24,2022-05-24,573.0718954248366,0.0594262295081967,0.979665940450254,1,2022
Frankfurt_Main_Hbf,1451,21.76,2022-05-25,441.0,0.0213645761543762,0.9732394366197183,2,2022
Frankfurt_Main_Hbf,1181,22.4,2022-05-26,285.22039757994816,0.0203217612193056,0.9515989628349178,3,2022
Frankfurt_Main_Hbf,1293,20.75,2022-05-27,282.53943217665613,0.0193348801237432,0.9605678233438486,4,2022
Frankfurt_Main_Hbf,1112,18.81,2022-05-28,232.00367647058823,0.0215827338129496,0.9503676470588236,5,2022
Frankfurt_Main_Hbf,1061,17.57,2022-05-29,280.0975609756098,0.0339302544769085,0.9453658536585364,6,2022
Frankfurt_Main_Hbf,1360,17.369999,2022-05-30,381.9907407407408,0.0470588235294117,0.9560185185185184,0,2022
Frankfurt_Main_Hbf,1365,22.359999,2022-05-31,473.9954163483576,0.041025641025641,0.9778456837280368,1,2022
Frankfurt_Main_Hbf,1363,22.47,2022-06-01,562.9198184568835,0.0300807043286867,0.9712556732223904,2,2022
Frankfurt_Main_Hbf,1364,22.439999,2022-06-02,619.2792792792793,0.0234604105571847,0.9812312312312312,3,2022
Frankfurt_Main_Hbf,1405,26.71,2022-06-03,717.4292272379495,0.0697508896797153,0.990053557765876,4,2022
Frankfurt_Main_Hbf,1116,27.22,2022-06-04,510.9908256880734,0.0232974910394265,0.9788990825688072,5,2022
Frankfurt_Main_Hbf,1054,22.65,2022-06-05,279.7864077669903,0.0227703984819734,0.9728155339805824,6,2022
Frankfurt_Main_Hbf,1037,24.029999,2022-06-06,293.988326848249,0.008678881388621,0.9601167315175098,0,2022
Frankfurt_Main_Hbf,1365,24.01,2022-06-07,522.571649883811,0.0542124542124542,0.9728892331525948,1,2022
Frankfurt_Main_Hbf,1363,22.3,2022-06-08,455.7683397683398,0.0498899486426999,0.9822393822393822,2,2022
Frankfurt_Main_Hbf,1373,21.359999,2022-06-09,774.144,0.0895848506919155,0.988,3,2022
Frankfurt_Main_Hbf,1408,25.279999,2022-06-10,730.2764976958525,0.0752840909090909,0.9815668202764976,4,2022
Frankfurt_Main_Hbf,1196,27.84,2022-06-11,517.4311926605504,0.088628762541806,0.9623853211009176,5,2022
Frankfurt_Main_Hbf,1058,28.269999,2022-06-12,370.1275760549559,0.0368620037807183,0.959764474975466,6,2022
Frankfurt_Main_Hbf,1358,22.99,2022-06-13,610.7208588957055,0.0397643593519882,0.963957055214724,0,2022
Frankfurt_Main_Hbf,1355,25.92,2022-06-14,709.3130990415335,0.0760147601476014,0.9792332268370608,1,2022
Frankfurt_Main_Hbf,1384,30.789999,2022-06-15,655.3563218390805,0.0570809248554913,0.9823754789272032,2,2022
Frankfurt_Main_Hbf,1138,28.8,2022-06-16,467.05234159779616,0.0430579964850615,0.9733700642791552,3,2022
Frankfurt_Main_Hbf,1355,30.15,2022-06-17,400.28169014084506,0.0568265682656826,0.97339593114241,4,2022
Frankfurt_Main_Hbf,1072,35.64,2022-06-18,402.6190476190476,0.0597014925373134,0.9623015873015872,5,2022
Frankfurt_Main_Hbf,797,35.329998,2022-06-19,641.5256588072122,0.0953575909661229,0.957004160887656,6,2022
Frankfurt_Main_Hbf,1334,20.359999,2022-06-20,456.6990291262136,0.0734632683658171,0.9741100323624596,0,2022
Frankfurt_Main_Hbf,1331,26.63,2022-06-21,451.0966693744923,0.0751314800901577,0.9610073111291632,1,2022
Frankfurt_Main_Hbf,1331,29.15,2022-06-22,355.4495699765442,0.039068369646882,0.9781078967943706,2,2022
Frankfurt_Main_Hbf,1332,31.97,2022-06-23,455.17899761336514,0.0563063063063063,0.9769291964996022,3,2022
Frankfurt_Main_Hbf,1356,27.49,2022-06-24,527.430441898527,0.0988200589970501,0.9877250409165302,4,2022
Frankfurt_Main_Hbf,1144,27.699999,2022-06-25,374.6232558139535,0.0603146853146853,0.9609302325581396,5,2022
Frankfurt_Main_Hbf,1108,27.689999,2022-06-26,360.6936416184971,0.0631768953068592,0.9518304431599228,6,2022
Frankfurt_Main_Hbf,1320,24.119999,2022-06-27,353.2093775262732,0.0628787878787878,0.9636216653193208,0,2022
Frankfurt_Main_Hbf,1325,26.33,2022-06-28,390.6730769230769,0.0581132075471698,0.9735576923076924,1,2022
Frankfurt_Main_Hbf,1325,29.029999,2022-06-29,311.9615692554043,0.0573584905660377,0.9607686148919136,2,2022
Frankfurt_Main_Hbf,1325,31.83,2022-06-30,400.3715670436188,0.0656603773584905,0.9781906300484652,3,2022
Frankfurt_Main_Hbf,1358,21.58,2022-07-01,429.421875,0.0574374079528718,0.9625,4,2022
Frankfurt_Main_Hbf,1145,27.72,2022-07-02,317.0722781335773,0.045414847161572,0.9414455626715462,5,2022
Frankfurt_Main_Hbf,1101,30.349998,2022-07-03,322.9530201342282,0.0526793823796548,0.9482262703739214,6,2022
Frankfurt_Main_Hbf,1318,26.89,2022-07-04,332.90167865707434,0.050834597875569,0.9616306954436452,0,2022
Frankfurt_Main_Hbf,1314,27.76,2022-07-05,422.472266244057,0.0395738203957382,0.9619651347068146,1,2022
Frankfurt_Main_Hbf,1311,22.83,2022-07-06,329.1428571428572,0.0389016018306636,0.9650793650793652,2,2022
Frankfurt_Main_Hbf,1311,21.21,2022-07-07,307.9362549800797,0.0427154843630816,0.9673306772908368,3,2022
Frankfurt_Main_Hbf,1349,24.9,2022-07-08,438.0047885075818,0.0711638250555967,0.9616919393455706,4,2022
Frankfurt_Main_Hbf,1167,26.529999,2022-07-09,397.5487465181059,0.0771208226221079,0.9647168059424328,5,2022
Frankfurt_Main_Hbf,1122,20.869999,2022-07-10,256.94444444444446,0.0374331550802139,0.9638888888888888,6,2022
Frankfurt_Main_Hbf,1310,25.01,2022-07-11,335.00410846343465,0.0709923664122137,0.9794576828266228,0,2022
Frankfurt_Main_Hbf,1308,29.859999,2022-07-12,491.5831987075929,0.0535168195718654,0.9854604200323102,1,2022
Frankfurt_Main_Hbf,1308,33.57,2022-07-13,423.2561851556265,0.0420489296636085,0.9816440542697524,2,2022
Frankfurt_Main_Hbf,1306,28.88,2022-07-14,545.3278008298755,0.0773353751914242,0.979253112033195,3,2022
Frankfurt_Main_Hbf,1343,24.689999,2022-07-15,446.0849056603773,0.0528667163067758,0.9819182389937108,4,2022
Frankfurt_Main_Hbf,1172,25.93,2022-07-16,294.8820326678766,0.0597269624573378,0.9637023593466424,5,2022
Frankfurt_Main_Hbf,1124,29.22,2022-07-17,336.1789375582479,0.045373665480427,0.9599254426840632,6,2022
Frankfurt_Main_Hbf,1310,34.13,2022-07-18,408.9935064935065,0.0595419847328244,0.976461038961039,0,2022
Frankfurt_Main_Hbf,1302,37.35,2022-07-19,541.7647058823529,0.086021505376344,0.9857142857142858,1,2022
Frankfurt_Main_Hbf,1304,37.66,2022-07-20,506.5284974093264,0.111963190184049,0.9801381692573402,2,2022
Frankfurt_Main_Hbf,1304,28.17,2022-07-21,444.6454767726161,0.0590490797546012,0.9820700896495518,3,2022
Frankfurt_Main_Hbf,1343,29.769999,2022-07-22,447.5779376498801,0.0685033507073715,0.9752198241406874,4,2022
Frankfurt_Main_Hbf,1175,29.289999,2022-07-23,312.36559139784947,0.0502127659574468,0.9632616487455196,5,2022
Frankfurt_Main_Hbf,1131,32.23,2022-07-24,380.2186878727634,0.1105216622458001,0.9602385685884692,6,2022
Frankfurt_Main_Hbf,1353,34.61,2022-07-25,536.5561843168957,0.0857354028085735,0.9757477768795472,0,2022
Frankfurt_Main_Hbf,1350,27.039999,2022-07-26,566.4038616251006,0.0792592592592592,0.9806918744971842,1,2022
Frankfurt_Main_Hbf,1316,24.519999,2022-07-27,481.9233776387803,0.0281155015197568,0.9796716184519156,2,2022
Frankfurt_Main_Hbf,1316,27.58,2022-07-28,329.40711462450594,0.0387537993920972,0.9739130434782608,3,2022
Frankfurt_Main_Hbf,1316,29.82,2022-07-29,391.15015974440894,0.0486322188449848,0.97444089456869,4,2022
Frankfurt_Main_Hbf,1163,28.65,2022-07-30,439.0664272890485,0.0421324161650902,0.9614003590664272,5,2022
Frankfurt_Main_Hbf,1095,30.76,2022-07-31,262.6553672316384,0.0301369863013698,0.9500941619585688,6,2022
Frankfurt_Main_Hbf,1314,28.359999,2022-08-01,385.0285714285714,0.0677321156773211,0.9706122448979592,0,2022
Frankfurt_Main_Hbf,1308,30.38,2022-08-02,464.4607843137255,0.0642201834862385,0.9754901960784312,1,2022
Frankfurt_Main_Hbf,1309,34.75,2022-08-03,564.059652029826,0.0779220779220779,0.980115990057995,2,2022
Frankfurt_Main_Hbf,1310,37.829998,2022-08-04,501.3456686291001,0.0923664122137404,0.9798149705634988,3,2022
Frankfurt_Main_Hbf,1311,26.43,2022-08-05,484.20047732696895,0.0411899313501144,0.9777247414478918,4,2022
Frankfurt_Main_Hbf,1127,24.519999,2022-08-06,399.17215428033865,0.05678793256433,0.9595484477892756,5,2022
Frankfurt_Main_Hbf,1061,27.609999,2022-08-07,304.3486777668952,0.0377002827521206,0.9588638589618022,6,2022
Frankfurt_Main_Hbf,1266,30.109999,2022-08-08,443.0730897009967,0.0489731437598736,0.978405315614618,0,2022
Frankfurt_Main_Hbf,1264,31.179998,2022-08-09,432.190635451505,0.0537974683544303,0.968227424749164,1,2022
Frankfurt_Main_Hbf,1209,31.17,2022-08-10,349.2348284960422,0.0595533498759305,0.978891820580475,2,2022
Frankfurt_Main_Hbf,1209,31.67,2022-08-11,502.5,0.0603804797353184,0.9779929577464788,3,2022
Frankfurt_Main_Hbf,1227,31.109999,2022-08-12,413.33916083916085,0.0676446617766911,0.9702797202797204,4,2022
Frankfurt_Main_Hbf,1089,31.689999,2022-08-13,280.69565217391306,0.0495867768595041,0.952657004830918,5,2022
Frankfurt_Main_Hbf,1056,32.89,2022-08-14,391.0693069306931,0.043560606060606,0.9544554455445544,6,2022
Frankfurt_Main_Hbf,1195,26.83,2022-08-15,376.8085106382979,0.0560669456066945,0.976063829787234,0,2022
Frankfurt_Main_Hbf,1195,29.859999,2022-08-16,386.107678729038,0.0518828451882845,0.9779346866725508,1,2022
Frankfurt_Main_Hbf,1190,29.51,2022-08-17,333.32161687170475,0.0436974789915966,0.9727592267135324,2,2022
Frankfurt_Main_Hbf,1190,26.96,2022-08-18,424.6279491833031,0.0739495798319327,0.9809437386569873,3,2022
Frankfurt_Main_Hbf,1220,29.34,2022-08-19,423.0702515177797,0.0549180327868852,0.9705117085862968,4,2022
Frankfurt_Main_Hbf,1074,29.32,2022-08-20,421.8731707317073,0.0456238361266294,0.9629268292682926,5,2022
Frankfurt_Main_Hbf,1068,28.97,2022-08-21,386.1224489795918,0.0365168539325842,0.956268221574344,6,2022
Frankfurt_Main_Hbf,1219,30.529999,2022-08-22,432.41379310344826,0.0484003281378178,0.9689655172413794,0,2022
Frankfurt_Main_Hbf,1217,31.88,2022-08-23,369.2826274848747,0.0493015612161051,0.9706136560069144,1,2022
Frankfurt_Main_Hbf,1224,32.48,2022-08-24,425.5717970765263,0.0498366013071895,0.9690455717970764,2,2022
Frankfurt_Main_Hbf,1217,31.859999,2022-08-25,472.57785467128025,0.0501232539030402,0.9749134948096886,3,2022
Frankfurt_Main_Hbf,1223,31.66,2022-08-26,452.5151253241141,0.0539656582174979,0.9732065687121868,4,2022
Frankfurt_Main_Hbf,1086,25.73,2022-08-27,295.0,0.0497237569060773,0.9602713178294574,5,2022
Frankfurt_Main_Hbf,1052,26.56,2022-08-28,467.9408866995074,0.0351711026615969,0.961576354679803,6,2022
Frankfurt_Main_Hbf,1222,27.199999,2022-08-29,373.8095238095238,0.072013093289689,0.9673721340388008,0,2022
Frankfurt_Main_Hbf,1220,29.849998,2022-08-30,401.9371727748691,0.060655737704918,0.9781849912739964,1,2022
Frankfurt_Main_Hbf,1227,24.859999,2022-08-31,498.7694974003466,0.0594947025264873,0.9809358752166378,2,2022
Frankfurt_Main_Hbf,1219,26.41,2022-09-01,303.38172502134927,0.0393765381460213,0.9760888129803588,3,2022
Frankfurt_Main_Hbf,1224,25.779999,2022-09-02,621.9878997407087,0.0547385620915032,0.9766637856525496,4,2022
Frankfurt_Main_Hbf,1098,23.57,2022-09-03,296.09302325581393,0.0209471766848816,0.9683720930232558,5,2022
Frankfurt_Main_Hbf,1041,27.47,2022-09-04,373.7450199203187,0.0355427473583093,0.947211155378486,6,2022
Frankfurt_Main_Hbf,1253,30.65,2022-09-05,364.4949494949495,0.0518754988028731,0.9831649831649832,0,2022
Frankfurt_Main_Hbf,1264,30.769999,2022-09-06,405.4515050167224,0.0537974683544303,0.9782608695652174,1,2022
Frankfurt_Main_Hbf,1273,27.33,2022-09-07,462.2716049382716,0.0455616653574234,0.9851851851851852,2,2022
Frankfurt_Main_Hbf,1263,22.67,2022-09-08,583.4054562558796,0.1583531274742676,0.9840075258701788,3,2022
Frankfurt_Main_Hbf,1300,21.07,2022-09-09,462.3057644110276,0.0792307692307692,0.9824561403508772,4,2022
Frankfurt_Main_Hbf,1137,19.82,2022-09-10,466.97588126159553,0.0518909410729991,0.974025974025974,5,2022
Frankfurt_Main_Hbf,1058,22.46,2022-09-11,365.2224371373308,0.0226843100189035,0.960348162475822,6,2022
Frankfurt_Main_Hbf,1259,24.6,2022-09-12,283.1578947368421,0.0492454328832406,0.974937343358396,0,2022
Frankfurt_Main_Hbf,1254,21.24,2022-09-13,476.3305785123967,0.0350877192982456,0.9826446280991736,1,2022
Frankfurt_Main_Hbf,1254,20.55,2022-09-14,493.9312657166806,0.0486443381180223,0.9823973176865046,2,2022
Frankfurt_Main_Hbf,1125,19.52,2022-09-15,462.1561338289963,0.0435555555555555,0.9674721189591078,3,2022
Frankfurt_Main_Hbf,1164,17.55,2022-09-16,355.0044286979628,0.0300687285223367,0.9592559787422498,4,2022
Frankfurt_Main_Hbf,1035,15.839999,2022-09-17,226.02409638554215,0.0376811594202898,0.9658634538152612,5,2022
Frankfurt_Main_Hbf,901,13.38,2022-09-18,310.29953917050693,0.0366259711431742,0.9447004608294932,6,2022
Frankfurt_Main_Hbf,1322,17.05,2022-09-19,324.19504643962847,0.0226928895612708,0.9736842105263158,0,2022
Frankfurt_Main_Hbf,1270,16.41,2022-09-20,337.43164871582434,0.0496062992125984,0.9660314830157416,1,2022
Frankfurt_Main_Hbf,1170,17.98,2022-09-21,403.8482384823848,0.0538461538461538,0.971093044263776,2,2022
Frankfurt_Main_Hbf,1170,18.82,2022-09-22,301.06666666666666,0.0384615384615384,0.9635555555555556,3,2022
Frankfurt_Main_Hbf,1217,18.89,2022-09-23,315.34177215189874,0.0262941659819227,0.9645569620253164,4,2022
Frankfurt_Main_Hbf,1060,19.17,2022-09-24,341.9169960474308,0.0452830188679245,0.9456521739130436,5,2022
Frankfurt_Main_Hbf,988,13.28,2022-09-25,328.7619047619048,0.0435222672064777,0.9534391534391534,6,2022
Frankfurt_Main_Hbf,1332,14.58,2022-09-26,277.4548581255374,0.1268768768768768,0.9767841788478074,0,2022
Frankfurt_Main_Hbf,1326,13.2,2022-09-27,314.1744284504657,0.1093514328808446,0.9813717188823032,1,2022
Frankfurt_Main_Hbf,1315,13.2699995,2022-09-28,404.33521353746977,0.0562737642585551,0.9701853344077356,2,2022
Frankfurt_Main_Hbf,1184,14.29,2022-09-29,308.78682842287697,0.0253378378378378,0.9731369150779896,3,2022
Frankfurt_Main_Hbf,1222,16.81,2022-09-30,304.0533778148457,0.0188216039279869,0.9683069224353628,4,2022
Frankfurt_Main_Hbf,25,15.92,2022-10-01,103.2,0.0,0.88,5,2022
Frankfurt_Main_Hbf,1198,18.97,2023-05-01,230.97435897435895,0.023372287145242,0.9547008547008548,0,2023
Frankfurt_Main_Hbf,1420,17.55,2023-05-02,281.88269370021726,0.0274647887323943,0.9623461259956552,1,2023
Frankfurt_Main_Hbf,1419,18.34,2023-05-03,271.2756598240469,0.0387596899224806,0.969208211143695,2,2023
Frankfurt_Main_Hbf,1424,22.63,2023-05-04,363.298662704309,0.0547752808988764,0.9643387815750372,3,2023
Frankfurt_Main_Hbf,1434,23.619999,2023-05-05,388.9309090909091,0.0411436541143654,0.9752727272727272,4,2023
Frankfurt_Main_Hbf,1210,21.27,2023-05-06,230.28813559322035,0.024793388429752,0.9338983050847458,5,2023
Frankfurt_Main_Hbf,1136,23.529999,2023-05-07,409.4280442804428,0.0457746478873239,0.9400369003690036,6,2023
Frankfurt_Main_Hbf,1314,18.529999,2023-05-08,280.0486618004866,0.0616438356164383,0.9651257096512572,0,2023
Frankfurt_Main_Hbf,1308,19.72,2023-05-09,297.4781919111816,0.0359327217125382,0.9754163362410784,1,2023
Frankfurt_Main_Hbf,1308,17.56,2023-05-10,361.3022508038585,0.0489296636085626,0.9742765273311896,2,2023
Frankfurt_Main_Hbf,1308,14.79,2023-05-11,280.4739336492891,0.0321100917431192,0.9770932069510267,3,2023
Frankfurt_Main_Hbf,1336,17.699999,2023-05-12,552.4401913875598,0.061377245508982,0.9768740031897928,4,2023
Frankfurt_Main_Hbf,1160,20.369999,2023-05-13,367.7506775067751,0.0456896551724137,0.949412827461608,5,2023
Frankfurt_Main_Hbf,1090,20.4,2023-05-14,254.23828125,0.0605504587155963,0.9521484375,6,2023
Frankfurt_Main_Hbf,1365,20.06,2023-05-15,175.15806988352745,0.1194139194139194,0.940099833610649,0,2023
Frankfurt_Main_Hbf,1360,15.91,2023-05-16,219.9026763990268,0.0933823529411764,0.9545823195458232,1,2023
Frankfurt_Main_Hbf,1392,16.69,2023-05-17,321.94029850746267,0.0373563218390804,0.9634328358208956,2,2023
Frankfurt_Main_Hbf,1089,18.38,2023-05-18,212.5988700564972,0.024793388429752,0.9444444444444444,3,2023
Frankfurt_Main_Hbf,1306,20.01,2023-05-19,235.76243980738363,0.0459418070444104,0.951043338683788,4,2023
Frankfurt_Main_Hbf,1116,20.3,2023-05-20,198.83786316776008,0.0439068100358422,0.936269915651359,5,2023
Frankfurt_Main_Hbf,1057,26.689999,2023-05-21,295.14,0.053926206244087,0.955,6,2023
Frankfurt_Main_Hbf,1296,27.98,2023-05-22,493.6,0.074074074074074,0.9608333333333332,0,2023
Frankfurt_Main_Hbf,1293,18.869999,2023-05-23,396.1991701244813,0.0680587780355761,0.9634854771784233,1,2023
Frankfurt_Main_Hbf,1294,16.16,2023-05-24,235.80204778157,0.0942812982998454,0.947952218430034,2,2023
Frankfurt_Main_Hbf,1294,21.16,2023-05-25,384.2021276595744,0.1282843894899536,0.946808510638298,3,2023
Frankfurt_Main_Hbf,1409,21.75,2023-05-26,260.25222551928783,0.0432931156848828,0.9554896142433236,4,2023
Frankfurt_Main_Hbf,1484,23.9,2023-05-27,364.6769662921348,0.0404312668463611,0.9459269662921348,5,2023
Frankfurt_Main_Hbf,1380,25.55,2023-05-28,214.88059701492537,0.0289855072463768,0.9589552238805972,6,2023
Frankfurt_Main_Hbf,1407,25.439999,2023-05-29,269.8447893569845,0.0383795309168443,0.9475240206947524,0,2023
Frankfurt_Main_Hbf,1522,22.9,2023-05-30,284.76987447698747,0.0578186596583442,0.9567642956764296,1,2023
Frankfurt_Main_Hbf,1509,26.3,2023-05-31,205.2456747404844,0.0424121935056328,0.9619377162629758,2,2023
Frankfurt_Main_Hbf,1483,27.349998,2023-06-01,341.49295774647885,0.0424814565070802,0.9626760563380282,3,2023
Frankfurt_Main_Hbf,1520,21.039999,2023-06-02,343.0950728660652,0.0519736842105263,0.9722414989590562,4,2023
Frankfurt_Main_Hbf,1311,23.8,2023-06-03,208.2574568288854,0.0282227307398932,0.9474097331240188,5,2023
Frankfurt_Main_Hbf,1177,25.019999,2023-06-04,270.0,0.0501274426508071,0.9391771019677996,6,2023
Frankfurt_Main_Hbf,1481,26.599998,2023-06-05,488.8908145580589,0.2207967589466576,0.962738301559792,0,2023
Frankfurt_Main_Hbf,1476,26.47,2023-06-06,324.1458184417441,0.0521680216802168,0.9756969263759828,1,2023
Frankfurt_Main_Hbf,1528,25.55,2023-06-07,257.97938144329896,0.0477748691099476,0.9621993127147768,2,2023
Frankfurt_Main_Hbf,979,27.43,2023-06-08,149.04661016949152,0.0357507660878447,0.9639830508474576,3,2023
Frankfurt_Main_Hbf,269,27.08,2023-06-13,496.32183908045977,0.0297397769516728,0.9616858237547892,1,2023
Frankfurt_Main_Hbf,1260,24.47,2023-06-14,417.8894472361809,0.0523809523809523,0.9807370184254608,2,2023
Frankfurt_Main_Hbf,1301,26.699999,2023-06-15,386.839546191248,0.0514988470407378,0.973257698541329,3,2023
Frankfurt_Main_Hbf,35,26.609999,2023-06-16,848.5714285714286,0.0,1.0,4,2023
Frankfurt_Main_Hbf,616,29.21,2023-06-19,444.4102564102564,0.0503246753246753,0.976068376068376,0,2023
Frankfurt_Main_Hbf,1297,31.83,2023-06-20,327.0617283950617,0.0632228218966846,0.9720164609053498,1,2023
Frankfurt_Main_Hbf,1290,29.64,2023-06-21,424.39506172839504,0.0581395348837209,0.9786008230452676,2,2023
Frankfurt_Main_Hbf,1293,32.54,2023-06-22,387.5620188195039,0.0959010054137664,0.9760479041916168,3,2023
Frankfurt_Main_Hbf,1382,25.89,2023-06-23,472.99837925445706,0.1070911722141823,0.9846029173419774,4,2023
Frankfurt_Main_Hbf,1368,28.75,2023-06-24,335.2193645990923,0.033625730994152,0.983358547655068,5,2023
Frankfurt_Main_Hbf,1283,31.09,2023-06-25,364.0,0.0530007794232268,0.959670781893004,6,2023
Frankfurt_Main_Hbf,1272,29.42,2023-06-26,337.1356783919598,0.0613207547169811,0.974036850921273,0,2023
Frankfurt_Main_Hbf,1259,25.01,2023-06-27,250.5532617671346,0.0381254964257347,0.9669694467382328,1,2023
Frankfurt_Main_Hbf,1295,24.96,2023-06-28,292.97872340425533,0.0563706563706563,0.9738134206219312,2,2023
Frankfurt_Main_Hbf,1295,26.119999,2023-06-29,301.38613861386136,0.064092664092664,0.9744224422442244,3,2023
Frankfurt_Main_Hbf,1323,22.32,2023-06-30,456.8269230769231,0.0566893424036281,0.9719551282051282,4,2023
Frankfurt_Main_Hbf,1115,21.24,2023-07-01,275.2486187845304,0.0260089686098654,0.9585635359116024,5,2023
Frankfurt_Main_Hbf,1070,24.039999,2023-07-02,247.218479307026,0.0289719626168224,0.9345524542829644,6,2023
Frankfurt_Main_Hbf,1301,24.05,2023-07-03,254.60620525059664,0.0338201383551114,0.9689737470167064,0,2023
Frankfurt_Main_Hbf,1286,26.88,2023-07-04,296.479217603912,0.0458786936236391,0.9641401792991036,1,2023
Frankfurt_Main_Hbf,1287,22.96,2023-07-05,350.34653465346537,0.0582750582750582,0.9735973597359736,2,2023
Frankfurt_Main_Hbf,1286,26.189999,2023-07-06,250.69161920260373,0.0443234836702954,0.969080553295362,3,2023
Frankfurt_Main_Hbf,1304,31.55,2023-07-07,538.6967418546366,0.0820552147239263,0.9791144527986632,4,2023
Frankfurt_Main_Hbf,1068,33.8,2023-07-08,319.9802371541502,0.0524344569288389,0.9565217391304348,5,2023
Frankfurt_Main_Hbf,1018,36.309998,2023-07-09,464.6318036286019,0.0795677799607072,0.9637139807897546,6,2023
Frankfurt_Main_Hbf,1465,30.32,2023-07-10,385.7335329341317,0.0880546075085324,0.9752994011976048,0,2023
Frankfurt_Main_Hbf,1471,34.76,2023-07-11,365.6111929307805,0.0768184908225696,0.975699558173785,1,2023
Frankfurt_Main_Hbf,1469,28.939999,2023-07-12,363.2281205164993,0.0510551395507147,0.977761836441894,2,2023
Frankfurt_Main_Hbf,1482,26.22,2023-07-13,329.23525127458123,0.073549257759784,0.9730517115804806,3,2023
Frankfurt_Main_Hbf,1512,29.05,2023-07-14,267.5388967468176,0.0648148148148148,0.973833097595474,4,2023
Frankfurt_Main_Hbf,1290,29.49,2023-07-15,223.55769230769232,0.0325581395348837,0.9551282051282052,5,2023
Frankfurt_Main_Hbf,1201,25.82,2023-07-16,259.1631084543126,0.0249791840133222,0.9479077711357814,6,2023
Frankfurt_Main_Hbf,1473,27.09,2023-07-17,229.0870786516854,0.0332654446707399,0.9599719101123596,0,2023
Frankfurt_Main_Hbf,1472,28.369999,2023-07-18,315.6152758132956,0.0394021739130434,0.968175388967468,1,2023
Frankfurt_Main_Hbf,1472,28.49,2023-07-19,294.3059490084986,0.0407608695652173,0.963172804532578,2,2023
Frankfurt_Main_Hbf,1472,25.18,2023-07-20,274.76557032890133,0.0292119565217391,0.9706088173547937,3,2023
Frankfurt_Main_Hbf,1492,21.98,2023-07-21,261.98887343532687,0.0361930294906166,0.9561891515994436,4,2023
Frankfurt_Main_Hbf,811,25.439999,2023-07-22,233.37612323491652,0.0394574599260172,0.957637997432606,5,2023
Frankfurt_Main_Hbf,1103,26.32,2023-07-23,212.8666035950804,0.041704442429737,0.9649952696310312,6,2023
Frankfurt_Main_Hbf,1424,26.68,2023-07-24,302.0779220779221,0.0266853932584269,0.9523809523809524,0,2023
Frankfurt_Main_Hbf,1434,18.73,2023-07-25,303.53214562354765,0.099721059972106,0.9666924864446166,1,2023
Frankfurt_Main_Hbf,1434,21.42,2023-07-26,341.3137557959815,0.0976290097629009,0.9760432766615148,2,2023
Frankfurt_Main_Hbf,1434,18.279999,2023-07-27,301.79386309992134,0.1136680613668061,0.973249409913454,3,2023
Frankfurt_Main_Hbf,1466,22.689999,2023-07-28,671.4612244897959,0.1643929058663028,0.9771428571428572,4,2023
Frankfurt_Main_Hbf,1226,26.519999,2023-07-29,270.0,0.1109298531810766,0.973394495412844,5,2023
Frankfurt_Main_Hbf,1159,22.269999,2023-07-30,187.78536585365853,0.1156169111302847,0.953170731707317,6,2023
Frankfurt_Main_Hbf,1440,22.769999,2023-07-31,389.1854150504267,0.1048611111111111,0.974398758727696,0,2023
Frankfurt_Main_Hbf,1358,22.07,2023-08-01,309.56656346749224,0.04860088365243,0.9736842105263158,1,2023
Frankfurt_Main_Hbf,1359,20.4,2023-08-02,291.2962962962963,0.0463576158940397,0.972993827160494,2,2023
Frankfurt_Main_Hbf,1359,20.289999,2023-08-03,258.7269938650307,0.0404709345106696,0.9677914110429447,3,2023
Frankfurt_Main_Hbf,1393,21.689999,2023-08-04,288.4407796101949,0.0423546302943287,0.9640179910044976,4,2023
Frankfurt_Main_Hbf,1110,23.519999,2023-08-05,288.57954545454544,0.0486486486486486,0.9772727272727272,5,2023
Frankfurt_Main_Hbf,1046,18.65,2023-08-06,213.6336336336336,0.0449330783938814,0.954954954954955,6,2023
Frankfurt_Main_Hbf,1340,19.949999,2023-08-07,239.0285273708558,0.0320895522388059,0.9622205088666153,0,2023
Frankfurt_Main_Hbf,1333,20.33,2023-08-08,262.7244094488189,0.0472618154538634,0.9590551181102362,1,2023
Frankfurt_Main_Hbf,1357,20.5,2023-08-09,241.7404580152672,0.0346352247605011,0.9511450381679388,2,2023
Frankfurt_Main_Hbf,1357,25.4,2023-08-10,215.5073586367157,0.0486366985998526,0.9512006196746708,3,2023
Frankfurt_Main_Hbf,1391,29.51,2023-08-11,307.81789638932497,0.0841121495327102,0.9686028257456828,4,2023
Frankfurt_Main_Hbf,1224,25.359999,2023-08-12,288.36891545687445,0.0433006535947712,0.9342442356959864,5,2023
Frankfurt_Main_Hbf,1162,25.76,2023-08-13,209.56989247311827,0.0395869191049913,0.9310035842293908,6,2023
Frankfurt_Main_Hbf,1412,27.67,2023-08-14,281.5975885455916,0.0601983002832861,0.9706103993971364,0,2023
Frankfurt_Main_Hbf,1407,27.33,2023-08-15,362.4311926605504,0.0703624733475479,0.97782874617737,1,2023
Frankfurt_Main_Hbf,1444,27.869999,2023-08-16,437.978021978022,0.0547091412742382,0.9677655677655678,2,2023
Frankfurt_Main_Hbf,1460,26.74,2023-08-17,294.410480349345,0.0589041095890411,0.9679767103347888,3,2023
Frankfurt_Main_Hbf,1476,31.289999,2023-08-18,292.5,0.056910569105691,0.9626436781609196,4,2023
Frankfurt_Main_Hbf,1205,29.74,2023-08-19,236.88927943760984,0.0556016597510373,0.945518453427065,5,2023
Frankfurt_Main_Hbf,1107,31.519999,2023-08-20,297.55102040816325,0.026196928635953,0.9545454545454546,6,2023
Frankfurt_Main_Hbf,1392,31.74,2023-08-21,293.3488372093023,0.0732758620689655,0.9643410852713178,0,2023
Frankfurt_Main_Hbf,1407,29.109999,2023-08-22,259.0546528803545,0.0376687988628287,0.96602658788774,1,2023
Frankfurt_Main_Hbf,1407,28.89,2023-08-23,282.83159463487334,0.0461975835110163,0.9724292101341282,2,2023
Frankfurt_Main_Hbf,1400,28.0,2023-08-24,346.13313388182496,0.045,0.9640987284966342,3,2023
Frankfurt_Main_Hbf,1435,26.9,2023-08-25,342.28187919463085,0.0655052264808362,0.9612229679343772,4,2023
Frankfurt_Main_Hbf,1249,22.85,2023-08-26,318.5436071126164,0.0544435548438751,0.9551227773073666,5,2023
Frankfurt_Main_Hbf,1190,21.25,2023-08-27,254.83812949640287,0.0655462184873949,0.9568345323741008,6,2023
Frankfurt_Main_Hbf,1417,18.96,2023-08-28,302.3130300693909,0.0846859562455892,0.9583654587509638,0,2023
Frankfurt_Main_Hbf,1431,19.52,2023-08-29,319.2267657992565,0.0600978336827393,0.96728624535316,1,2023
Frankfurt_Main_Hbf,1431,21.46,2023-08-30,336.85714285714283,0.0705800139762403,0.9571428571428572,2,2023
Frankfurt_Main_Hbf,1455,20.439999,2023-08-31,267.28051391862954,0.0371134020618556,0.9735902926481084,3,2023
Frankfurt_Main_Hbf,1478,20.93,2023-09-01,350.48097631012206,0.057510148849797,0.9691313711414212,4,2023
Frankfurt_Main_Hbf,1261,25.42,2023-09-02,329.64102564102564,0.0721649484536082,0.9581196581196582,5,2023
Frankfurt_Main_Hbf,1185,23.88,2023-09-03,214.3231441048035,0.0337552742616033,0.9563318777292577,6,2023
Frankfurt_Main_Hbf,1410,26.65,2023-09-04,232.00585651537332,0.0312056737588652,0.9633967789165446,0,2023
Frankfurt_Main_Hbf,1482,27.81,2023-09-05,269.3521965748325,0.0937921727395411,0.9672375279225616,1,2023
Frankfurt_Main_Hbf,1473,28.51,2023-09-06,306.63677130044846,0.0916496945010183,0.9738415545590432,2,2023
Frankfurt_Main_Hbf,1473,28.89,2023-09-07,351.28960943257186,0.0787508486082824,0.9727339719970524,3,2023
Frankfurt_Main_Hbf,1495,29.5,2023-09-08,298.63150392017104,0.0615384615384615,0.9686386315039202,4,2023
Frankfurt_Main_Hbf,1326,30.13,2023-09-09,268.89487870619945,0.1606334841628959,0.953279424977538,5,2023
Frankfurt_Main_Hbf,1229,30.099998,2023-09-10,524.1751527494908,0.2009764035801464,0.9582484725050916,6,2023
Frankfurt_Main_Hbf,1495,30.38,2023-09-11,403.2513877874703,0.1565217391304348,0.9817605075337034,0,2023
Frankfurt_Main_Hbf,1495,29.71,2023-09-12,422.2455089820359,0.1063545150501672,0.9812874251497006,1,2023
Frankfurt_Main_Hbf,1497,23.439999,2023-09-13,477.4736842105263,0.1750167000668002,0.9862348178137652,2,2023
Frankfurt_Main_Hbf,1507,20.68,2023-09-14,313.8988580750408,0.1864631718646317,0.964110929853181,3,2023
Frankfurt_Main_Hbf,1520,24.63,2023-09-15,319.01823281907434,0.0618421052631578,0.9782608695652174,4,2023
Frankfurt_Main_Hbf,1117,27.65,2023-09-16,372.2360248447205,0.135183527305282,0.9761904761904762,5,2023
Frankfurt_Main_Hbf,1062,27.869999,2023-09-17,311.33668341708545,0.0630885122410546,0.9668341708542714,6,2023
Frankfurt_Main_Hbf,1505,23.81,2023-09-18,293.922967189729,0.06843853820598,0.9707560627674752,0,2023
Frankfurt_Main_Hbf,1498,20.949999,2023-09-19,403.872437357631,0.1208277703604806,0.9817767653758542,1,2023
Frankfurt_Main_Hbf,1420,24.83,2023-09-20,321.8181818181818,0.0549295774647887,0.981371087928465,2,2023
Frankfurt_Main_Hbf,1427,24.39,2023-09-21,414.2686567164179,0.0609670637701471,0.9850746268656716,3,2023
Frankfurt_Main_Hbf,1422,20.1,2023-09-22,502.8741623231571,0.0555555555555555,0.9865971705137752,4,2023
Frankfurt_Main_Hbf,1065,17.96,2023-09-23,393.9029126213592,0.0328638497652582,0.9718446601941748,5,2023
Frankfurt_Main_Hbf,1040,19.789999,2023-09-24,351.30434782608694,0.0711538461538461,0.9554865424430642,6,2023
Frankfurt_Main_Hbf,1404,21.56,2023-09-25,445.95842956120094,0.0747863247863247,0.987682832948422,0,2023
Frankfurt_Main_Hbf,1397,23.59,2023-09-26,404.08988764044943,0.0443808160343593,0.9812734082397004,1,2023
Frankfurt_Main_Hbf,1386,24.82,2023-09-27,343.951367781155,0.0505050505050505,0.9825227963525835,2,2023
Frankfurt_Main_Hbf,1396,25.59,2023-09-28,501.6806722689076,0.0623209169054441,0.9793735676088616,3,2023
Frankfurt_Main_Hbf,1350,25.46,2023-09-29,497.2325020112631,0.0792592592592592,0.9774738535800482,4,2023
Frankfurt_Main_Hbf,897,20.08,2023-09-30,296.3380281690141,0.0501672240802675,0.9683098591549296,5,2023
Frankfurt_Main_Hbf,26,22.73,2023-10-01,798.4615384615385,0.0,0.8461538461538461,6,2023
Frankfurt_Main_Hbf,8255,26.82,2024-05-01,350.9124629080119,0.0202301635372501,0.923343224530168,2,2024
Frankfurt_Main_Hbf,10699,25.41,2024-05-02,347.5842266462481,0.0234601364613515,0.9332886676875956,3,2024
Frankfurt_Main_Hbf,11342,15.19,2024-05-03,363.4383954154728,0.0461117968612237,0.9499953785007856,4,2024
Frankfurt_Main_Hbf,8083,18.72,2024-05-04,277.39886578449904,0.0183100334034393,0.9198487712665406,5,2024
Frankfurt_Main_Hbf,8276,18.67,2024-05-05,419.6610585779197,0.0160705654905751,0.9350362274346063,6,2024
Frankfurt_Main_Hbf,10551,16.49,2024-05-06,469.3053280662877,0.0163017723438536,0.941709220541478,0,2024
Frankfurt_Main_Hbf,11084,16.619999,2024-05-07,383.3211277920176,0.0144352219415373,0.9422372757231784,1,2024
Frankfurt_Main_Hbf,10456,18.84,2024-05-08,304.09279368213225,0.0311782708492731,0.9386969397828232,2,2024
Frankfurt_Main_Hbf,8712,21.48,2024-05-09,296.7026706231454,0.0329430670339761,0.9190504451038576,3,2024
Frankfurt_Main_Hbf,9598,22.789999,2024-05-10,300.4823465507876,0.0409460304230047,0.9201520912547528,4,2024
Frankfurt_Main_Hbf,8260,24.3,2024-05-11,354.376177911798,0.0364406779661016,0.9359215981907276,5,2024
Frankfurt_Main_Hbf,9601,25.199999,2024-05-12,517.8810278071102,0.1122799708363712,0.9496656107004576,6,2024
Frankfurt_Main_Hbf,11742,25.289999,2024-05-13,378.19260857836525,0.0528870720490546,0.9492851362287564,0,2024
Frankfurt_Main_Hbf,12019,26.349998,2024-05-14,384.30353785677664,0.0263749063982028,0.9494103572038968,1,2024
Frankfurt_Main_Hbf,9403,20.51,2024-05-15,409.6719160104987,0.0275444007231734,0.9406167979002624,2,2024
Frankfurt_Main_Hbf,10722,22.1,2024-05-16,416.9937250427838,0.0190263010632344,0.955980224377258,3,2024
Frankfurt_Main_Hbf,12069,16.449999,2024-05-17,517.3587773368234,0.0187256607838263,0.9590475386304146,4,2024
Frankfurt_Main_Hbf,10129,17.609999,2024-05-18,499.4540692989525,0.0198440122420772,0.9382554391619662,5,2024
Frankfurt_Main_Hbf,9542,19.0,2024-05-19,401.7273985239853,0.0911758541186334,0.917089483394834,6,2024
Frankfurt_Main_Hbf,8635,22.699999,2024-05-20,341.8547538299614,0.0097278517660683,0.9267921880481816,0,2024
Frankfurt_Main_Hbf,10383,20.91,2024-05-21,370.47609679323233,0.0208995473369931,0.9392091284674404,1,2024
Frankfurt_Main_Hbf,11156,20.63,2024-05-22,397.60262725779967,0.0173897454284689,0.9420726144864076,2,2024
Frankfurt_Main_Hbf,12052,22.47,2024-05-23,461.09713899907166,0.0168436773979422,0.9477593045826652,3,2024
Frankfurt_Main_Hbf,12153,19.63,2024-05-24,400.3266331658292,0.0175265366576154,0.9463149078726968,4,2024
Frankfurt_Main_Hbf,9213,22.38,2024-05-25,468.54274682846113,0.0160642570281124,0.9482625482625484,5,2024
Frankfurt_Main_Hbf,10375,24.23,2024-05-26,466.13462469733656,0.0048192771084337,0.9442130750605326,6,2024
Frankfurt_Main_Hbf,12033,22.47,2024-05-27,645.8734048846446,0.0166209590293359,0.946590044789994,0,2024
Frankfurt_Main_Hbf,13830,19.59,2024-05-28,554.1142347166443,0.0277657266811279,0.9534434032426,1,2024
Frankfurt_Main_Hbf,8237,18.51,2024-05-29,453.6332179930796,0.017603496418599,0.953410776075136,2,2024
Frankfurt_Main_Hbf,2431,20.439999,2024-05-30,490.0735612289053,0.0493624023035787,0.9619212462137604,3,2024
Frankfurt_Main_Hbf,9665,18.55,2024-05-31,591.6187129365254,0.0578375581996896,0.9654074236766966,4,2024
Frankfurt_Main_Hbf,8489,18.63,2024-06-01,665.8026777590017,0.093768406172694,0.954894059534642,5,2024
Frankfurt_Main_Hbf,7951,19.369999,2024-06-02,1146.433023964538,0.0920638913344233,0.9571962875744564,6,2024
Frankfurt_Main_Hbf,14177,20.039999,2024-06-03,1130.8525621816002,0.0584749947097411,0.9748276895415044,0,2024
Frankfurt_Main_Hbf,14526,22.49,2024-06-04,1263.8914285714286,0.0362109321217127,0.9745714285714284,1,2024
Frankfurt_Main_Hbf,14724,21.63,2024-06-05,1193.3062293274531,0.0143982613420266,0.9735391400220508,2,2024
Frankfurt_Main_Hbf,13935,23.269999,2024-06-06,1256.3080390683697,0.0448510943667025,0.980465815176559,3,2024
Frankfurt_Main_Hbf,15152,23.039999,2024-06-07,1635.7657657657658,0.0769535374868004,0.9846989846989846,4,2024
Frankfurt_Main_Hbf,12009,25.01,2024-06-08,1751.416961130742,0.0573736364393371,0.9891342756183744,5,2024
Frankfurt_Main_Hbf,12200,22.55,2024-06-09,1239.6171516079633,0.0365573770491803,0.980517270716352,6,2024
Frankfurt_Main_Hbf,12602,20.109999,2024-06-10,884.9910873440285,0.0651483891445802,0.972073677956031,0,2024
Frankfurt_Main_Hbf,14049,18.3,2024-06-11,1075.4034082340522,0.0560182219375044,0.9782084150203588,1,2024
Frankfurt_Main_Hbf,12095,18.47,2024-06-12,681.7039674465921,0.0247209590739975,0.9750762970498474,2,2024
Frankfurt_Main_Hbf,12411,19.85,2024-06-13,688.1012036354704,0.0159535895576504,0.9739621714566444,3,2024
Frankfurt_Main_Hbf,13283,18.869999,2024-06-14,630.0250702727342,0.0090341037416246,0.974853756742384,4,2024
Frankfurt_Main_Hbf,11862,21.14,2024-06-15,883.581220013708,0.0160175349856685,0.9733550376970528,5,2024
Frankfurt_Main_Hbf,9394,21.279999,2024-06-16,648.0284268332077,0.0113902490951671,0.9633896845052224,6,2024
Frankfurt_Main_Hbf,13030,22.74,2024-06-17,573.6748433026387,0.0082118188795088,0.9711367329567436,0,2024
Frankfurt_Main_Hbf,11294,26.75,2024-06-18,635.2730883813307,0.0192137418098105,0.96903493725738,1,2024
Frankfurt_Main_Hbf,13314,19.189999,2024-06-19,726.0393772893773,0.0157728706624605,0.9753510378510378,2,2024
Frankfurt_Main_Hbf,14185,23.99,2024-06-20,663.8357342506988,0.0163553048995417,0.977639217372608,3,2024
Frankfurt_Main_Hbf,16373,25.0,2024-06-21,963.5132765531064,0.0247358455994625,0.9805235470941884,4,2024
Frankfurt_Main_Hbf,9639,21.8,2024-06-22,730.8098855247673,0.0302935989210499,0.9690809885524768,5,2024
Frankfurt_Main_Hbf,9112,24.199999,2024-06-23,561.3232514177694,0.0130597014925373,0.9661959301679084,6,2024
Frankfurt_Main_Hbf,12033,26.93,2024-06-24,646.9989056317872,0.0127981384525887,0.9693576900412492,0,2024
Frankfurt_Main_Hbf,14651,28.75,2024-06-25,616.8013258752849,0.0116033035287693,0.9766590705061804,1,2024
Frankfurt_Main_Hbf,14472,31.42,2024-06-26,687.2873126451341,0.0180348258706467,0.9769192878755892,2,2024
Frankfurt_Main_Hbf,14691,31.14,2024-06-27,734.0900112866817,0.0350554761418555,0.9865265237020316,3,2024
Frankfurt_Main_Hbf,14898,27.369999,2024-06-28,563.5155487379724,0.037320445697409,0.9774787337888718,4,2024
Frankfurt_Main_Hbf,11513,31.029999,2024-06-29,678.7670983038482,0.0475115087292625,0.9673536385190588,5,2024
Frankfurt_Main_Hbf,11851,21.859999,2024-06-30,581.1759566660842,0.0341743312800607,0.9757994059059932,6,2024
Frankfurt_Main_Hbf,13904,20.859999,2024-07-01,392.2012944513126,0.0110040276179516,0.9680023271034832,0,2024
Frankfurt_Main_Hbf,12562,18.9,2024-07-02,577.6915072440567,0.0054927559305843,0.9762266869446892,1,2024
Frankfurt_Main_Hbf,13102,18.01,2024-07-03,470.5263157894737,0.0080903678827659,0.9720683287165282,2,2024
Frankfurt_Main_Hbf,14107,22.23,2024-07-04,579.8300446492871,0.01566598142766,0.9805559556387728,3,2024
Frankfurt_Main_Hbf,13188,22.6,2024-07-05,381.9355332669781,0.009629966636336,0.9705994946788148,4,2024
Frankfurt_Main_Hbf,9417,25.35,2024-07-06,431.8144728365901,0.0109376659233301,0.9696156323813614,5,2024
Frankfurt_Main_Hbf,9635,22.73,2024-07-07,496.10324205225055,0.0107939802802283,0.970307417899486,6,2024
Frankfurt_Main_Hbf,12125,26.3,2024-07-08,471.84148793565686,0.0155876288659793,0.9726876675603218,0,2024
Frankfurt_Main_Hbf,14218,32.41,2024-07-09,916.2669632925472,0.0515543677029118,0.978420467185762,1,2024
Frankfurt_Main_Hbf,15866,27.48,2024-07-10,876.6240911770485,0.0377536871297113,0.9819217921006091,2,2024
Frankfurt_Main_Hbf,13931,27.21,2024-07-11,555.4748477329123,0.0453664489268537,0.9766899766899768,3,2024
Frankfurt_Main_Hbf,14561,26.599998,2024-07-12,595.1027372911483,0.0340635945333424,0.9749733380732314,4,2024
Frankfurt_Main_Hbf,11649,23.05,2024-07-13,501.31621187800965,0.0373422611382951,0.965043695380774,5,2024
Frankfurt_Main_Hbf,8989,25.68,2024-07-14,313.7780360255665,0.0427188786294359,0.9499128413712956,6,2024
Frankfurt_Main_Hbf,11474,29.89,2024-07-15,470.366576819407,0.0299808262157922,0.9695417789757412,0,2024
Frankfurt_Main_Hbf,10513,25.0,2024-07-16,513.5557710960232,0.0193094264244269,0.9462657613967024,1,2024
Frankfurt_Main_Hbf,10404,25.279999,2024-07-17,459.599399098648,0.0402729719338715,0.9392088132198296,2,2024
Frankfurt_Main_Hbf,11511,28.41,2024-07-18,479.7525881733637,0.0098166970723655,0.954465695736094,3,2024
Frankfurt_Main_Hbf,12283,30.56,2024-07-19,718.5150734988788,0.019702027192054,0.9492567062536336,4,2024
Frankfurt_Main_Hbf,9961,32.27,2024-07-20,604.6759588971411,0.0132516815580764,0.9448570556516432,5,2024
Frankfurt_Main_Hbf,8923,29.26,2024-07-21,365.6883028305104,0.014120811386305,0.9157667386609072,6,2024
Frankfurt_Main_Hbf,12310,26.43,2024-07-22,556.3434857565061,0.0104792851340373,0.941876693210738,0,2024
Frankfurt_Main_Hbf,11198,25.93,2024-07-23,452.2731831859214,0.0206286836935167,0.9404577368469044,1,2024
Frankfurt_Main_Hbf,10724,24.05,2024-07-24,571.8783643403532,0.0125885863483774,0.9348380394749268,2,2024
Frankfurt_Main_Hbf,12180,26.22,2024-07-25,578.7364164771292,0.0253694581280788,0.9546794709796984,3,2024
Frankfurt_Main_Hbf,10649,23.48,2024-07-26,456.021556206864,0.006761198234576,0.946865840975702,4,2024
Frankfurt_Main_Hbf,9247,22.42,2024-07-27,313.3252747252747,0.015897047691143,0.9221978021978022,5,2024
Frankfurt_Main_Hbf,8547,24.96,2024-07-28,299.17535545023696,0.0125190125190125,0.908175355450237,6,2024
Frankfurt_Main_Hbf,9691,27.32,2024-07-29,319.7271401791293,0.0091837787638014,0.9260570714434492,0,2024
Frankfurt_Main_Hbf,10526,31.429998,2024-07-30,536.8204822863947,0.0426562796883906,0.9610995335913466,1,2024
Frankfurt_Main_Hbf,10264,31.599998,2024-07-31,589.2467996427508,0.0182190179267342,0.9589163441500448,2,2024
Frankfurt_Main_Hbf,10410,24.67,2024-08-01,444.3251116721693,0.0107588856868395,0.9574674694115364,3,2024
Frankfurt_Main_Hbf,9741,27.359999,2024-08-02,558.6976144422953,0.0446566060979365,0.9546529120997206,4,2024
Frankfurt_Main_Hbf,6882,26.74,2024-08-03,501.3611641922681,0.0114792211566405,0.9456122298985742,5,2024
Frankfurt_Main_Hbf,6613,22.55,2024-08-04,383.9593908629442,0.0169363375170119,0.9420089217043532,6,2024
Frankfurt_Main_Hbf,9508,26.199999,2024-08-05,543.5560344827586,0.0239798064787547,0.9515086206896552,0,2024
Frankfurt_Main_Hbf,9806,28.609999,2024-08-06,510.6523794516231,0.0292677952274117,0.9596596281121966,1,2024
Frankfurt_Main_Hbf,9905,27.519999,2024-08-07,383.2885767403429,0.0225138818778394,0.9525924395785996,2,2024
Frankfurt_Main_Hbf,10244,25.21,2024-08-08,708.6327185244587,0.0261616556032799,0.9616078588612672,3,2024
Frankfurt_Main_Hbf,9988,28.06,2024-08-09,589.3367088607595,0.0113135762915498,0.9565569620253164,4,2024
Frankfurt_Main_Hbf,8263,28.949999,2024-08-10,579.571481344662,0.0171850417523901,0.9406477034847924,5,2024
Frankfurt_Main_Hbf,7829,30.21,2024-08-11,555.4866227219852,0.0117511815046621,0.9353754685278532,6,2024
Frankfurt_Main_Hbf,10319,32.739998,2024-08-12,528.3043262058677,0.0255838744064347,0.9517652909000496,0,2024
Frankfurt_Main_Hbf,12566,34.78,2024-08-13,751.20392317123,0.0263409199427025,0.9619125459746628,1,2024
Frankfurt_Main_Hbf,11747,29.039999,2024-08-14,538.9582602595581,0.029198944411339,0.956418800420905,2,2024
Frankfurt_Main_Hbf,11574,28.75,2024-08-15,461.2171581769437,0.0331778123379989,0.9517426273458444,3,2024
Frankfurt_Main_Hbf,11807,29.63,2024-08-16,514.0305843801201,0.0695350215973575,0.9587657018022938,4,2024
Frankfurt_Main_Hbf,9591,28.16,2024-08-17,519.9405442487995,0.0881034302992388,0.9407729247656073,5,2024
Frankfurt_Main_Hbf,9522,22.029999,2024-08-18,582.6872395540038,0.0675278302877546,0.9417727221533956,6,2024
Frankfurt_Main_Hbf,10548,24.09,2024-08-19,511.4857744994731,0.0103337125521425,0.9417568732637226,0,2024
Frankfurt_Main_Hbf,11014,23.91,2024-08-20,727.2241363255424,0.0249682222625749,0.9482260918148804,1,2024
Frankfurt_Main_Hbf,9589,22.65,2024-08-21,385.88397205166206,0.0149129210553759,0.9504552191403768,2,2024
Frankfurt_Main_Hbf,9329,24.43,2024-08-22,342.7662366061666,0.0196162504019723,0.9409577957577084,3,2024
Frankfurt_Main_Hbf,10538,28.41,2024-08-23,419.0699034805498,0.026665401404441,0.9487179487179488,4,2024
Frankfurt_Main_Hbf,8947,32.38,2024-08-24,442.0733158771721,0.0609142729406505,0.9321590097595812,5,2024
Frankfurt_Main_Hbf,8853,22.869999,2024-08-25,545.5196145905024,0.0152490681125042,0.9452856159669648,6,2024
Frankfurt_Main_Hbf,10460,24.09,2024-08-26,623.8283892163494,0.0106118546845124,0.944728959319741,0,2024
Frankfurt_Main_Hbf,9332,27.57,2024-08-27,456.30048992923247,0.0157522503214744,0.9376156777354382,1,2024
Frankfurt_Main_Hbf,9486,30.599998,2024-08-28,379.7947402180885,0.0139152435167615,0.9357494120162496,2,2024
Frankfurt_Main_Hbf,10061,33.21,2024-08-29,604.3809715377653,0.0117284564158632,0.945086995876496,3,2024
Frankfurt_Main_Hbf,9550,27.98,2024-08-30,444.9528851244045,0.0109947643979057,0.9280042350449974,4,2024
Frankfurt_Main_Hbf,8879,30.05,2024-08-31,457.03600139811255,0.0333370875098547,0.9391821041593847,5,2024
Frankfurt_Main_Hbf,9289,31.9,2024-09-01,418.36155106499183,0.0144256647647755,0.931403604587657,6,2024
Frankfurt_Main_Hbf,9531,28.869999,2024-09-02,599.5083014048531,0.0141643059490084,0.9444444444444444,0,2024
Frankfurt_Main_Hbf,9126,30.06,2024-09-03,420.4143000334113,0.0161078238001314,0.9300590266176636,1,2024
Frankfurt_Main_Hbf,9194,25.43,2024-09-04,470.5603164139749,0.0100065259952142,0.9363876071193143,2,2024
Frankfurt_Main_Hbf,9435,32.13,2024-09-05,585.9062159214831,0.0280869104398516,0.9451472191930208,3,2024
Frankfurt_Main_Hbf,9530,23.72,2024-09-06,492.988969028426,0.0107030430220356,0.9333899024183284,4,2024
Frankfurt_Main_Hbf,8534,29.25,2024-09-07,1507.05174488568,0.1236231544410593,0.9501270223291884,5,2024
Frankfurt_Main_Hbf,7940,22.21,2024-09-08,667.0059880239521,0.0324937027707808,0.9397292371778184,6,2024
Frankfurt_Main_Hbf,8164,20.01,2024-09-09,317.4763799104923,0.0146986771190592,0.916708105420189,0,2024
Frankfurt_Main_Hbf,9368,19.47,2024-09-10,584.8055315471046,0.0119555935098206,0.9316119273984442,1,2024
Frankfurt_Main_Hbf,10366,15.849999,2024-09-11,560.9057193050946,0.0115763071580165,0.9489556900253756,2,2024
Frankfurt_Main_Hbf,11030,15.65,2024-09-12,541.9227927595124,0.0183136899365367,0.9475434059844848,3,2024
Frankfurt_Main_Hbf,9262,16.46,2024-09-13,407.9868780754511,0.0126322608507881,0.9362493165664296,4,2024
Frankfurt_Main_Hbf,6716,16.21,2024-09-14,387.33292458614346,0.0285884455032757,0.9242795830778664,5,2024
Frankfurt_Main_Hbf,6560,18.789999,2024-09-15,396.9209431345354,0.0108231707317073,0.9170904607797812,6,2024
Frankfurt_Main_Hbf,7996,15.65,2024-09-16,484.9044013858591,0.0253876938469234,0.9339150519697164,0,2024
Frankfurt_Main_Hbf,7792,22.369999,2024-09-17,317.3629209134305,0.0052618069815195,0.9222035866339828,1,2024
Frankfurt_Main_Hbf,8785,24.83,2024-09-18,500.7180789655969,0.0140011383039271,0.9348880166243362,2,2024
Frankfurt_Main_Hbf,10702,23.75,2024-09-19,714.8959327859461,0.0213044290786768,0.9571319457704792,3,2024
Frankfurt_Main_Hbf,9876,23.91,2024-09-20,532.4630696699843,0.0335155933576346,0.9444735463593504,4,2024
Frankfurt_Main_Hbf,6265,24.1,2024-09-21,435.1,0.0422984836392657,0.9236666666666666,5,2024
Frankfurt_Main_Hbf,8397,24.05,2024-09-22,603.3700598802395,0.0055972371084911,0.9355688622754492,6,2024
Frankfurt_Main_Hbf,8880,19.779999,2024-09-23,397.9811513568752,0.0082207207207207,0.9202906778698764,0,2024
Frankfurt_Main_Hbf,8730,17.83,2024-09-24,993.5033464112624,0.0073310423825887,0.9187629817678284,1,2024
Frankfurt_Main_Hbf,8379,17.59,2024-09-25,371.9274047186933,0.0136054421768707,0.916152450090744,2,2024
Frankfurt_Main_Hbf,10903,18.16,2024-09-26,504.4593088071349,0.0127487847381454,0.9382199925678186,3,2024
Frankfurt_Main_Hbf,9694,17.33,2024-09-27,551.7043899357827,0.0201155353827109,0.931782292872934,4,2024
Frankfurt_Main_Hbf,7433,15.389999,2024-09-28,431.4446952595937,0.0464146374276873,0.9178893905191874,5,2024
Frankfurt_Main_Hbf,8124,14.57,2024-09-29,733.4844121697759,0.0168636139832594,0.9217478402403906,6,2024
Frankfurt_Main_Hbf,9019,14.5199995,2024-09-30,430.5106048703849,0.0119747200354806,0.9359218942879588,0,2024
Frankfurt_Main_Hbf,445,16.27,2024-10-01,941.9325842696628,0.0,0.9191011235955056,1,2024
Frankfurt_Main_Hbf,6869,27.92,2025-05-01,415.6406869220608,0.0081525695152132,0.9402612652282402,3,2025
Frankfurt_Main_Hbf,9796,28.9,2025-05-02,516.8360128617363,0.0475704369130257,0.9610932475884244,4,2025
Frankfurt_Main_Hbf,5680,24.539999,2025-05-03,296.1837069436851,0.0339788732394366,0.9524330235101148,5,2025
Frankfurt_Main_Hbf,4431,14.54,2025-05-04,313.72147182114577,0.0309185285488603,0.9529576152771309,6,2025
Frankfurt_Main_Hbf,7866,15.759999,2025-05-05,372.554201411161,0.0090261886600559,0.950096215522771,0,2025
Frankfurt_Main_Hbf,5595,16.68,2025-05-06,412.2405361347582,0.0132260947274352,0.95200144901286,1,2025
Frankfurt_Main_Hbf,6613,16.46,2025-05-07,513.0143540669857,0.0202631181007107,0.9711375212224108,2,2025
Frankfurt_Main_Hbf,5422,17.5,2025-05-08,587.7960403436683,0.0125414976023607,0.959843107956668,3,2025
Frankfurt_Main_Hbf,5045,19.47,2025-05-09,544.2633480529908,0.0124876114965312,0.9642713769570452,4,2025
Frankfurt_Main_Hbf,4477,21.5,2025-05-10,554.8439306358382,0.0339513066785794,0.9586127167630056,5,2025
Frankfurt_Main_Hbf,6313,24.17,2025-05-11,521.5803365225999,0.0397592269919214,0.964533157373804,6,2025
Frankfurt_Main_Hbf,7653,22.949999,2025-05-12,861.4725890356142,0.0203841630733045,0.976390556222489,0,2025
Frankfurt_Main_Hbf,9179,23.019999,2025-05-13,572.7423089646047,0.0119838762392417,0.9703385158231338,1,2025
Frankfurt_Main_Hbf,12806,25.17,2025-05-14,720.4736343542785,0.0107761986568795,0.9820808335964636,2,2025
Frankfurt_Main_Hbf,13357,19.56,2025-05-15,496.6925103500189,0.0053904319832297,0.979299962363568,3,2025
Frankfurt_Main_Hbf,11449,19.96,2025-05-16,647.9727396637892,0.0387806795353306,0.978373466606088,4,2025
Frankfurt_Main_Hbf,8940,18.84,2025-05-17,583.1991424487851,0.0608501118568232,0.9668889947594091,5,2025
Frankfurt_Main_Hbf,7185,18.0,2025-05-18,427.3526900085397,0.0221294363256784,0.9702533447196128,6,2025
Frankfurt_Main_Hbf,7915,22.449999,2025-05-19,400.2659846547315,0.0120025268477574,0.9595907928388748,0,2025
Frankfurt_Main_Hbf,8276,24.22,2025-05-20,476.8011738811445,0.0118414693088448,0.9730985571044264,1,2025
Frankfurt_Main_Hbf,10155,23.0,2025-05-21,728.5620459747239,0.010438207779419,0.975718977012638,2,2025
Frankfurt_Main_Hbf,10004,17.18,2025-05-22,558.9990955682846,0.0052978808476609,0.9714601547583156,3,2025
Frankfurt_Main_Hbf,10571,16.22,2025-05-23,612.1328200192493,0.0171223157695582,0.973917228103946,4,2025
Frankfurt_Main_Hbf,10134,18.539999,2025-05-24,478.9959677419355,0.0211170317742253,0.9716733870967742,5,2025
Frankfurt_Main_Hbf,9538,20.199999,2025-05-25,486.9779507133593,0.029985321870413,0.9695201037613488,6,2025
Frankfurt_Main_Hbf,9318,19.99,2025-05-26,448.5817465528562,0.0193174500965872,0.9732983147297002,0,2025
Frankfurt_Main_Hbf,11527,21.359999,2025-05-27,579.8038176033934,0.0183048494838205,0.9776422764227642,1,2025
Frankfurt_Main_Hbf,12071,19.71,2025-05-28,672.3131854118848,0.0255156987822052,0.9810422511264132,2,2025
Frankfurt_Main_Hbf,7854,19.88,2025-05-29,395.12213936744666,0.009676597911892,0.9664438158909744,3,2025
Frankfurt_Main_Hbf,11266,28.099998,2025-05-30,519.8467916366258,0.0150896502751642,0.9735039653929344,4,2025
Frankfurt_Main_Hbf,9121,29.82,2025-05-31,432.7167092726005,0.0564631071154478,0.9706019056472228,5,2025
Frankfurt_Main_Hbf,9611,24.41,2025-06-01,710.3202923473775,0.0319425658100093,0.9764617368873604,6,2025
Frankfurt_Main_Hbf,10837,21.75,2025-06-02,447.5148920327625,0.0085817108055734,0.9705882352941176,0,2025
Frankfurt_Main_Hbf,11287,24.25,2025-06-03,523.2599197503343,0.0063790201116328,0.9753901025412394,1,2025
Frankfurt_Main_Hbf,12117,19.119999,2025-06-04,513.4840647421993,0.0108112569117768,0.9780577340230268,2,2025
Frankfurt_Main_Hbf,11830,20.279999,2025-06-05,521.2666439057699,0.009636517328825,0.9761010583817002,3,2025
Frankfurt_Main_Hbf,11410,20.439999,2025-06-06,573.3536203347355,0.0207712532865907,0.9662579432560636,4,2025
Frankfurt_Main_Hbf,9723,20.5,2025-06-07,715.6751652502361,0.0197469916692378,0.9687336061273738,5,2025
Frankfurt_Main_Hbf,8842,18.38,2025-06-08,559.9603267211202,0.0307622709794164,0.969078179696616,6,2025
Frankfurt_Main_Hbf,7863,19.99,2025-06-09,356.6225680933852,0.0194582220526516,0.9618677042801556,0,2025
Frankfurt_Main_Hbf,7216,23.859999,2025-06-10,400.3341013824885,0.0376940133037694,0.9680299539170508,1,2025
Frankfurt_Main_Hbf,8263,22.699999,2025-06-11,466.377061284765,0.0165799346484327,0.9731725326113708,2,2025
Frankfurt_Main_Hbf,10412,27.49,2025-06-12,453.4870091814808,0.0167114867460622,0.9758741941785504,3,2025
Frankfurt_Main_Hbf,11651,31.0,2025-06-13,664.1998946074126,0.0227448287700626,0.9742666432460916,4,2025
Frankfurt_Main_Hbf,8581,33.09,2025-06-14,644.1559370529328,0.0224915511012702,0.9735336194563662,5,2025
Frankfurt_Main_Hbf,8633,22.3,2025-06-15,663.4653233364573,0.0112359550561797,0.9708294283036552,6,2025
Frankfurt_Main_Hbf,10540,24.07,2025-06-16,494.1539942252165,0.0142314990512333,0.974398460057748,0,2025
Frankfurt_Main_Hbf,10599,26.9,2025-06-17,859.2169783893788,0.0264175865647702,0.9751913945149724,1,2025
Frankfurt_Main_Hbf,10765,28.41,2025-06-18,547.2029492390585,0.0172782164421737,0.9738160506664146,2,2025
Frankfurt_Main_Hbf,9888,27.51,2025-06-19,741.9733059548255,0.014967637540453,0.9771047227926078,3,2025
Frankfurt_Main_Hbf,9267,26.779999,2025-06-20,629.9434150671252,0.0274090860041005,0.969377565738378,4,2025
Frankfurt_Main_Hbf,8431,30.42,2025-06-21,396.4532744665195,0.0328549401020045,0.9690949227373068,5,2025
Frankfurt_Main_Hbf,10361,34.32,2025-06-22,787.921146953405,0.0305955023646366,0.9823775388291516,6,2025
Frankfurt_Main_Hbf,9921,25.93,2025-06-23,583.3493422426394,0.0345731277089003,0.9749425767383588,0,2025
Frankfurt_Main_Hbf,10006,28.48,2025-06-24,588.0534272106026,0.0347791325204877,0.9780492855663698,1,2025
Frankfurt_Main_Hbf,10552,32.38,2025-06-25,603.7982895900914,0.0359173616376042,0.978570726432714,2,2025
Frankfurt_Main_Hbf,11097,28.84,2025-06-26,734.167450611477,0.04208344597639,0.9777046095954844,3,2025
Frankfurt_Main_Hbf,9708,24.67,2025-06-27,561.309192200557,0.0385249278945199,0.9709663595457468,4,2025
Frankfurt_Main_Hbf,8281,31.939999,2025-06-28,472.81450419338927,0.0208911967153725,0.963739516526887,5,2025
Frankfurt_Main_Hbf,10151,32.87,2025-06-29,961.475983458806,0.0709289725150231,0.9738097762697489,6,2025
Frankfurt_Main_Hbf,14369,33.059998,2025-06-30,908.4201905896368,0.065209826710279,0.9783353186420488,0,2025
Frankfurt_Main_Hbf,12782,35.86,2025-07-01,1467.5715124570086,0.0673603504928806,0.9849005955876184,1,2025
Frankfurt_Main_Hbf,14475,37.7,2025-07-02,1311.568370467453,0.0511917098445595,0.9876947720984418,2,2025
Frankfurt_Main_Hbf,13327,27.15,2025-07-03,930.5645473553784,0.0310647557589855,0.9848214977154806,3,2025
Frankfurt_Main_Hbf,10482,27.519999,2025-07-04,828.737939771952,0.0210837626407174,0.9809960042880812,4,2025
Frankfurt_Main_Hbf,8182,30.07,2025-07-05,644.5424231196739,0.0103886580298215,0.9728294430035817,5,2025
Frankfurt_Main_Hbf,8158,22.439999,2025-07-06,491.131221719457,0.0247609708261828,0.9651835093011564,6,2025
Frankfurt_Main_Hbf,9885,20.48,2025-07-07,523.576597064296,0.0213454729387961,0.9761215629522432,0,2025
Frankfurt_Main_Hbf,8714,20.6,2025-07-08,617.2726205844384,0.0221482671563002,0.976411219340453,1,2025
Frankfurt_Main_Hbf,6764,22.35,2025-07-09,529.499776019113,0.0099053814311058,0.9735702553382112,2,2025
Frankfurt_Main_Hbf,8954,27.25,2025-07-10,935.071477195371,0.0156354701809247,0.9800317676423872,3,2025
Frankfurt_Main_Hbf,8874,24.38,2025-07-11,462.2739726027397,0.0128465179175118,0.96837899543379,4,2025
Frankfurt_Main_Hbf,7280,25.88,2025-07-12,530.1912606449812,0.0160714285714285,0.9543487365628928,5,2025
Frankfurt_Main_Hbf,7859,28.01,2025-07-13,638.8986036800209,0.0249395597404249,0.9617643220670756,6,2025
Frankfurt_Main_Hbf,9966,26.47,2025-07-14,843.795993458708,0.0182620911097732,0.9784341782502044,0,2025
Frankfurt_Main_Hbf,13764,25.73,2025-07-15,1041.4098705988563,0.034292356873002,0.9794613301233824,1,2025
Frankfurt_Main_Hbf,9360,24.58,2025-07-16,563.3598778226246,0.0206196581196581,0.9793825679066216,2,2025
Frankfurt_Main_Hbf,10035,25.18,2025-07-17,561.8512163116987,0.0127553562531141,0.9765822145957403,3,2025
Frankfurt_Main_Hbf,11262,27.869999,2025-07-18,895.0800768737988,0.0297460486592079,0.976114212501144,4,2025
Frankfurt_Main_Hbf,6226,31.279999,2025-07-19,385.1309935739001,0.0252168326373273,0.9596309111880046,5,2025
Frankfurt_Main_Hbf,7870,29.38,2025-07-20,383.2930159968786,0.0229987293519695,0.962934061646508,6,2025
Frankfurt_Main_Hbf,9419,24.88,2025-07-21,645.1026392961877,0.0225076972077715,0.9692625176496144,0,2025
Frankfurt_Main_Hbf,9208,23.859999,2025-07-22,498.2248915582249,0.0235664639443961,0.9707485263040818,1,2025
Frankfurt_Main_Hbf,8465,24.73,2025-07-23,412.3067705212702,0.0141760189013585,0.968124625524266,2,2025
Frankfurt_Main_Hbf,10521,25.869999,2025-07-24,485.7027183342973,0.0139720558882235,0.963948332369385,3,2025
Frankfurt_Main_Hbf,10543,27.22,2025-07-25,624.7670388910282,0.0147016978089727,0.9700616095494802,4,2025
Frankfurt_Main_Hbf,8225,26.66,2025-07-26,501.4007976071785,0.0244376899696048,0.9603688933200398,5,2025
Frankfurt_Main_Hbf,7496,22.1,2025-07-27,814.6782178217821,0.0298826040554962,0.9678217821782178,6,2025
Frankfurt_Main_Hbf,8827,21.9,2025-07-28,459.7483550733002,0.0185793587855443,0.971141636846358,0,2025
Frankfurt_Main_Hbf,8492,22.25,2025-07-29,503.57758620689657,0.0164861045690061,0.9683908045977012,1,2025
Frankfurt_Main_Hbf,9702,22.46,2025-07-30,604.261576971214,0.0117501546072974,0.9686065915727994,2,2025
Frankfurt_Main_Hbf,11665,22.43,2025-07-31,784.6145860368543,0.0090870124303471,0.971623842892984,3,2025
Frankfurt_Main_Hbf,9522,23.689999,2025-08-01,511.023166023166,0.0207939508506616,0.9653582153582152,4,2025
Frankfurt_Main_Hbf,7061,22.949999,2025-08-02,555.2379566293116,0.0269083699192748,0.9506622034638336,5,2025
Frankfurt_Main_Hbf,6096,20.31,2025-08-03,256.693668374938,0.0077099737532808,0.95040502562407,6,2025
Frankfurt_Main_Hbf,7633,24.9,2025-08-04,469.32696136997214,0.0131010087776758,0.967741935483871,0,2025
Frankfurt_Main_Hbf,9625,23.109999,2025-08-05,556.5574292077633,0.0203636363636363,0.9619259730618304,1,2025
Frankfurt_Main_Hbf,9622,22.89,2025-08-06,588.2258233141662,0.005923924340054,0.964035546262415,2,2025
Frankfurt_Main_Hbf,9602,26.849998,2025-08-07,499.0002104820038,0.0104144969797958,0.9617975163123552,3,2025
Frankfurt_Main_Hbf,10934,30.41,2025-08-08,760.6170094496943,0.0128040973111395,0.9672040022234576,4,2025
Frankfurt_Main_Hbf,7147,31.119999,2025-08-09,456.2845849802371,0.0088148873653281,0.9464991530208922,5,2025
Frankfurt_Main_Hbf,6863,26.449999,2025-08-10,406.4055571977535,0.0141337607460294,0.9507833284067396,6,2025
Frankfurt_Main_Hbf,9271,28.97,2025-08-11,438.4675663909447,0.0089526480422823,0.965063125816282,0,2025
Frankfurt_Main_Hbf,11438,31.599998,2025-08-12,539.6658711217184,0.0109284840006994,0.971006806329002,1,2025
Frankfurt_Main_Hbf,11389,34.719997,2025-08-13,634.2128801431127,0.0183510404776538,0.970572450805009,2,2025
Frankfurt_Main_Hbf,11211,35.35,2025-08-14,605.7949319145099,0.0108821692980108,0.97006042023627,3,2025
Frankfurt_Main_Hbf,10040,33.649998,2025-08-15,718.0905752753978,0.0235059760956175,0.9579763361893104,4,2025
Frankfurt_Main_Hbf,6312,26.849998,2025-08-16,294.90258703289686,0.0079214195183776,0.9423506866815714,5,2025
Frankfurt_Main_Hbf,7752,24.68,2025-08-17,587.803664921466,0.0144478844169246,0.9575916230366492,6,2025
Frankfurt_Main_Hbf,9037,27.09,2025-08-18,529.9977441912926,0.0189222086975766,0.961989623279946,0,2025
Frankfurt_Main_Hbf,9647,30.119999,2025-08-19,686.7001925957629,0.0312014097646936,0.9683286967686712,1,2025
Frankfurt_Main_Hbf,8922,29.21,2025-08-20,395.53623869376247,0.0458417395202869,0.94807940796429,2,2025
Frankfurt_Main_Hbf,9960,27.68,2025-08-21,516.570197044335,0.0216867469879518,0.959051724137931,3,2025
Frankfurt_Main_Hbf,9487,21.07,2025-08-22,460.6489041684573,0.0188679245283018,0.952836269875376,4,2025
Frankfurt_Main_Hbf,7303,19.25,2025-08-23,612.758669901527,0.0405312885115705,0.9643213928928216,5,2025
Frankfurt_Main_Hbf,6838,22.41,2025-08-24,481.3883120735687,0.014039192746417,0.9566894096707208,6,2025
Frankfurt_Main_Hbf,7135,24.88,2025-08-25,629.2822138944941,0.0276103714085494,0.9685788411646008,0,2025
Frankfurt_Main_Hbf,8836,28.55,2025-08-26,785.5719217491369,0.0165233137166138,0.9642117376294592,1,2025
Frankfurt_Main_Hbf,8621,29.16,2025-08-27,745.7051205892836,0.0236631481266674,0.9621005108708566,2,2025
Frankfurt_Main_Hbf,13020,22.769999,2025-08-28,665.8449210464294,0.0223502304147465,0.97273941393668,3,2025
Frankfurt_Main_Hbf,11570,24.21,2025-08-29,2624.242052719152,0.0130509939498703,0.9704877835186968,4,2025
Frankfurt_Main_Hbf,7895,22.49,2025-08-30,388.44438249233343,0.0913236225459151,0.9671034290493448,5,2025
Frankfurt_Main_Hbf,8883,24.82,2025-08-31,971.2839825820878,0.0434537881346391,0.9691655878545368,6,2025
Frankfurt_Main_Hbf,6688,21.55,2025-09-01,505.5111651222847,0.0156997607655502,0.9749354397691022,0,2025
Frankfurt_Main_Hbf,1390,22.9,2025-09-02,0.0,0.0021582733812949,1.0,1,2025
Frankfurt_Main_Hbf,1404,23.449999,2025-09-03,0.0,0.0,1.0,2,2025
Frankfurt_Main_Hbf,6247,24.93,2025-09-04,595.4520370069794,0.0137666079718264,0.982632689498458,3,2025
Frankfurt_Main_Hbf,10790,22.539999,2025-09-05,534.6077598414047,0.0182576459684893,0.9721514207495516,4,2025
Frankfurt_Main_Hbf,10481,23.939999,2025-09-06,521.2565242605838,0.0128804503387081,0.9712932534312778,5,2025
Frankfurt_Main_Hbf,9656,25.92,2025-09-07,751.0215338920123,0.0237158243579121,0.9673278879813302,6,2025
Frankfurt_Main_Hbf,8701,20.5,2025-09-08,871.1045966228893,0.0198827720951614,0.9793621013133208,0,2025
Frankfurt_Main_Hbf,1371,17.19,2025-09-09,0.8856088560885609,0.011670313639679,1.0,1,2025
Frankfurt_Main_Hbf,1433,19.05,2025-09-10,0.0,0.0,1.0,2,2025
Frankfurt_Main_Hbf,1446,20.109999,2025-09-11,0.0,0.0,1.0,3,2025
Frankfurt_Main_Hbf,1439,19.83,2025-09-12,0.0,0.0,1.0,4,2025
Frankfurt_Main_Hbf,1178,20.63,2025-09-13,0.0,0.0,1.0,5,2025
Frankfurt_Main_Hbf,1139,20.41,2025-09-14,0.0,0.0,1.0,6,2025
Frankfurt_Main_Hbf,1438,22.75,2025-09-15,0.0,0.0,1.0,0,2025
Frankfurt_Main_Hbf,1449,17.97,2025-09-16,0.0,0.0,1.0,1,2025
Frankfurt_Main_Hbf,1446,18.63,2025-09-17,0.0,0.0,1.0,2,2025
Frankfurt_Main_Hbf,1776,25.22,2025-09-18,245.60137457044672,0.0168918918918918,0.9707903780068728,3,2025
Frankfurt_Main_Hbf,1495,27.99,2025-09-19,0.6421404682274248,0.0,0.9993311036789296,4,2025
Frankfurt_Main_Hbf,1200,28.98,2025-09-20,0.0,0.0,1.0,5,2025
Frankfurt_Main_Hbf,1132,20.85,2025-09-21,0.0,0.0,1.0,6,2025
Frankfurt_Main_Hbf,1475,14.08,2025-09-22,0.0,0.0,1.0,0,2025
Frankfurt_Main_Hbf,1461,16.91,2025-09-23,0.0,0.0,1.0,1,2025
Frankfurt_Main_Hbf,1454,12.559999,2025-09-24,0.0,0.0,1.0,2,2025
Frankfurt_Main_Hbf,1457,9.82,2025-09-25,0.0,0.0,1.0,3,2025
Frankfurt_Main_Hbf,1407,12.91,2025-09-26,0.0,0.0,1.0,4,2025
Frankfurt_Main_Hbf,1049,16.66,2025-09-27,0.0,0.0,1.0,5,2025
Frankfurt_Main_Hbf,1222,17.77,2025-09-28,251.3036164844407,0.0270049099836333,0.977291841883936,6,2025
Frankfurt_Main_Hbf,13411,18.779999,2025-09-29,604.39662955161,0.0088733129520542,0.9648660848630756,0,2025
Frankfurt_Main_Hbf,13206,18.1,2025-09-30,408.9830508474576,0.0081781008632439,0.9612154527408764,1,2025
Frankfurt_Main_Hbf,332,16.029999,2025-10-01,532.02416918429,0.003012048192771,0.8580060422960725,2,2025
Hamburg_Hbf,932,14.07,2022-05-01,237.5250836120401,0.0375536480686695,0.9442586399108138,6,2022
Hamburg_Hbf,1033,16.4,2022-05-02,178.9990186457311,0.0135527589545014,0.9538763493621196,0,2022
Hamburg_Hbf,1024,13.75,2022-05-03,417.71313941825474,0.0263671875,0.970912738214644,1,2022
Hamburg_Hbf,1026,14.4,2022-05-04,326.8718967229394,0.0185185185185185,0.961271102284012,2,2022
Hamburg_Hbf,1031,16.89,2022-05-05,400.48268625393496,0.075654704170708,0.9674711437565582,3,2022
Hamburg_Hbf,1062,20.43,2022-05-06,299.7667638483965,0.0310734463276836,0.95821185617104,4,2022
Hamburg_Hbf,963,17.85,2022-05-07,421.211477151966,0.0228452751817237,0.944739638682253,5,2022
Hamburg_Hbf,950,17.25,2022-05-08,312.85252960172227,0.0221052631578947,0.946178686759957,6,2022
Hamburg_Hbf,1015,21.74,2022-05-09,342.63645726055614,0.0433497536945812,0.9577754891864058,0,2022
Hamburg_Hbf,886,24.59,2022-05-10,417.9953917050691,0.0203160270880361,0.9654377880184332,1,2022
Hamburg_Hbf,886,22.26,2022-05-11,450.4773561811505,0.0778781038374717,0.9608323133414932,2,2022
Hamburg_Hbf,894,18.77,2022-05-12,500.77821011673154,0.1375838926174496,0.9779507133592736,3,2022
Hamburg_Hbf,1044,16.24,2022-05-13,1315.8333333333333,0.5172413793103449,0.9861111111111112,4,2022
Hamburg_Hbf,892,18.16,2022-05-14,1273.6244541484716,0.4865470852017937,0.9912663755458516,5,2022
Hamburg_Hbf,876,20.98,2022-05-15,1534.4227353463589,0.3573059360730594,0.9786856127886324,6,2022
Hamburg_Hbf,1024,24.33,2022-05-16,504.7770700636943,0.080078125,0.9798301486199577,0,2022
Hamburg_Hbf,1020,19.609999,2022-05-17,449.52780692549845,0.0656862745098039,0.9790136411332634,1,2022
Hamburg_Hbf,1020,28.17,2022-05-18,572.8008298755186,0.0549019607843137,0.9730290456431536,2,2022
Hamburg_Hbf,1025,28.59,2022-05-19,720.4026845637584,0.1278048780487805,0.970917225950783,3,2022
Hamburg_Hbf,1055,20.63,2022-05-20,526.2737262737263,0.0511848341232227,0.981018981018981,4,2022
Hamburg_Hbf,871,16.92,2022-05-21,383.6428571428572,0.0355912743972445,0.963095238095238,5,2022
Hamburg_Hbf,801,18.699999,2022-05-22,361.45966709346993,0.0249687890137328,0.9564660691421256,6,2022
Hamburg_Hbf,902,23.15,2022-05-23,375.5017301038062,0.0388026607538802,0.9642445213379468,0,2022
Hamburg_Hbf,1016,18.67,2022-05-24,407.1774193548387,0.0236220472440944,0.970766129032258,1,2022
Hamburg_Hbf,1048,19.84,2022-05-25,417.4193548387097,0.023854961832061,0.9716520039100685,2,2022
Hamburg_Hbf,882,17.99,2022-05-26,261.19331742243435,0.0498866213151927,0.9391408114558472,3,2022
Hamburg_Hbf,885,15.03,2022-05-27,303.7070938215103,0.0124293785310734,0.954233409610984,4,2022
Hamburg_Hbf,793,13.45,2022-05-28,380.8429118773946,0.0126103404791929,0.9374201787994892,5,2022
Hamburg_Hbf,835,13.24,2022-05-29,455.9230769230769,0.0658682634730539,0.9487179487179488,6,2022
Hamburg_Hbf,1026,13.87,2022-05-30,346.63366336633663,0.0155945419103313,0.9653465346534652,0,2022
Hamburg_Hbf,1020,17.279999,2022-05-31,512.2619047619048,0.0117647058823529,0.9623015873015872,1,2022
Hamburg_Hbf,1023,16.8,2022-06-01,461.9755600814664,0.0400782013685239,0.960285132382892,2,2022
Hamburg_Hbf,1029,16.82,2022-06-02,434.2627883650953,0.0310981535471331,0.9648946840521564,3,2022
Hamburg_Hbf,1050,21.869999,2022-06-03,665.0837438423646,0.0333333333333333,0.9724137931034482,4,2022
Hamburg_Hbf,816,21.59,2022-06-04,509.9242424242424,0.0294117647058823,0.9595959595959596,5,2022
Hamburg_Hbf,774,23.71,2022-06-05,465.32085561497325,0.0335917312661498,0.9558823529411764,6,2022
Hamburg_Hbf,809,22.24,2022-06-06,264.25531914893617,0.0123609394313967,0.9436795994993742,0,2022
Hamburg_Hbf,961,17.75,2022-06-07,435.41755888650965,0.028095733610822,0.961456102783726,1,2022
Hamburg_Hbf,1026,23.18,2022-06-08,351.9838056680162,0.037037037037037,0.97165991902834,2,2022
Hamburg_Hbf,1030,20.63,2022-06-09,426.54654654654655,0.0300970873786407,0.961961961961962,3,2022
Hamburg_Hbf,1060,23.039999,2022-06-10,594.3362831858407,0.040566037735849,0.9803343166175024,4,2022
Hamburg_Hbf,888,23.0,2022-06-11,517.4912075029308,0.0394144144144144,0.9531066822977726,5,2022
Hamburg_Hbf,885,23.189999,2022-06-12,449.8550724637681,0.0644067796610169,0.9408212560386472,6,2022
Hamburg_Hbf,974,17.74,2022-06-13,494.6559633027523,0.1047227926078028,0.9610091743119266,0,2022
Hamburg_Hbf,963,18.99,2022-06-14,392.96928327645054,0.087227414330218,0.9476678043230944,1,2022
Hamburg_Hbf,970,22.01,2022-06-15,433.1019036954088,0.079381443298969,0.9462486002239642,2,2022
Hamburg_Hbf,967,21.72,2022-06-16,432.4232081911263,0.0910031023784901,0.9453924914675768,3,2022
Hamburg_Hbf,987,24.0,2022-06-17,516.7096774193549,0.0577507598784194,0.9623655913978496,4,2022
Hamburg_Hbf,891,24.47,2022-06-18,425.6617647058824,0.0841750841750841,0.9350490196078431,5,2022
Hamburg_Hbf,667,18.18,2022-06-19,464.59069020866775,0.0659670164917541,0.9534510433386838,6,2022
Hamburg_Hbf,978,19.13,2022-06-20,557.0089285714286,0.0838445807770961,0.9497767857142856,0,2022
Hamburg_Hbf,967,21.9,2022-06-21,345.9891891891892,0.0434332988624612,0.947027027027027,1,2022
Hamburg_Hbf,968,23.14,2022-06-22,294.1830065359477,0.0516528925619834,0.9509803921568628,2,2022
Hamburg_Hbf,971,29.57,2022-06-23,498.8325991189427,0.0648815653964984,0.9680616740088106,3,2022
Hamburg_Hbf,996,31.199999,2022-06-24,504.81641468682506,0.0702811244979919,0.9460043196544276,4,2022
Hamburg_Hbf,894,28.949999,2022-06-25,388.2650602409639,0.0715883668903803,0.9506024096385542,5,2022
Hamburg_Hbf,891,27.699999,2022-06-26,378.51674641148327,0.0617283950617283,0.9473684210526316,6,2022
Hamburg_Hbf,976,19.27,2022-06-27,441.7317845828933,0.0297131147540983,0.966209081309398,0,2022
Hamburg_Hbf,962,23.9,2022-06-28,520.8820286659317,0.0571725571725571,0.9514884233737596,1,2022
Hamburg_Hbf,968,28.3,2022-06-29,347.5704989154013,0.0475206611570247,0.9544468546637744,2,2022
Hamburg_Hbf,971,28.789999,2022-06-30,366.3157894736842,0.0411946446961895,0.9462943071965628,3,2022
Hamburg_Hbf,996,21.699999,2022-07-01,690.323275862069,0.0682730923694779,0.9655172413793104,4,2022
Hamburg_Hbf,897,24.9,2022-07-02,282.5806451612903,0.0668896321070234,0.935483870967742,5,2022
Hamburg_Hbf,892,27.13,2022-07-03,379.2399049881235,0.0560538116591928,0.9477434679334916,6,2022
Hamburg_Hbf,978,22.619999,2022-07-04,368.5069817400645,0.0480572597137014,0.9634801288936627,0,2022
Hamburg_Hbf,969,21.16,2022-07-05,418.0477223427332,0.0485036119711042,0.9631236442516268,1,2022
Hamburg_Hbf,965,19.84,2022-07-06,420.4625550660793,0.0590673575129533,0.9570484581497798,2,2022
Hamburg_Hbf,972,19.22,2022-07-07,343.39342523860023,0.029835390946502,0.9565217391304348,3,2022
Hamburg_Hbf,989,20.57,2022-07-08,432.829373650108,0.063700707785642,0.9557235421166308,4,2022
Hamburg_Hbf,898,21.23,2022-07-09,300.0,0.0178173719376391,0.947845804988662,5,2022
Hamburg_Hbf,889,18.91,2022-07-10,318.7628865979381,0.0179977502812148,0.9392898052691868,6,2022
Hamburg_Hbf,973,22.51,2022-07-11,280.3164556962025,0.0256937307297019,0.9462025316455696,0,2022
Hamburg_Hbf,961,24.4,2022-07-12,390.1653803748622,0.0561914672216441,0.9592061742006616,1,2022
Hamburg_Hbf,960,27.16,2022-07-13,440.43956043956047,0.0520833333333333,0.9571428571428572,2,2022
Hamburg_Hbf,975,19.699999,2022-07-14,469.6815286624204,0.0338461538461538,0.964968152866242,3,2022
Hamburg_Hbf,990,19.72,2022-07-15,366.5861690450055,0.0797979797979798,0.960482985729967,4,2022
Hamburg_Hbf,903,19.39,2022-07-16,280.7142857142857,0.0387596899224806,0.9377880184331796,5,2022
Hamburg_Hbf,881,21.84,2022-07-17,347.3871733966746,0.0442678774120317,0.9524940617577196,6,2022
Hamburg_Hbf,976,28.439999,2022-07-18,411.61290322580646,0.0471311475409836,0.9559139784946236,0,2022
Hamburg_Hbf,967,33.69,2022-07-19,575.5005624296963,0.0806618407445708,0.9640044994375704,1,2022
Hamburg_Hbf,965,38.66,2022-07-20,976.5417170495768,0.1430051813471502,0.9758162031438936,2,2022
Hamburg_Hbf,968,25.109999,2022-07-21,515.6902356902357,0.0795454545454545,0.9640852974186308,3,2022
Hamburg_Hbf,988,19.64,2022-07-22,603.0716723549488,0.1103238866396761,0.9681456200227532,4,2022
Hamburg_Hbf,897,19.85,2022-07-23,417.9428571428571,0.0245261984392419,0.9554285714285714,5,2022
Hamburg_Hbf,882,29.59,2022-07-24,494.1686746987952,0.0589569160997732,0.963855421686747,6,2022
Hamburg_Hbf,977,32.579998,2022-07-25,405.7894736842105,0.0665301944728761,0.9671052631578948,0,2022
Hamburg_Hbf,969,19.99,2022-07-26,441.26338329764457,0.0361197110423116,0.9603854389721628,1,2022
Hamburg_Hbf,966,19.02,2022-07-27,463.125,0.0393374741200828,0.9644396551724138,2,2022
Hamburg_Hbf,973,20.58,2022-07-28,439.7025171624714,0.1017471736896197,0.9633867276887872,3,2022
Hamburg_Hbf,990,25.74,2022-07-29,463.1049250535332,0.0565656565656565,0.9603854389721628,4,2022
Hamburg_Hbf,792,24.65,2022-07-30,745.9947643979058,0.0353535353535353,0.9659685863874344,5,2022
Hamburg_Hbf,783,25.56,2022-07-31,463.1523178807947,0.0357598978288633,0.9496688741721856,6,2022
Hamburg_Hbf,972,21.279999,2022-08-01,394.7065101387407,0.0360082304526749,0.9541088580576308,0,2022
Hamburg_Hbf,962,25.769999,2022-08-02,510.5166475315729,0.0945945945945946,0.9621125143513204,1,2022
Hamburg_Hbf,960,31.46,2022-08-03,479.66887417218544,0.05625,0.9591611479028698,2,2022
Hamburg_Hbf,963,35.76,2022-08-04,637.1761960326721,0.1100726895119418,0.9614935822637106,3,2022
Hamburg_Hbf,1002,19.72,2022-08-05,597.707423580786,0.0858283433133732,0.962882096069869,4,2022
Hamburg_Hbf,710,21.07,2022-08-06,571.407624633431,0.0394366197183098,0.9472140762463344,5,2022
Hamburg_Hbf,703,22.529999,2022-08-07,439.672131147541,0.0455192034139402,0.9523099850968704,6,2022
Hamburg_Hbf,939,23.08,2022-08-08,489.66442953020135,0.047923322683706,0.96420581655481,0,2022
Hamburg_Hbf,934,25.59,2022-08-09,493.7953795379538,0.0267665952890792,0.965896589658966,1,2022
Hamburg_Hbf,934,27.15,2022-08-10,471.8518518518519,0.0460385438972162,0.957351290684624,2,2022
Hamburg_Hbf,944,29.529999,2022-08-11,755.0281214848144,0.0582627118644067,0.970753655793026,3,2022
Hamburg_Hbf,962,30.359999,2022-08-12,491.34767836919593,0.0821205821205821,0.97281993204983,4,2022
Hamburg_Hbf,714,30.67,2022-08-13,521.4218009478673,0.1134453781512605,0.9478672985781992,5,2022
Hamburg_Hbf,712,30.599998,2022-08-14,508.42105263157896,0.1193820224719101,0.9569377990430622,6,2022
Hamburg_Hbf,1000,31.779999,2022-08-15,623.8747099767982,0.138,0.9756380510440836,0,2022
Hamburg_Hbf,988,29.51,2022-08-16,446.6966292134832,0.0991902834008097,0.9651685393258428,1,2022
Hamburg_Hbf,928,29.109999,2022-08-17,436.3452914798206,0.0387931034482758,0.9618834080717488,2,2022
Hamburg_Hbf,923,26.22,2022-08-18,501.288056206089,0.0747562296858071,0.9800936768149884,3,2022
Hamburg_Hbf,903,23.25,2022-08-19,661.549815498155,0.0996677740863787,0.965559655596556,4,2022
Hamburg_Hbf,932,24.05,2022-08-20,689.3906810035842,0.101931330472103,0.972520908004779,5,2022
Hamburg_Hbf,923,25.48,2022-08-21,580.2230483271376,0.1256771397616468,0.9739776951672864,6,2022
Hamburg_Hbf,1009,25.949999,2022-08-22,501.79459459459457,0.0832507433102081,0.9643243243243244,0,2022
Hamburg_Hbf,1002,28.279999,2022-08-23,484.3613707165109,0.0389221556886227,0.9615784008307372,1,2022
Hamburg_Hbf,1000,28.939999,2022-08-24,473.1034482758621,0.043,0.9696969696969696,2,2022
Hamburg_Hbf,1007,28.519999,2022-08-25,533.4038054968288,0.0605759682224429,0.970401691331924,3,2022
Hamburg_Hbf,1018,27.619999,2022-08-26,426.2769230769231,0.0422396856581532,0.961025641025641,4,2022
Hamburg_Hbf,927,24.039999,2022-08-27,353.87470997679816,0.070118662351672,0.9547563805104408,5,2022
Hamburg_Hbf,922,21.189999,2022-08-28,390.3905325443787,0.0835140997830802,0.9526627218934912,6,2022
Hamburg_Hbf,1007,21.289999,2022-08-29,352.15727948990434,0.0655412115193644,0.9617428267800212,0,2022
Hamburg_Hbf,998,22.06,2022-08-30,424.0549102428722,0.0511022044088176,0.955649419218585,1,2022
Hamburg_Hbf,999,23.55,2022-08-31,516.8166849615807,0.088088088088088,0.9725576289791438,2,2022
Hamburg_Hbf,991,23.1,2022-09-01,283.90852390852393,0.0292633703329969,0.9656964656964656,3,2022
Hamburg_Hbf,1015,23.119999,2022-09-02,489.53389830508473,0.0699507389162561,0.9713983050847458,4,2022
Hamburg_Hbf,905,23.31,2022-09-03,289.1415313225058,0.0475138121546961,0.9361948955916474,5,2022
Hamburg_Hbf,906,24.91,2022-09-04,334.20494699646645,0.0629139072847682,0.9411071849234394,6,2022
Hamburg_Hbf,1010,24.769999,2022-09-05,360.6437768240343,0.0772277227722772,0.9624463519313304,0,2022
Hamburg_Hbf,1002,20.779999,2022-09-06,351.2842105263158,0.0518962075848303,0.9663157894736842,1,2022
Hamburg_Hbf,1001,23.439999,2022-09-07,425.1929092805005,0.0419580419580419,0.9708029197080292,2,2022
Hamburg_Hbf,1003,17.18,2022-09-08,422.4814422057264,0.0598205383848454,0.9671261930010604,3,2022
Hamburg_Hbf,1027,21.47,2022-09-09,570.3913043478261,0.1041869522882181,0.9695652173913044,4,2022
Hamburg_Hbf,913,20.52,2022-09-10,440.32941176470587,0.0690032858707557,0.9682352941176472,5,2022
Hamburg_Hbf,913,20.74,2022-09-11,338.74015748031496,0.0262869660460021,0.9448818897637796,6,2022
Hamburg_Hbf,1008,22.07,2022-09-12,326.177370030581,0.0267857142857142,0.9734964322120284,0,2022
Hamburg_Hbf,999,20.89,2022-09-13,372.60869565217394,0.033033033033033,0.9627329192546584,1,2022
Hamburg_Hbf,997,18.66,2022-09-14,324.8810754912099,0.0300902708124373,0.9627714581178904,2,2022
Hamburg_Hbf,1001,17.96,2022-09-15,290.6907545164718,0.0599400599400599,0.955366631243358,3,2022
Hamburg_Hbf,1024,15.78,2022-09-16,385.3564154786151,0.041015625,0.9653767820773932,4,2022
Hamburg_Hbf,921,15.32,2022-09-17,305.1121076233184,0.0314875135722041,0.9517937219730942,5,2022
Hamburg_Hbf,915,13.719999,2022-09-18,284.5733788395904,0.0393442622950819,0.9613196814562004,6,2022
Hamburg_Hbf,1002,17.77,2022-09-19,377.76850886339935,0.0429141716566866,0.959332638164755,0,2022
Hamburg_Hbf,992,16.71,2022-09-20,238.13278008298755,0.0282258064516129,0.9533195020746889,1,2022
Hamburg_Hbf,995,18.05,2022-09-21,312.75,0.0351758793969849,0.953125,2,2022
Hamburg_Hbf,995,18.039999,2022-09-22,321.69278996865205,0.0381909547738693,0.9529780564263324,3,2022
Hamburg_Hbf,1036,17.93,2022-09-23,363.469591226321,0.0318532818532818,0.9730807577268196,4,2022
Hamburg_Hbf,942,14.099999,2022-09-24,300.59933407325195,0.0435244161358811,0.948945615982242,5,2022
Hamburg_Hbf,932,14.79,2022-09-25,419.6625421822272,0.0461373390557939,0.952755905511811,6,2022
Hamburg_Hbf,999,13.059999,2022-09-26,344.5482866043613,0.036036036036036,0.9698857736240912,0,2022
Hamburg_Hbf,987,12.009999,2022-09-27,294.0246406570842,0.0131712259371833,0.9630390143737166,1,2022
Hamburg_Hbf,986,13.07,2022-09-28,265.6687898089172,0.0446247464503042,0.9670912951167728,2,2022
Hamburg_Hbf,990,11.59,2022-09-29,397.9731127197518,0.0232323232323232,0.970010341261634,3,2022
Hamburg_Hbf,1023,16.38,2022-09-30,472.0283975659229,0.0361681329423264,0.9665314401622718,4,2022
Hamburg_Hbf,17,16.15,2022-10-01,829.4117647058823,0.0,1.0,5,2022
Hamburg_Hbf,847,19.22,2023-05-01,342.70935960591135,0.0413223140495867,0.9532019704433498,0,2023
Hamburg_Hbf,932,10.96,2023-05-02,461.395881006865,0.0622317596566523,0.9290617848970252,1,2023
Hamburg_Hbf,899,12.559999,2023-05-03,329.1408934707904,0.028921023359288,0.9232531500572738,2,2023
Hamburg_Hbf,929,16.789999,2023-05-04,385.77319587628864,0.0602798708288482,0.9644902634593356,3,2023
Hamburg_Hbf,954,16.33,2023-05-05,423.6882546652031,0.0450733752620545,0.982436882546652,4,2023
Hamburg_Hbf,836,10.08,2023-05-06,260.1965601965602,0.0263157894736842,0.9176904176904176,5,2023
Hamburg_Hbf,833,16.21,2023-05-07,215.9558823529412,0.0204081632653061,0.9142156862745098,6,2023
Hamburg_Hbf,891,19.619999,2023-05-08,289.8961937716263,0.0269360269360269,0.908881199538639,0,2023
Hamburg_Hbf,881,21.65,2023-05-09,281.9226260257913,0.0317820658342792,0.924970691676436,1,2023
Hamburg_Hbf,874,16.02,2023-05-10,258.4507042253521,0.0251716247139588,0.9178403755868544,2,2023
Hamburg_Hbf,868,18.449999,2023-05-11,292.64018691588785,0.0138248847926267,0.9217289719626168,3,2023
Hamburg_Hbf,836,22.49,2023-05-12,684.5092838196286,0.0980861244019138,0.9748010610079576,4,2023
Hamburg_Hbf,764,22.56,2023-05-13,465.95204513399153,0.0719895287958115,0.9689703808180536,5,2023
Hamburg_Hbf,760,22.0,2023-05-14,394.3870014771049,0.1092105263157894,0.9556868537666174,6,2023
Hamburg_Hbf,991,22.24,2023-05-15,203.84615384615384,0.1342078708375378,0.9289044289044288,0,2023
Hamburg_Hbf,977,13.549999,2023-05-16,207.83369803063457,0.0644831115660184,0.924507658643326,1,2023
Hamburg_Hbf,988,11.96,2023-05-17,357.3857598299681,0.0475708502024291,0.9298618490967056,2,2023
Hamburg_Hbf,963,15.83,2023-05-18,228.91235480464624,0.0166147455867082,0.9186906019007391,3,2023
Hamburg_Hbf,982,18.96,2023-05-19,207.82515991471212,0.0448065173116089,0.9157782515991472,4,2023
Hamburg_Hbf,853,17.029999,2023-05-20,199.0441176470588,0.0433763188745603,0.9044117647058824,5,2023
Hamburg_Hbf,831,24.539999,2023-05-21,223.01745635910223,0.0348977135980746,0.9164588528678304,6,2023
Hamburg_Hbf,941,27.199999,2023-05-22,451.5151515151515,0.053134962805526,0.9405162738496072,0,2023
Hamburg_Hbf,933,15.62,2023-05-23,431.31086142322096,0.1414790996784566,0.920099875156055,1,2023
Hamburg_Hbf,934,15.969999,2023-05-24,292.4657534246575,0.0620985010706638,0.934931506849315,2,2023
Hamburg_Hbf,940,18.369999,2023-05-25,306.2346368715084,0.0478723404255319,0.9307262569832402,3,2023
Hamburg_Hbf,955,15.92,2023-05-26,357.9782608695652,0.0366492146596858,0.942391304347826,4,2023
Hamburg_Hbf,854,20.82,2023-05-27,671.6981132075472,0.0690866510538641,0.9547169811320756,5,2023
Hamburg_Hbf,827,22.32,2023-05-28,220.3960396039604,0.022974607013301,0.9133663366336634,6,2023
Hamburg_Hbf,904,19.51,2023-05-29,262.00455580865605,0.0287610619469026,0.9020501138952164,0,2023
Hamburg_Hbf,923,17.98,2023-05-30,255.1002227171492,0.0270855904658721,0.9320712694877504,1,2023
Hamburg_Hbf,910,21.81,2023-05-31,360.20338983050846,0.0274725274725274,0.9457627118644067,2,2023
Hamburg_Hbf,927,15.389999,2023-06-01,508.0968858131488,0.0647249190938511,0.9434832756632064,3,2023
Hamburg_Hbf,987,19.17,2023-06-02,346.5,0.0273556231003039,0.9572916666666668,4,2023
Hamburg_Hbf,885,20.779999,2023-06-03,460.7738814993954,0.0655367231638418,0.9310761789600968,5,2023
Hamburg_Hbf,835,21.1,2023-06-04,343.76111817026685,0.0574850299401197,0.9415501905972046,6,2023
Hamburg_Hbf,989,24.64,2023-06-05,343.7735849056604,0.0353892821031344,0.9433962264150944,0,2023
Hamburg_Hbf,972,25.199999,2023-06-06,257.9741379310345,0.0452674897119341,0.9428879310344828,1,2023
Hamburg_Hbf,972,23.3,2023-06-07,333.048128342246,0.0380658436213991,0.93475935828877,2,2023
Hamburg_Hbf,741,25.71,2023-06-08,183.89280677009876,0.0431848852901484,0.9562764456981664,3,2023
Hamburg_Hbf,237,25.5,2023-06-13,579.4444444444445,0.0886075949367088,0.925925925925926,1,2023
Hamburg_Hbf,976,25.26,2023-06-14,519.3419506462985,0.1280737704918032,0.9306698002350176,2,2023
Hamburg_Hbf,978,24.67,2023-06-15,306.89057421451787,0.0562372188139059,0.9382448537378116,3,2023
Hamburg_Hbf,16,21.24,2023-06-16,0.0,0.0,1.0,4,2023
Hamburg_Hbf,461,28.31,2023-06-19,449.5081967213115,0.0737527114967462,0.955503512880562,0,2023
Hamburg_Hbf,965,28.15,2023-06-20,394.6432491767289,0.0559585492227979,0.9396267837541163,1,2023
Hamburg_Hbf,971,25.66,2023-06-21,400.6236080178174,0.0751802265705458,0.9610244988864144,2,2023
Hamburg_Hbf,972,27.48,2023-06-22,426.4827586206897,0.1049382716049382,0.9229885057471264,3,2023
Hamburg_Hbf,990,23.64,2023-06-23,655.5555555555555,0.0727272727272727,0.9444444444444444,4,2023
Hamburg_Hbf,953,26.48,2023-06-24,388.6516853932585,0.0661070304302203,0.9269662921348316,5,2023
Hamburg_Hbf,930,29.13,2023-06-25,462.5581395348837,0.075268817204301,0.9523255813953488,6,2023
Hamburg_Hbf,984,27.369999,2023-06-26,418.6509635974304,0.0508130081300813,0.9336188436830836,0,2023
Hamburg_Hbf,971,21.0,2023-06-27,422.0470588235294,0.1246138002059732,0.9576470588235294,1,2023
Hamburg_Hbf,958,23.539999,2023-06-28,295.292817679558,0.0553235908141962,0.9679558011049724,2,2023
Hamburg_Hbf,972,23.49,2023-06-29,321.74102285092494,0.0545267489711934,0.955386289445049,3,2023
Hamburg_Hbf,990,22.39,2023-06-30,479.6825396825397,0.0454545454545454,0.9597883597883596,4,2023
Hamburg_Hbf,954,17.93,2023-07-01,311.8510158013544,0.0712788259958071,0.95372460496614,5,2023
Hamburg_Hbf,932,20.38,2023-07-02,411.7865429234339,0.075107296137339,0.9222737819025522,6,2023
Hamburg_Hbf,999,19.08,2023-07-03,281.72557172557174,0.037037037037037,0.9449064449064448,0,2023
Hamburg_Hbf,973,19.359999,2023-07-04,969.4200848656294,0.2733812949640288,0.9646393210749646,1,2023
Hamburg_Hbf,982,19.15,2023-07-05,795.1048951048951,0.1262729124236252,0.965034965034965,2,2023
Hamburg_Hbf,990,21.43,2023-07-06,294.89224137931035,0.0626262626262626,0.9331896551724138,3,2023
Hamburg_Hbf,1008,26.33,2023-07-07,626.8944099378882,0.0416666666666666,0.9347826086956522,4,2023
Hamburg_Hbf,969,29.84,2023-07-08,609.2571428571429,0.0970072239422084,0.9405714285714286,5,2023
Hamburg_Hbf,941,31.8,2023-07-09,676.2124711316397,0.079702444208289,0.9480369515011547,6,2023
Hamburg_Hbf,988,24.16,2023-07-10,530.0538213132401,0.0597165991902834,0.946178686759957,0,2023
Hamburg_Hbf,986,29.97,2023-07-11,440.4690831556503,0.0486815415821501,0.945628997867804,1,2023
Hamburg_Hbf,986,22.769999,2023-07-12,530.3455723542116,0.0608519269776876,0.9470842332613392,2,2023
Hamburg_Hbf,991,21.84,2023-07-13,570.8294930875576,0.124117053481332,0.9608294930875576,3,2023
Hamburg_Hbf,947,24.0,2023-07-14,309.06666666666666,0.0496304118268215,0.9444444444444444,4,2023
Hamburg_Hbf,377,30.939999,2023-07-15,282.78688524590166,0.0291777188328912,0.8879781420765027,5,2023
Hamburg_Hbf,374,23.56,2023-07-16,229.6378830083565,0.0401069518716577,0.8746518105849582,6,2023
Hamburg_Hbf,405,21.699999,2023-07-17,227.77479892761397,0.0790123456790123,0.8739946380697051,0,2023
Hamburg_Hbf,402,22.289999,2023-07-18,277.3404255319149,0.0646766169154228,0.9069148936170212,1,2023
Hamburg_Hbf,398,19.89,2023-07-19,258.4,0.057788944723618,0.904,2,2023
Hamburg_Hbf,396,19.58,2023-07-20,218.29787234042556,0.0505050505050505,0.8803191489361702,3,2023
Hamburg_Hbf,389,21.74,2023-07-21,257.23756906077347,0.0694087403598971,0.8839779005524862,4,2023
Hamburg_Hbf,251,20.05,2023-07-22,181.29310344827587,0.0756972111553784,0.8706896551724138,5,2023
Hamburg_Hbf,367,18.789999,2023-07-23,249.26966292134836,0.0299727520435967,0.8932584269662921,6,2023
Hamburg_Hbf,388,24.17,2023-07-24,247.8474114441417,0.0541237113402061,0.9455040871934604,0,2023
Hamburg_Hbf,383,19.199999,2023-07-25,185.40983606557376,0.0443864229765013,0.912568306010929,1,2023
Hamburg_Hbf,385,19.279999,2023-07-26,199.3029490616622,0.0311688311688311,0.8820375335120644,2,2023
Hamburg_Hbf,385,18.029999,2023-07-27,338.958904109589,0.0519480519480519,0.9178082191780822,3,2023
Hamburg_Hbf,972,22.46,2023-07-28,516.1555075593952,0.0473251028806584,0.956803455723542,4,2023
Hamburg_Hbf,973,24.14,2023-07-29,324.052573932092,0.0616649537512846,0.9441401971522454,5,2023
Hamburg_Hbf,950,21.59,2023-07-30,270.7761529808774,0.0642105263157894,0.934758155230596,6,2023
Hamburg_Hbf,1006,17.69,2023-07-31,585.5194123819517,0.0526838966202783,0.9485834207764952,0,2023
Hamburg_Hbf,1007,19.65,2023-08-01,389.1958762886598,0.0367428003972194,0.9556701030927836,1,2023
Hamburg_Hbf,1014,19.49,2023-08-02,405.658835546476,0.034516765285996,0.958120531154239,2,2023
Hamburg_Hbf,1012,21.71,2023-08-03,401.4669421487603,0.0434782608695652,0.9617768595041324,3,2023
Hamburg_Hbf,1037,21.02,2023-08-04,440.4503582395087,0.0578592092574734,0.9385875127942682,4,2023
Hamburg_Hbf,977,22.21,2023-08-05,410.5705059203444,0.0491299897645854,0.9332615715823466,5,2023
Hamburg_Hbf,957,18.539999,2023-08-06,291.6740088105727,0.051201671891327,0.9361233480176212,6,2023
Hamburg_Hbf,1020,18.18,2023-08-07,629.3430656934306,0.0598039215686274,0.9614181438998958,0,2023
Hamburg_Hbf,1006,17.4,2023-08-08,399.77249224405375,0.0387673956262425,0.9627714581178904,1,2023
Hamburg_Hbf,1006,19.4,2023-08-09,291.3326551373347,0.0228628230616302,0.9501525940996948,2,2023
Hamburg_Hbf,1009,20.23,2023-08-10,276.8711656441717,0.0307234886025768,0.943762781186094,3,2023
Hamburg_Hbf,1023,26.42,2023-08-11,332.99691040164777,0.0508308895405669,0.9546858908341916,4,2023
Hamburg_Hbf,967,21.74,2023-08-12,371.6498316498317,0.0785935884177869,0.9349046015712682,5,2023
Hamburg_Hbf,952,24.13,2023-08-13,429.4314381270903,0.0577731092436974,0.9442586399108138,6,2023
Hamburg_Hbf,1026,27.26,2023-08-14,474.8909657320872,0.0614035087719298,0.9387331256490136,0,2023
Hamburg_Hbf,1002,25.35,2023-08-15,458.6163522012579,0.0479041916167664,0.9570230607966456,1,2023
Hamburg_Hbf,1017,23.0,2023-08-16,417.3361522198732,0.0698131760078662,0.9566596194503172,2,2023
Hamburg_Hbf,1018,17.59,2023-08-17,346.63917525773195,0.0471512770137524,0.9649484536082474,3,2023
Hamburg_Hbf,1039,25.67,2023-08-18,385.4601226993865,0.0587102983638113,0.9642126789366052,4,2023
Hamburg_Hbf,967,28.859999,2023-08-19,430.9850107066381,0.0341261633919338,0.9550321199143468,5,2023
Hamburg_Hbf,938,25.609999,2023-08-20,662.8671328671329,0.0852878464818763,0.935897435897436,6,2023
Hamburg_Hbf,1016,24.47,2023-08-21,501.8181818181818,0.0472440944881889,0.9431818181818182,0,2023
Hamburg_Hbf,1012,25.619999,2023-08-22,406.49377593361,0.0474308300395256,0.9450207468879668,1,2023
Hamburg_Hbf,1012,24.63,2023-08-23,336.33367662203915,0.0405138339920948,0.9340885684860968,2,2023
Hamburg_Hbf,1017,25.06,2023-08-24,401.7471736896197,0.0432645034414945,0.9455292908530318,3,2023
Hamburg_Hbf,1034,22.539999,2023-08-25,474.0932642487047,0.0667311411992263,0.9533678756476685,4,2023
Hamburg_Hbf,971,21.1,2023-08-26,347.0324748040314,0.0803295571575695,0.9473684210526316,5,2023
Hamburg_Hbf,948,20.26,2023-08-27,332.1818181818182,0.0717299578059071,0.9397727272727272,6,2023
Hamburg_Hbf,1020,20.89,2023-08-28,286.5495867768595,0.0509803921568627,0.9535123966942148,0,2023
Hamburg_Hbf,997,20.18,2023-08-29,307.7151965993624,0.0561685055165496,0.9628055260361318,1,2023
Hamburg_Hbf,989,20.4,2023-08-30,399.7058823529412,0.0374115267947421,0.9684873949579832,2,2023
Hamburg_Hbf,1000,17.96,2023-08-31,340.8658922914467,0.053,0.9535374868004224,3,2023
Hamburg_Hbf,953,20.449999,2023-09-01,405.55183946488296,0.0587618048268625,0.94314381270903,4,2023
Hamburg_Hbf,892,22.41,2023-09-02,298.1818181818182,0.0381165919282511,0.9254079254079254,5,2023
Hamburg_Hbf,884,20.68,2023-09-03,309.3862815884477,0.0599547511312217,0.9314079422382672,6,2023
Hamburg_Hbf,953,24.689999,2023-09-04,407.1910112359551,0.0661070304302203,0.9382022471910112,0,2023
Hamburg_Hbf,937,29.98,2023-09-05,363.4052213393871,0.0597652081109925,0.956867196367764,1,2023
Hamburg_Hbf,937,29.949999,2023-09-06,549.0344827586207,0.071504802561366,0.9586206896551724,2,2023
Hamburg_Hbf,939,28.14,2023-09-07,476.5831435079727,0.0649627263045793,0.9510250569476082,3,2023
Hamburg_Hbf,942,29.64,2023-09-08,673.3884297520661,0.2292993630573248,0.9696969696969696,4,2023
Hamburg_Hbf,880,30.47,2023-09-09,545.4545454545455,0.1375,0.9446640316205532,5,2023
Hamburg_Hbf,882,24.73,2023-09-10,610.6602641056422,0.0555555555555555,0.957983193277311,6,2023
Hamburg_Hbf,1013,29.75,2023-09-11,661.3475935828877,0.0769990128331688,0.9668449197860962,0,2023
Hamburg_Hbf,999,22.529999,2023-09-12,354.288770053476,0.064064064064064,0.9540106951871656,1,2023
Hamburg_Hbf,999,17.59,2023-09-13,344.4064171122995,0.064064064064064,0.9497326203208556,2,2023
Hamburg_Hbf,1004,19.119999,2023-09-14,352.8099173553719,0.0358565737051792,0.9545454545454546,3,2023
Hamburg_Hbf,1016,21.82,2023-09-15,383.9754098360656,0.0393700787401574,0.9415983606557377,4,2023
Hamburg_Hbf,943,25.16,2023-09-16,432.5550660792952,0.0371155885471898,0.9493392070484582,5,2023
Hamburg_Hbf,930,24.21,2023-09-17,524.6575342465753,0.0580645161290322,0.934931506849315,6,2023
Hamburg_Hbf,1006,23.789999,2023-09-18,400.6988694758479,0.0328031809145129,0.94655704008222,0,2023
Hamburg_Hbf,992,19.39,2023-09-19,601.5157894736842,0.0423387096774193,0.9547368421052632,1,2023
Hamburg_Hbf,990,23.779999,2023-09-20,407.0201484623542,0.0474747474747474,0.9490986214209968,2,2023
Hamburg_Hbf,995,26.269999,2023-09-21,527.5483870967741,0.0653266331658291,0.9602150537634409,3,2023
Hamburg_Hbf,1013,19.76,2023-09-22,416.00403632694247,0.0217176702862783,0.9424823410696268,4,2023
Hamburg_Hbf,941,17.119999,2023-09-23,355.53333333333336,0.0435706695005313,0.9233333333333332,5,2023
Hamburg_Hbf,935,17.9,2023-09-24,511.9804400977995,0.1251336898395721,0.9254278728606355,6,2023
Hamburg_Hbf,998,20.75,2023-09-25,444.23799582463465,0.0400801603206412,0.963465553235908,0,2023
Hamburg_Hbf,989,22.67,2023-09-26,287.57737459978654,0.0525783619817998,0.9295624332977588,1,2023
Hamburg_Hbf,990,24.06,2023-09-27,441.8426966292135,0.101010101010101,0.9483146067415732,2,2023
Hamburg_Hbf,1000,22.949999,2023-09-28,557.2421052631579,0.05,0.9652631578947368,3,2023
Hamburg_Hbf,1012,23.4,2023-09-29,460.1875,0.0513833992094861,0.9583333333333334,4,2023
Hamburg_Hbf,947,18.85,2023-09-30,346.2971175166297,0.0475184794086589,0.9356984478935698,5,2023
Hamburg_Hbf,26,17.89,2023-10-01,1347.5,0.0769230769230769,0.75,6,2023
Hamburg_Hbf,6688,25.56,2024-05-01,410.4922515952598,0.0158492822966507,0.9665755089638408,2,2024
Hamburg_Hbf,7934,25.56,2024-05-02,514.8448385053831,0.0049155533148474,0.976820772640912,3,2024
Hamburg_Hbf,8161,22.029999,2024-05-03,634.4034978138664,0.0191153044969979,0.9745159275452842,4,2024
Hamburg_Hbf,6241,18.72,2024-05-04,335.440414507772,0.010414997596539,0.9574158031088082,5,2024
Hamburg_Hbf,6396,15.45,2024-05-05,443.3095577746077,0.0136022514071294,0.9668727215089554,6,2024
Hamburg_Hbf,7149,17.92,2024-05-06,428.6990459670425,0.0323122114981116,0.9686325527609136,0,2024
Hamburg_Hbf,7050,16.949999,2024-05-07,513.1426094495015,0.0182978723404255,0.9628666377691084,1,2024
Hamburg_Hbf,6638,18.22,2024-05-08,430.2867658334611,0.0176257909008737,0.9638092317129274,2,2024
Hamburg_Hbf,6079,19.21,2024-05-09,387.4038461538461,0.0077315347919065,0.9520888594164456,3,2024
Hamburg_Hbf,8169,18.96,2024-05-10,421.3624583487597,0.008079324274697,0.96458101937554,4,2024
Hamburg_Hbf,7192,20.24,2024-05-11,514.9081589064502,0.0234983314794215,0.974512316673786,5,2024
Hamburg_Hbf,7815,20.8,2024-05-12,849.8400629260619,0.0239283429302623,0.974042999475616,6,2024
Hamburg_Hbf,7416,25.35,2024-05-13,572.3198667221991,0.0287216828478964,0.9675135360266556,0,2024
Hamburg_Hbf,8156,25.47,2024-05-14,644.7694595934556,0.0107896027464443,0.9785572632622708,1,2024
Hamburg_Hbf,6896,25.98,2024-05-15,492.3127035830619,0.0205916473317865,0.972756884809002,2,2024
Hamburg_Hbf,8355,26.349998,2024-05-16,842.940205662054,0.057211250748055,0.97435571918243,3,2024
Hamburg_Hbf,8377,25.779999,2024-05-17,872.087695529006,0.0307986152560582,0.9772139426037688,4,2024
Hamburg_Hbf,6558,23.109999,2024-05-18,481.9938176197836,0.0134187252211039,0.9714064914992272,5,2024
Hamburg_Hbf,6976,21.67,2024-05-19,644.5629370629371,0.0160550458715596,0.967074592074592,6,2024
Hamburg_Hbf,6754,21.89,2024-05-20,522.7271362066376,0.0140657388214391,0.957350953596636,0,2024
Hamburg_Hbf,7897,23.269999,2024-05-21,667.6160749122123,0.0263391161200455,0.9646247886591234,1,2024
Hamburg_Hbf,7720,19.49,2024-05-22,390.9389794844819,0.0150259067357512,0.9690952130457654,2,2024
Hamburg_Hbf,8643,21.359999,2024-05-23,527.962096396818,0.0109915538586139,0.9797613476836688,3,2024
Hamburg_Hbf,9009,22.65,2024-05-24,422.2046542701258,0.0031080031080031,0.9750584567420107,4,2024
Hamburg_Hbf,7153,20.73,2024-05-25,805.776574522656,0.0188732000559205,0.9733542319749215,5,2024
Hamburg_Hbf,8779,23.66,2024-05-26,777.6587393211729,0.0133272582298667,0.975178942507504,6,2024
Hamburg_Hbf,9485,22.51,2024-05-27,826.1795944641133,0.0172904586188719,0.9797232056646282,0,2024
Hamburg_Hbf,10759,17.55,2024-05-28,781.7829021372329,0.0084580351333767,0.9813460817397824,1,2024
Hamburg_Hbf,6988,18.23,2024-05-29,627.0096181871174,0.0180309101316542,0.9873214806178956,2,2024
Hamburg_Hbf,2867,21.06,2024-05-30,599.9361928394186,0.0160446459713986,0.979085430698334,3,2024
Hamburg_Hbf,10870,19.91,2024-05-31,723.4597112249651,0.0124195032198712,0.9875174662319516,4,2024
Hamburg_Hbf,9081,24.699999,2024-06-01,909.8176907494936,0.0214734060125536,0.9814314652261984,5,2024
Hamburg_Hbf,8990,17.72,2024-06-02,1090.1596351197263,0.0244716351501668,0.9787913340935006,6,2024
Hamburg_Hbf,11022,16.99,2024-06-03,1172.6635909989643,0.0363817818907639,0.9860653422464928,0,2024
Hamburg_Hbf,11145,18.789999,2024-06-04,1123.388222160201,0.0355316285329744,0.9805563308214718,1,2024
Hamburg_Hbf,9932,17.68,2024-06-05,1424.6592317224288,0.0249697946033024,0.9819289549772822,2,2024
Hamburg_Hbf,11697,18.369999,2024-06-06,1469.613415710503,0.031375566384543,0.9867608120035304,3,2024
Hamburg_Hbf,10889,18.13,2024-06-07,1598.223116733755,0.0417852879052254,0.985719762315507,4,2024
Hamburg_Hbf,8251,20.369999,2024-06-08,1555.2099886492622,0.0390255726578596,0.9790641947282128,5,2024
Hamburg_Hbf,8476,16.199999,2024-06-09,963.6928746928749,0.0396413402548371,0.9815724815724816,6,2024
Hamburg_Hbf,9868,15.87,2024-06-10,1294.691435768262,0.0344548034049452,0.9794290512174644,0,2024
Hamburg_Hbf,11416,15.28,2024-06-11,1111.0799892270402,0.0242641906096706,0.9876110961486668,1,2024
Hamburg_Hbf,10723,14.95,2024-06-12,1181.3925501432664,0.0235941434300102,0.98414517669532,2,2024
Hamburg_Hbf,10280,14.75,2024-06-13,744.5465299684543,0.0132295719844357,0.9807768138801262,3,2024
Hamburg_Hbf,11920,21.18,2024-06-14,704.9845784784098,0.0208053691275167,0.9844071281699794,4,2024
Hamburg_Hbf,8918,17.96,2024-06-15,797.0474879559532,0.0224265530387979,0.980614819912824,5,2024
Hamburg_Hbf,8512,20.949999,2024-06-16,471.03126122888966,0.0191494360902255,0.9696969696969696,6,2024
Hamburg_Hbf,11123,22.01,2024-06-17,635.8547403437442,0.02706104468219,0.9817039364257992,0,2024
Hamburg_Hbf,10345,21.66,2024-06-18,824.2237762237762,0.0323827936201063,0.9825174825174824,1,2024
Hamburg_Hbf,11092,18.96,2024-06-19,908.3264405845052,0.0190227190768121,0.9812517231872072,2,2024
Hamburg_Hbf,10490,21.84,2024-06-20,808.327485380117,0.0219256434699714,0.9816764132553606,3,2024
Hamburg_Hbf,13223,24.26,2024-06-21,1291.485521462764,0.0363003856915979,0.9833634152083496,4,2024
Hamburg_Hbf,8557,21.38,2024-06-22,868.6782673084043,0.0530559775622297,0.978032827347896,5,2024
Hamburg_Hbf,7626,21.9,2024-06-23,660.5314722855992,0.0229478101232625,0.971681653469333,6,2024
Hamburg_Hbf,9565,24.16,2024-06-24,705.8208636169303,0.0218504966021955,0.9772338606241984,0,2024
Hamburg_Hbf,9910,27.56,2024-06-25,748.6848119675877,0.0286579212916246,0.9811967587783088,1,2024
Hamburg_Hbf,10443,29.019999,2024-06-26,894.6321365509123,0.0238437230680838,0.9836178144006278,2,2024
Hamburg_Hbf,11402,32.16,2024-06-27,940.0842182350788,0.0419224697421505,0.9840717685829368,3,2024
Hamburg_Hbf,12656,23.57,2024-06-28,521.7432410018245,0.0472503160556257,0.9805937966495272,4,2024
Hamburg_Hbf,9105,26.0,2024-06-29,617.8547410894419,0.0200988467874794,0.9748935216319212,5,2024
Hamburg_Hbf,9664,20.35,2024-06-30,560.1986475063399,0.0206953642384105,0.981508875739645,6,2024
Hamburg_Hbf,10766,18.74,2024-07-01,499.39376770538246,0.0163477614712985,0.9810198300283286,0,2024
Hamburg_Hbf,9754,17.4,2024-07-02,530.0799667670578,0.0128152552798851,0.9805794994288088,1,2024
Hamburg_Hbf,9774,17.369999,2024-07-03,570.7525762464869,0.017086146920401,0.9741854897470594,2,2024
Hamburg_Hbf,9901,18.369999,2024-07-04,678.3106099436186,0.0147459852540147,0.9761148129164532,3,2024
Hamburg_Hbf,8485,19.449999,2024-07-05,377.017376815044,0.0097819681791396,0.9696500833134968,4,2024
Hamburg_Hbf,8026,25.8,2024-07-06,558.8050632911393,0.0156989783204585,0.9654430379746836,5,2024
Hamburg_Hbf,6952,21.08,2024-07-07,527.0175438596491,0.0161104718066743,0.9657894736842104,6,2024
Hamburg_Hbf,9351,22.529999,2024-07-08,532.2266139657444,0.0259865255052935,0.9760649978041284,0,2024
Hamburg_Hbf,8758,29.41,2024-07-09,813.8584872777972,0.0172413793103448,0.981991402346927,1,2024
Hamburg_Hbf,10605,25.65,2024-07-10,849.9487576138451,0.0247053276756247,0.9820168229720584,2,2024
Hamburg_Hbf,8595,24.18,2024-07-11,614.7189819724284,0.012565445026178,0.976316719688936,3,2024
Hamburg_Hbf,8621,23.07,2024-07-12,554.5978222690552,0.0092796659320264,0.9755297974476056,4,2024
Hamburg_Hbf,7101,19.58,2024-07-13,510.6941092973741,0.0078862132094071,0.9669268985095812,5,2024
Hamburg_Hbf,6139,22.109999,2024-07-14,363.3262260127932,0.0068415051311288,0.9709693291782844,6,2024
Hamburg_Hbf,8113,24.82,2024-07-15,459.31344401448007,0.0125724146431652,0.977655723380352,0,2024
Hamburg_Hbf,8024,25.06,2024-07-16,771.9056822574411,0.0327766699900299,0.9787398531117124,1,2024
Hamburg_Hbf,7564,20.07,2024-07-17,784.1470466749278,0.0397937599153886,0.9753545366928268,2,2024
Hamburg_Hbf,7945,24.23,2024-07-18,778.8259526261586,0.022278162366268,0.9768280123583934,3,2024
Hamburg_Hbf,7750,27.439999,2024-07-19,937.0817843866172,0.0281290322580645,0.9774296335634626,4,2024
Hamburg_Hbf,6496,29.179998,2024-07-20,584.1511208653394,0.0180110837438423,0.9725662329518734,5,2024
Hamburg_Hbf,6123,31.05,2024-07-21,483.1850504382338,0.0124122162338722,0.9644451794278156,6,2024
Hamburg_Hbf,7582,20.949999,2024-07-22,668.0295566502463,0.0361382221049854,0.9746852764094144,0,2024
Hamburg_Hbf,7087,23.17,2024-07-23,669.3704077222302,0.0206011006067447,0.9711857081112232,1,2024
Hamburg_Hbf,7211,20.779999,2024-07-24,529.2027729636048,0.0398003050894466,0.9703928365106874,2,2024
Hamburg_Hbf,7539,23.519999,2024-07-25,713.4238761374439,0.0233452712561347,0.9679478473448324,3,2024
Hamburg_Hbf,6489,21.98,2024-07-26,414.4878663725181,0.022037293881954,0.960605105578317,4,2024
Hamburg_Hbf,5316,23.68,2024-07-27,378.434218063777,0.0148607975921745,0.949207561581058,5,2024
Hamburg_Hbf,5352,21.96,2024-07-28,498.7393202961838,0.0158819133034379,0.9531042339092464,6,2024
Hamburg_Hbf,6868,23.789999,2024-07-29,505.6900149031297,0.0230052417006406,0.9581222056631892,0,2024
Hamburg_Hbf,6739,27.84,2024-07-30,354.8179356003611,0.0138002671019439,0.9532049352994282,1,2024
Hamburg_Hbf,6632,26.56,2024-07-31,451.6845543630425,0.0306091676718938,0.9538030797946804,2,2024
Hamburg_Hbf,6840,23.869999,2024-08-01,664.7957053385028,0.0195906432748538,0.962719952281539,3,2024
Hamburg_Hbf,5866,21.38,2024-08-02,409.893300682176,0.0254006137061029,0.9625677803043554,4,2024
Hamburg_Hbf,5736,25.91,2024-08-03,593.4835847382432,0.0176080892608089,0.94924578527063,5,2024
Hamburg_Hbf,5674,20.46,2024-08-04,527.7346278317152,0.0197391610856538,0.9528946422150306,6,2024
Hamburg_Hbf,5999,23.539999,2024-08-05,590.5431971029487,0.0333388898149691,0.9510260389722366,0,2024
Hamburg_Hbf,6837,28.039999,2024-08-06,602.1858598332818,0.0525084101213982,0.9590923124421118,1,2024
Hamburg_Hbf,5694,27.41,2024-08-07,318.3240624439261,0.0212504390586582,0.947783958370716,2,2024
Hamburg_Hbf,6967,23.449999,2024-08-08,712.128537735849,0.0262666858045069,0.9663915094339622,3,2024
Hamburg_Hbf,8095,22.33,2024-08-09,1173.961371698857,0.0597899938233477,0.9745105767967416,4,2024
Hamburg_Hbf,5536,24.09,2024-08-10,854.0178934526231,0.1116329479768786,0.9550630337535584,5,2024
Hamburg_Hbf,5340,23.439999,2024-08-11,531.7840841436793,0.0563670411985018,0.9615002976781108,6,2024
Hamburg_Hbf,6707,26.15,2024-08-12,490.2567998784379,0.018786342627106,0.9718887707035404,0,2024
Hamburg_Hbf,9625,31.05,2024-08-13,839.1918103448276,0.0358441558441558,0.9754310344827586,1,2024
Hamburg_Hbf,9477,22.38,2024-08-14,587.7095212479828,0.0192043895747599,0.9798816568047336,2,2024
Hamburg_Hbf,8657,25.1,2024-08-15,401.06272189349113,0.0239112856647799,0.9705325443786982,3,2024
Hamburg_Hbf,8821,22.34,2024-08-16,645.6588072122053,0.0191588255299852,0.9682154415164124,4,2024
Hamburg_Hbf,6989,21.05,2024-08-17,411.98615318044136,0.008012591214766,0.9596134429539882,5,2024
Hamburg_Hbf,6984,20.9,2024-08-18,670.0362371358168,0.0121706758304696,0.9546311059573852,6,2024
Hamburg_Hbf,6815,21.88,2024-08-19,494.2155237377543,0.0264123257520176,0.9574981160512434,0,2024
Hamburg_Hbf,7689,25.57,2024-08-20,709.6355742665439,0.0114449213161659,0.9685567688462045,1,2024
Hamburg_Hbf,7823,19.34,2024-08-21,626.3403202707981,0.0181516042438962,0.977737273792475,2,2024
Hamburg_Hbf,6706,21.3,2024-08-22,477.3684210526316,0.0140172979421413,0.9665759225650332,3,2024
Hamburg_Hbf,8074,24.949999,2024-08-23,451.36759691880286,0.0191974238295764,0.9621164288420256,4,2024
Hamburg_Hbf,6261,28.63,2024-08-24,388.6239427456083,0.018048235106213,0.9560832791151594,5,2024
Hamburg_Hbf,6891,20.68,2024-08-25,606.5605658709108,0.0152372659991292,0.9541703507220748,6,2024
Hamburg_Hbf,8073,22.13,2024-08-26,612.3612705702258,0.0289855072463768,0.9720627631075393,0,2024
Hamburg_Hbf,6860,25.15,2024-08-27,462.3335804299481,0.0167638483965014,0.9578947368421052,1,2024
Hamburg_Hbf,6822,28.449999,2024-08-28,494.4216054013504,0.0230137789504544,0.9563390847711928,2,2024
Hamburg_Hbf,7325,30.869999,2024-08-29,776.7074187274243,0.0173378839590443,0.963323145318144,3,2024
Hamburg_Hbf,7085,20.15,2024-08-30,402.5784271594328,0.0146788990825688,0.9570262140094542,4,2024
Hamburg_Hbf,6193,21.939999,2024-08-31,330.11803278688524,0.0150169546261908,0.9421311475409836,5,2024
Hamburg_Hbf,5924,23.88,2024-09-01,342.14774281805745,0.012829169480081,0.9427154582763336,6,2024
Hamburg_Hbf,7619,24.98,2024-09-02,537.3463764122348,0.0473815461346633,0.9669330394047948,0,2024
Hamburg_Hbf,7476,28.68,2024-09-03,415.90100770598696,0.097378277153558,0.966212211025489,1,2024
Hamburg_Hbf,7460,28.01,2024-09-04,425.7420249653259,0.1301608579088471,0.9651718292494992,2,2024
Hamburg_Hbf,7392,30.9,2024-09-05,597.1264874394006,0.0791396103896103,0.959747318936389,3,2024
Hamburg_Hbf,6542,29.039999,2024-09-06,589.9627421758569,0.179455823907062,0.9513785394932937,4,2024
Hamburg_Hbf,6809,29.58,2024-09-07,1006.5154639175256,0.2164781906300484,0.9651358950328024,5,2024
Hamburg_Hbf,6794,27.859999,2024-09-08,614.7551020408164,0.1345304680600529,0.9617346938775512,6,2024
Hamburg_Hbf,7203,20.76,2024-09-09,480.84057971014494,0.1378592253227821,0.9502415458937198,0,2024
Hamburg_Hbf,7199,17.93,2024-09-10,612.6854145417456,0.0466731490484789,0.942299286026519,1,2024
Hamburg_Hbf,7355,14.219999,2024-09-11,564.018302828619,0.0194425560842963,0.9606211869107044,2,2024
Hamburg_Hbf,7672,15.66,2024-09-12,598.4095801937567,0.0312825860271115,0.9533100107642628,3,2024
Hamburg_Hbf,7539,16.59,2024-09-13,711.5095114273984,0.0307733121103594,0.9609963049130972,4,2024
Hamburg_Hbf,5821,16.789999,2024-09-14,303.2588194201886,0.016320219893489,0.952497380370241,5,2024
Hamburg_Hbf,5980,18.779999,2024-09-15,521.0859574468085,0.0175585284280936,0.9448510638297872,6,2024
Hamburg_Hbf,6884,19.119999,2024-09-16,542.6122203873292,0.0323939570017431,0.9525596757243656,0,2024
Hamburg_Hbf,6906,20.66,2024-09-17,683.2371983519718,0.015928178395598,0.9562978222483814,1,2024
Hamburg_Hbf,7021,21.71,2024-09-18,648.8685813751088,0.0180885913687508,0.9592399187699449,2,2024
Hamburg_Hbf,7812,20.66,2024-09-19,787.3117440499415,0.0157450076804915,0.9676160749122122,3,2024
Hamburg_Hbf,7935,23.529999,2024-09-20,628.6872586872587,0.0207939508506616,0.9652509652509652,4,2024
Hamburg_Hbf,5858,23.119999,2024-09-21,412.3004201680672,0.0249231819733697,0.9558823529411764,5,2024
Hamburg_Hbf,7104,23.64,2024-09-22,680.3003003003003,0.015625,0.9575289575289576,6,2024
Hamburg_Hbf,7311,22.88,2024-09-23,483.6433447098976,0.0381616741895773,0.9543515358361776,0,2024
Hamburg_Hbf,7615,17.98,2024-09-24,510.3080410721429,0.0152330925804333,0.963061741565542,1,2024
Hamburg_Hbf,7709,16.14,2024-09-25,504.6752900386719,0.027240887274614,0.964528603813842,2,2024
Hamburg_Hbf,8863,19.449999,2024-09-26,620.9271523178808,0.0288841250141035,0.9692111072382944,3,2024
Hamburg_Hbf,8292,17.23,2024-09-27,834.8756279867663,0.01579835986493,0.9713270432545033,4,2024
Hamburg_Hbf,5730,12.84,2024-09-28,428.9021739130435,0.0366492146596858,0.9570652173913043,5,2024
Hamburg_Hbf,7160,15.79,2024-09-29,668.086537055986,0.0445530726256983,0.9584856015202456,6,2024
Hamburg_Hbf,6995,15.12,2024-09-30,594.2690739662202,0.0181558255897069,0.9720442632498544,0,2024
Hamburg_Hbf,163,10.599999,2024-10-01,1638.0368098159508,0.0,0.9079754601226994,1,2024
Hamburg_Hbf,6077,26.31,2025-05-01,640.2173549573649,0.0157972683890077,0.9578665774954022,3,2025
Hamburg_Hbf,6705,23.32,2025-05-02,731.6616130988477,0.0162565249813571,0.9589144936325046,4,2025
Hamburg_Hbf,5204,16.55,2025-05-03,493.7258687258688,0.0046118370484242,0.951930501930502,5,2025
Hamburg_Hbf,5980,12.08,2025-05-04,414.65725806451616,0.0046822742474916,0.9591733870967742,6,2025
Hamburg_Hbf,7265,12.95,2025-05-05,549.1481687014428,0.0078458362009635,0.9622641509433962,0,2025
Hamburg_Hbf,6679,15.87,2025-05-06,553.1914893617021,0.0077855966462045,0.9624264373019464,1,2025
Hamburg_Hbf,6820,17.289999,2025-05-07,810.7132243684993,0.0131964809384164,0.9659732540861812,2,2025
Hamburg_Hbf,6160,17.47,2025-05-08,918.1590647126626,0.0141233766233766,0.965750041165816,3,2025
Hamburg_Hbf,6157,19.4,2025-05-09,715.1423399703801,0.0129933409127822,0.9672535790686194,4,2025
Hamburg_Hbf,5055,19.98,2025-05-10,489.3529763089787,0.0063303659742828,0.9554051363726856,5,2025
Hamburg_Hbf,5249,21.13,2025-05-11,547.8999037536092,0.0102876738426366,0.9538017324350336,6,2025
Hamburg_Hbf,5304,17.699999,2025-05-12,816.729079098204,0.0131975867269984,0.969430645777608,0,2025
Hamburg_Hbf,8193,21.57,2025-05-13,831.2833108191085,0.0061027706578786,0.9662286626550411,1,2025
Hamburg_Hbf,11054,16.92,2025-05-14,951.0096640589048,0.0170978831192328,0.972020248504372,2,2025
Hamburg_Hbf,8768,17.89,2025-05-15,671.6740498950804,0.021669708029197,0.9618792259267894,3,2025
Hamburg_Hbf,9839,18.34,2025-05-16,873.3443027560675,0.0116881796930582,0.9731591937474292,4,2025
Hamburg_Hbf,7584,19.56,2025-05-17,656.0275080906149,0.0221518987341772,0.9577939590075512,5,2025
Hamburg_Hbf,6114,19.189999,2025-05-18,551.3765718067505,0.0114491331370624,0.9515221707478492,6,2025
Hamburg_Hbf,8179,21.73,2025-05-19,666.3810930576071,0.0067245384521335,0.9596258000984736,0,2025
Hamburg_Hbf,6751,23.05,2025-05-20,828.4615384615385,0.0179232706265738,0.9607843137254902,1,2025
Hamburg_Hbf,8740,16.779999,2025-05-21,981.1519295399236,0.0127002288329519,0.9678989454166184,2,2025
Hamburg_Hbf,9745,12.13,2025-05-22,797.6393099843178,0.0184710107747562,0.9652901202300052,3,2025
Hamburg_Hbf,9688,15.219999,2025-05-23,1098.5184397916887,0.0287985136251032,0.9605696673397812,4,2025
Hamburg_Hbf,8409,19.789999,2025-05-24,634.0546369518332,0.0074919728861933,0.9573448358495088,5,2025
Hamburg_Hbf,8716,19.49,2025-05-25,478.8440239963082,0.0055071133547498,0.9567374250115368,6,2025
Hamburg_Hbf,7837,18.66,2025-05-26,518.2212469342971,0.0114839862192165,0.952755905511811,0,2025
Hamburg_Hbf,8915,17.1,2025-05-27,552.852764218413,0.0118900729108244,0.9686684073107048,1,2025
Hamburg_Hbf,10816,17.91,2025-05-28,747.3876404494382,0.0125739644970414,0.9702247191011236,2,2025
Hamburg_Hbf,7367,18.08,2025-05-29,573.254794520548,0.0090946111035699,0.9484931506849316,3,2025
Hamburg_Hbf,9015,22.32,2025-05-30,589.3551688843398,0.0246256239600665,0.9596269760036392,4,2025
Hamburg_Hbf,7469,24.35,2025-05-31,548.5923515052889,0.0127192395233632,0.95904529427719,5,2025
Hamburg_Hbf,8367,23.91,2025-06-01,749.4265666586015,0.0120712322218238,0.9552383256714252,6,2025
Hamburg_Hbf,9542,20.199999,2025-06-02,763.9618138424821,0.0339551456717669,0.960620525059666,0,2025
Hamburg_Hbf,9155,22.59,2025-06-03,681.9113082039911,0.0147460404150737,0.9619733924611972,1,2025
Hamburg_Hbf,9350,23.189999,2025-06-04,915.808616583676,0.0119786096256684,0.963411993938082,2,2025
Hamburg_Hbf,8369,20.59,2025-06-05,868.8226744186046,0.0135022105388935,0.957000968992248,3,2025
Hamburg_Hbf,7516,19.859999,2025-06-06,656.6941925003384,0.0171633847791378,0.9501827534858536,4,2025
Hamburg_Hbf,6372,17.56,2025-06-07,660.6051873198847,0.019774011299435,0.9502081332052512,5,2025
Hamburg_Hbf,6140,15.0,2025-06-08,804.582563413405,0.0304560260586319,0.9457416428691416,6,2025
Hamburg_Hbf,7571,17.1,2025-06-09,578.7632746336873,0.0174349491480649,0.9502621320069902,0,2025
Hamburg_Hbf,6921,16.17,2025-06-10,512.2819873955738,0.0141598034966045,0.9683423713908836,1,2025
Hamburg_Hbf,6546,17.44,2025-06-11,620.4308741475511,0.0143599144515734,0.962492250464972,2,2025
Hamburg_Hbf,9131,23.24,2025-06-12,802.6733668341709,0.0192749972620742,0.969179229480737,3,2025
Hamburg_Hbf,8197,25.89,2025-06-13,901.6173520561686,0.026961083323167,0.9650200601805417,4,2025
Hamburg_Hbf,8039,29.98,2025-06-14,1092.422873370337,0.0363229257370319,0.972376403769201,5,2025
Hamburg_Hbf,9204,23.369999,2025-06-15,862.7395411605938,0.0338983050847457,0.971097615834458,6,2025
Hamburg_Hbf,8693,21.46,2025-06-16,721.6955139526669,0.0230070171402277,0.971388202048746,0,2025
Hamburg_Hbf,8896,24.789999,2025-06-17,496.6088056098402,0.0221447841726618,0.9695367283595816,1,2025
Hamburg_Hbf,8454,23.57,2025-06-18,517.6577229876722,0.021291696238467,0.9664007735073724,2,2025
Hamburg_Hbf,9536,19.48,2025-06-19,903.2744991878724,0.0315645973154362,0.9650243638332432,3,2025
Hamburg_Hbf,9349,21.859999,2025-06-20,669.3641238918682,0.0226762220558348,0.9589580825216154,4,2025
Hamburg_Hbf,9399,28.81,2025-06-21,824.9590566655748,0.0255346313437599,0.9794737416748552,5,2025
Hamburg_Hbf,9354,31.72,2025-06-22,1109.5784772900556,0.0184947615993158,0.9678684239189632,6,2025
Hamburg_Hbf,10760,21.63,2025-06-23,1187.7930043124102,0.0302044609665427,0.9814087206516532,0,2025
Hamburg_Hbf,10517,18.9,2025-06-24,630.6867998051632,0.0239612056670153,0.9796395518753044,1,2025
Hamburg_Hbf,8770,21.619999,2025-06-25,606.1819865709655,0.0150513112884834,0.965038203287798,2,2025
Hamburg_Hbf,8508,24.05,2025-06-26,902.091094820334,0.021979313587212,0.966470376156712,3,2025
Hamburg_Hbf,10227,20.43,2025-06-27,527.4251497005988,0.0202405397477266,0.9698602794411176,4,2025
Hamburg_Hbf,7197,25.119999,2025-06-28,406.73256142332673,0.0159788800889259,0.9550974301044902,5,2025
Hamburg_Hbf,8145,23.32,2025-06-29,871.7395651087228,0.0175567833026396,0.9601349662584354,6,2025
Hamburg_Hbf,12517,25.31,2025-06-30,932.4997967644908,0.0172565311176799,0.9726038533452565,0,2025
Hamburg_Hbf,12756,32.46,2025-07-01,1769.9651741293533,0.0545625587958607,0.9776119402985076,1,2025
Hamburg_Hbf,12641,35.0,2025-07-02,1531.7781347763591,0.0643936397436911,0.9749725205039316,2,2025
Hamburg_Hbf,11492,20.23,2025-07-03,1069.980827170638,0.0469021928297946,0.978362092577376,3,2025
Hamburg_Hbf,11855,23.25,2025-07-04,1282.65306122449,0.0410797132011809,0.974929627023223,4,2025
Hamburg_Hbf,9235,22.84,2025-07-05,808.3021360933715,0.0165674066053059,0.9650957938780004,5,2025
Hamburg_Hbf,8502,24.68,2025-07-06,729.3046198267565,0.0223476828981416,0.9596968238691048,6,2025
Hamburg_Hbf,8904,20.08,2025-07-07,753.114943859243,0.0297619047619047,0.9604120847320292,0,2025
Hamburg_Hbf,8280,18.52,2025-07-08,836.3375092114959,0.0166666666666666,0.969786293294031,1,2025
Hamburg_Hbf,6745,21.35,2025-07-09,909.1881248106636,0.0212008895478131,0.9633444410784612,2,2025
Hamburg_Hbf,8664,22.199999,2025-07-10,1212.8015239909514,0.0305863342566943,0.977497321109656,3,2025
Hamburg_Hbf,7922,23.43,2025-07-11,635.0270688321732,0.0207018429689472,0.9704820830110852,4,2025
Hamburg_Hbf,8083,22.21,2025-07-12,1003.504761904762,0.0257330199183471,0.9705396825396826,5,2025
Hamburg_Hbf,8585,22.039999,2025-07-13,1066.032158902814,0.0147932440302853,0.9637030030740128,6,2025
Hamburg_Hbf,9107,25.4,2025-07-14,1060.4402302742974,0.0272317997145053,0.9760695338074274,0,2025
Hamburg_Hbf,10297,21.49,2025-07-15,785.5787362086259,0.0317568223754491,0.957271815446339,1,2025
Hamburg_Hbf,7487,22.13,2025-07-16,763.7039075399009,0.02925070121544,0.9588607594936708,2,2025
Hamburg_Hbf,8156,21.039999,2025-07-17,671.7794172814805,0.019494850416871,0.9639864949356008,3,2025
Hamburg_Hbf,8861,24.609999,2025-07-18,792.9716710631953,0.0160252793138471,0.9480445005161142,4,2025
Hamburg_Hbf,7459,27.789999,2025-07-19,404.9126607989167,0.0099209009250569,0.9542315504400812,5,2025
Hamburg_Hbf,7829,29.039999,2025-07-20,454.9651432997677,0.0106016094009452,0.9471985540924348,6,2025
Hamburg_Hbf,10125,21.64,2025-07-21,618.1078352180937,0.0218271604938271,0.962843295638126,0,2025
Hamburg_Hbf,8758,20.09,2025-07-22,551.1360448807854,0.0230646266270838,0.9583917718560074,1,2025
Hamburg_Hbf,7504,18.869999,2025-07-23,524.8157248157248,0.0237206823027718,0.9565929565929566,2,2025
Hamburg_Hbf,9302,22.68,2025-07-24,789.2222101014509,0.0145130079552784,0.9678193520235628,3,2025
Hamburg_Hbf,9210,21.6,2025-07-25,675.1745334796926,0.01085776330076,0.9704720087815588,4,2025
Hamburg_Hbf,2248,23.96,2025-07-26,601.744966442953,0.0057829181494661,0.9431767337807606,5,2025
Hamburg_Hbf,2043,20.51,2025-07-27,713.8744257274119,0.0411160058737151,0.9545686574783052,6,2025
Hamburg_Hbf,2097,21.939999,2025-07-28,480.60030015007504,0.0467334287076776,0.950975487743872,0,2025
Hamburg_Hbf,2532,20.48,2025-07-29,879.1643002028397,0.0264612954186413,0.966734279918864,1,2025
Hamburg_Hbf,2383,19.51,2025-07-30,458.08089500860586,0.02475870751154,0.947934595524957,2,2025
Hamburg_Hbf,3123,20.619999,2025-07-31,728.8457807953444,0.0096061479346781,0.9628192693178144,3,2025
Hamburg_Hbf,2275,20.279999,2025-08-01,679.0062111801242,0.0092307692307692,0.94321206743567,4,2025
Hamburg_Hbf,1789,21.96,2025-08-02,470.4192992533027,0.0268306316377864,0.9442848937392304,5,2025
Hamburg_Hbf,1702,17.08,2025-08-03,259.1686460807601,0.0105757931844888,0.9382422802850356,6,2025
Hamburg_Hbf,5924,22.519999,2025-08-04,701.0543419389782,0.0649898717083052,0.9433110669795992,0,2025
Hamburg_Hbf,8221,20.289999,2025-08-05,657.6920185440421,0.0291935287677898,0.9433654930459842,1,2025
Hamburg_Hbf,8535,20.18,2025-08-06,607.0200708382526,0.0076157000585823,0.955608028335301,2,2025
Hamburg_Hbf,8053,23.97,2025-08-07,508.76981132075474,0.0127902644977027,0.9491823899371068,3,2025
Hamburg_Hbf,8307,24.619999,2025-08-08,897.0760521781934,0.0217888527747682,0.9524981540733448,4,2025
Hamburg_Hbf,5654,26.029999,2025-08-09,338.35051546391753,0.0221082419525999,0.9332609875203473,5,2025
Hamburg_Hbf,6671,21.93,2025-08-10,620.3510914364219,0.0179883076000599,0.9430621279194016,6,2025
Hamburg_Hbf,6869,23.68,2025-08-11,427.17669560100046,0.0104818750909885,0.9490951890539944,0,2025
Hamburg_Hbf,7864,26.93,2025-08-12,746.438961038961,0.0208545269582909,0.9553246753246754,1,2025
Hamburg_Hbf,8295,30.65,2025-08-13,698.3227730152814,0.0296564195298372,0.9489377562430116,2,2025
Hamburg_Hbf,8135,32.52,2025-08-14,564.9388012618297,0.0258143822987092,0.9386750788643532,3,2025
Hamburg_Hbf,8653,26.359999,2025-08-15,1103.0409080160794,0.0225355368080434,0.9518798770394892,4,2025
Hamburg_Hbf,5814,20.67,2025-08-16,597.5152253349573,0.0115239078087375,0.9335305376718288,5,2025
Hamburg_Hbf,4984,23.08,2025-08-17,585.8351893095769,0.0090288924558587,0.9315650941486132,6,2025
Hamburg_Hbf,5521,24.6,2025-08-18,598.6227323213625,0.0215540662923383,0.9426138467234356,0,2025
Hamburg_Hbf,6168,23.59,2025-08-19,1251.0832232496698,0.0181582360570687,0.94501321003963,1,2025
Hamburg_Hbf,6143,22.699999,2025-08-20,599.0180195073566,0.0153019697216343,0.9358571664737974,2,2025
Hamburg_Hbf,7091,20.18,2025-08-21,561.2309010424104,0.0124100973064447,0.9403112951592176,3,2025
Hamburg_Hbf,6507,17.25,2025-08-22,609.0060851926978,0.0150607038573843,0.9238570759868936,4,2025
Hamburg_Hbf,5084,19.6,2025-08-23,492.3698959167334,0.017309205350118,0.922738190552442,5,2025
Hamburg_Hbf,4547,19.609999,2025-08-24,378.348095659876,0.006817681988124,0.9067759078830824,6,2025
Hamburg_Hbf,5067,19.46,2025-08-25,731.5036194415719,0.045786461417012,0.9348500517063082,0,2025
Hamburg_Hbf,6387,23.81,2025-08-26,786.3630573248407,0.0167527790825113,0.943471337579618,1,2025
Hamburg_Hbf,7824,25.539999,2025-08-27,631.7173800928314,0.0086912065439672,0.927797833935018,2,2025
Hamburg_Hbf,9454,22.81,2025-08-28,750.3386004514673,0.0159720753120372,0.9499086316242072,3,2025
Hamburg_Hbf,8015,23.3,2025-08-29,575.4424946345158,0.011728009981285,0.9534149728569624,4,2025
Hamburg_Hbf,6282,23.13,2025-08-30,386.17031474676463,0.0036612543775867,0.9325770889918518,5,2025
Hamburg_Hbf,6819,25.43,2025-08-31,780.5636743215032,0.0165713447719607,0.9448255293766776,6,2025
Hamburg_Hbf,5124,21.939999,2025-09-01,356.7567567567568,0.0179547228727556,0.9572734499205088,0,2025
Hamburg_Hbf,942,23.38,2025-09-02,0.0,0.0,1.0,1,2025
Hamburg_Hbf,952,24.39,2025-09-03,1.7647058823529411,0.0,0.9989495798319328,2,2025
Hamburg_Hbf,3565,24.07,2025-09-04,487.0849971477467,0.0165497896213183,0.9406731317741016,3,2025
Hamburg_Hbf,8802,21.33,2025-09-05,599.3592834998277,0.0105657805044308,0.9615340452405556,4,2025
Hamburg_Hbf,6978,22.81,2025-09-06,537.5352010451444,0.0127543708799082,0.9474524604441864,5,2025
Hamburg_Hbf,6929,23.8,2025-09-07,660.5391073795846,0.0202049357771684,0.9416703490941228,6,2025
Hamburg_Hbf,5549,24.48,2025-09-08,520.2236480293309,0.0169399891872409,0.9593033913840512,0,2025
Hamburg_Hbf,918,23.199999,2025-09-09,0.4580152671755725,0.0010893246187363,1.0,1,2025
Hamburg_Hbf,924,20.01,2025-09-10,0.0,0.0,1.0,2,2025
Hamburg_Hbf,931,20.939999,2025-09-11,0.0,0.0,1.0,3,2025
Hamburg_Hbf,967,19.6,2025-09-12,0.0,0.0,1.0,4,2025
Hamburg_Hbf,881,17.869999,2025-09-13,0.0,0.0,1.0,5,2025
Hamburg_Hbf,876,18.81,2025-09-14,0.0,0.0,1.0,6,2025
Hamburg_Hbf,934,20.82,2025-09-15,0.0,0.0,1.0,0,2025
Hamburg_Hbf,928,16.38,2025-09-16,0.0,0.0,1.0,1,2025
Hamburg_Hbf,918,18.609999,2025-09-17,4.052287581699346,0.0,0.9989106753812635,2,2025
Hamburg_Hbf,1163,20.789999,2025-09-18,372.7972027972028,0.0163370593293207,0.9632867132867132,3,2025
Hamburg_Hbf,952,22.81,2025-09-19,-0.0630252100840336,0.0,0.9989495798319328,4,2025
Hamburg_Hbf,782,27.91,2025-09-20,0.0,0.0,1.0,5,2025
Hamburg_Hbf,790,20.56,2025-09-21,0.0,0.0,1.0,6,2025
Hamburg_Hbf,939,15.57,2025-09-22,0.0,0.0,1.0,0,2025
Hamburg_Hbf,939,16.8,2025-09-23,0.0,0.0,1.0,1,2025
Hamburg_Hbf,919,17.09,2025-09-24,0.0,0.0,1.0,2,2025
Hamburg_Hbf,938,16.73,2025-09-25,0.0,0.0,1.0,3,2025
Hamburg_Hbf,983,15.99,2025-09-26,0.0,0.0,1.0,4,2025
Hamburg_Hbf,830,17.949999,2025-09-27,0.0,0.0,1.0,5,2025
Hamburg_Hbf,990,19.38,2025-09-28,369.13451511991656,0.0313131313131313,0.9468196037539104,6,2025
Hamburg_Hbf,7951,17.77,2025-09-29,448.39641943734017,0.0164759149792478,0.9402813299232736,0,2025
Hamburg_Hbf,8016,17.23,2025-09-30,445.36253776435046,0.0089820359281437,0.9327794561933536,1,2025
Hamburg_Hbf,485,14.98,2025-10-01,2117.19587628866,0.0,0.9835051546391752,2,2025
Hannover_Hbf,1150,15.639999,2022-05-01,205.7742782152231,0.0060869565217391,0.9615048118985128,6,2022
Hannover_Hbf,1309,19.73,2022-05-02,204.31432973805852,0.0084033613445378,0.9591679506933743,0,2022
Hannover_Hbf,1302,17.74,2022-05-03,439.3831168831169,0.053763440860215,0.9829545454545454,1,2022
Hannover_Hbf,1302,17.83,2022-05-04,353.12548713951674,0.0145929339477726,0.9696024941543258,2,2022
Hannover_Hbf,1304,19.47,2022-05-05,319.81220657277,0.0199386503067484,0.970266040688576,3,2022
Hannover_Hbf,1358,21.74,2022-05-06,357.48125937031483,0.0176730486008836,0.9685157421289357,4,2022
Hannover_Hbf,1262,21.789999,2022-05-07,420.6823720552396,0.0245641838351822,0.9601949634443542,5,2022
Hannover_Hbf,1164,18.38,2022-05-08,228.15652173913043,0.0120274914089347,0.9582608695652174,6,2022
Hannover_Hbf,1314,23.84,2022-05-09,318.5437645236251,0.017503805175038,0.967467079783114,0,2022
Hannover_Hbf,1305,25.56,2022-05-10,455.9619952494062,0.032183908045977,0.9714964370546318,1,2022
Hannover_Hbf,1305,25.82,2022-05-11,286.73929961089493,0.0153256704980842,0.9665369649805448,2,2022
Hannover_Hbf,1307,19.35,2022-05-12,484.7849882720876,0.0214231063504208,0.9718530101641908,3,2022
Hannover_Hbf,1358,18.33,2022-05-13,435.21259842519686,0.06480117820324,0.9645669291338582,4,2022
Hannover_Hbf,1262,20.74,2022-05-14,344.51290591174023,0.0483359746434231,0.9592006661115736,5,2022
Hannover_Hbf,1172,23.51,2022-05-15,658.9150090415914,0.0563139931740614,0.9593128390596743,6,2022
Hannover_Hbf,1307,25.189999,2022-05-16,446.2292490118577,0.0321346595256312,0.9644268774703556,0,2022
Hannover_Hbf,1298,23.779999,2022-05-17,321.48837209302326,0.0061633281972265,0.9589147286821704,1,2022
Hannover_Hbf,1300,28.43,2022-05-18,448.989819890368,0.0176923076923076,0.9678935003915426,2,2022
Hannover_Hbf,1304,28.72,2022-05-19,624.4147682639434,0.0237730061349693,0.9725058915946584,3,2022
Hannover_Hbf,1359,23.99,2022-05-20,940.4268292682926,0.0345842531272994,0.976371951219512,4,2022
Hannover_Hbf,1233,18.3,2022-05-21,310.46280991735534,0.0186536901865369,0.962809917355372,5,2022
Hannover_Hbf,1146,20.1,2022-05-22,310.3374777975133,0.0174520069808027,0.9564831261101244,6,2022
Hannover_Hbf,1284,24.85,2022-05-23,297.639653815893,0.0101246105919003,0.966955153422502,0,2022
Hannover_Hbf,1273,18.81,2022-05-24,332.9402390438247,0.01413982717989,0.9633466135458169,1,2022
Hannover_Hbf,1332,20.039999,2022-05-25,316.5045592705167,0.012012012012012,0.9582066869300911,2,2022
Hannover_Hbf,1157,20.13,2022-05-26,170.2191060473269,0.013828867761452,0.9316389132340052,3,2022
Hannover_Hbf,1259,17.67,2022-05-27,238.60016090104585,0.0127084988085782,0.9573612228479486,4,2022
Hannover_Hbf,1233,15.62,2022-05-28,188.32369942196533,0.0178426601784266,0.9265070189925682,5,2022
Hannover_Hbf,1148,13.58,2022-05-29,240.903454384411,0.0165505226480836,0.9211691762621788,6,2022
Hannover_Hbf,1285,14.57,2022-05-30,288.70866141732284,0.0116731517509727,0.9543307086614172,0,2022
Hannover_Hbf,1279,19.27,2022-05-31,371.39953088350273,0.0,0.9562157935887412,1,2022
Hannover_Hbf,1277,17.88,2022-06-01,374.4321766561514,0.0070477682067345,0.9755520504731862,2,2022
Hannover_Hbf,1281,19.939999,2022-06-02,807.5384615384615,0.0866510538641686,0.9794871794871794,3,2022
Hannover_Hbf,1350,24.019999,2022-06-03,395.6292388847023,0.017037037037037,0.9706103993971364,4,2022
Hannover_Hbf,1250,25.22,2022-06-04,268.5530546623794,0.0048,0.959807073954984,5,2022
Hannover_Hbf,1092,24.699999,2022-06-05,262.5830258302583,0.0073260073260073,0.9511070110701108,6,2022
Hannover_Hbf,1154,22.83,2022-06-06,266.8875326939843,0.0060658578856152,0.958151700087184,0,2022
Hannover_Hbf,1335,21.76,2022-06-07,288.1183611532625,0.0127340823970037,0.9681335356600912,1,2022
Hannover_Hbf,1321,23.1,2022-06-08,290.03808073115005,0.0060560181680545,0.9702970297029704,2,2022
Hannover_Hbf,1331,22.65,2022-06-09,297.54545454545456,0.0082644628099173,0.9621212121212122,3,2022
Hannover_Hbf,1382,22.949999,2022-06-10,395.1240875912409,0.0086830680173661,0.9766423357664232,4,2022
Hannover_Hbf,1249,25.66,2022-06-11,326.57851239669424,0.0312249799839871,0.9586776859504132,5,2022
Hannover_Hbf,1168,24.66,2022-06-12,491.5706806282722,0.0188356164383561,0.9781849912739964,6,2022
Hannover_Hbf,1313,19.17,2022-06-13,541.5058823529412,0.0289413556740289,0.9788235294117648,0,2022
Hannover_Hbf,1305,21.48,2022-06-14,336.8978955572876,0.0168582375478927,0.97116134060795,1,2022
Hannover_Hbf,1332,27.26,2022-06-15,531.9506553585196,0.0262762762762762,0.976869699306091,2,2022
Hannover_Hbf,1309,24.07,2022-06-16,442.29635376260666,0.0152788388082505,0.9689681923972072,3,2022
Hannover_Hbf,1340,25.57,2022-06-17,369.03614457831327,0.008955223880597,0.9728915662650602,4,2022
Hannover_Hbf,1178,31.859999,2022-06-18,620.4520795660036,0.0611205432937181,0.9701627486437612,5,2022
Hannover_Hbf,842,24.119999,2022-06-19,726.7584480600751,0.0510688836104513,0.9874843554443054,6,2022
Hannover_Hbf,1308,20.4,2022-06-20,504.2105263157895,0.0412844036697247,0.9808612440191388,0,2022
Hannover_Hbf,1298,23.64,2022-06-21,330.4278922345483,0.0277349768875192,0.9786053882725833,1,2022
Hannover_Hbf,1298,27.57,2022-06-22,527.4038461538462,0.0385208012326656,0.9743589743589745,2,2022
Hannover_Hbf,1300,31.88,2022-06-23,540.0485044462409,0.0484615384615384,0.978981406628941,3,2022
Hannover_Hbf,1344,27.3,2022-06-24,523.6363636363636,0.0424107142857142,0.9774669774669774,4,2022
Hannover_Hbf,1246,30.08,2022-06-25,306.33906633906633,0.0200642054574638,0.9582309582309584,5,2022
Hannover_Hbf,1171,27.91,2022-06-26,380.9000900090009,0.0512382578992314,0.9414941494149416,6,2022
Hannover_Hbf,1305,25.359999,2022-06-27,316.50592885375494,0.0306513409961685,0.9770750988142292,0,2022
Hannover_Hbf,1295,26.17,2022-06-28,371.4964370546318,0.0247104247104247,0.973871733966746,1,2022
Hannover_Hbf,1293,27.519999,2022-06-29,391.1547911547912,0.0556844547563805,0.9631449631449632,2,2022
Hannover_Hbf,1297,31.24,2022-06-30,411.67602245388935,0.038550501156515,0.9631114675220528,3,2022
Hannover_Hbf,1340,21.17,2022-07-01,506.5551330798479,0.0186567164179104,0.982509505703422,4,2022
Hannover_Hbf,1180,27.92,2022-07-02,304.8490230905862,0.0457627118644067,0.9511545293072824,5,2022
Hannover_Hbf,1148,29.439999,2022-07-03,329.4887892376682,0.0287456445993031,0.9596412556053812,6,2022
Hannover_Hbf,1231,25.4,2022-07-04,397.02564102564105,0.0495532087733549,0.95982905982906,0,2022
Hannover_Hbf,1223,23.949999,2022-07-05,474.6736292428199,0.0605069501226492,0.9686684073107048,1,2022
Hannover_Hbf,1219,21.33,2022-07-06,385.1351351351352,0.0287120590648072,0.985641891891892,2,2022
Hannover_Hbf,1227,19.17,2022-07-07,450.63291139240505,0.0342298288508557,0.978902953586498,3,2022
Hannover_Hbf,1265,21.56,2022-07-08,284.69135802469134,0.0395256916996047,0.9621399176954732,4,2022
Hannover_Hbf,1184,24.09,2022-07-09,360.0535236396075,0.0532094594594594,0.9527207850133808,5,2022
Hannover_Hbf,1146,19.67,2022-07-10,239.4080717488789,0.0270506108202443,0.9506726457399104,6,2022
Hannover_Hbf,1233,19.09,2022-07-11,241.87963726298435,0.016220600162206,0.967848309975268,0,2022
Hannover_Hbf,1223,28.24,2022-07-12,453.1578947368421,0.0367947669664758,0.970288624787776,1,2022
Hannover_Hbf,1219,31.529999,2022-07-13,359.2033195020747,0.0114848236259228,0.970954356846473,2,2022
Hannover_Hbf,1264,23.359999,2022-07-14,404.8421052631579,0.0229430379746835,0.979757085020243,3,2022
Hannover_Hbf,1300,19.779999,2022-07-15,405.130228887135,0.0253846153846153,0.9739542225730072,4,2022
Hannover_Hbf,1217,22.06,2022-07-16,235.87085811384875,0.0328677074774034,0.9643160577740016,5,2022
Hannover_Hbf,1146,25.34,2022-07-17,556.5911151405259,0.037521815008726,0.970081595648232,6,2022
Hannover_Hbf,1253,32.88,2022-07-18,392.7047146401985,0.0351157222665602,0.98014888337469,0,2022
Hannover_Hbf,1237,37.76,2022-07-19,637.8595890410959,0.0557801131770412,0.9820205479452054,1,2022
Hannover_Hbf,1239,39.42,2022-07-20,748.3018867924528,0.1444713478611783,0.9858490566037736,2,2022
Hannover_Hbf,1243,26.21,2022-07-21,437.33898305084745,0.0506838294448913,0.9788135593220338,3,2022
Hannover_Hbf,1277,19.279999,2022-07-22,447.1844660194175,0.0321064996084573,0.9805825242718448,4,2022
Hannover_Hbf,1208,24.07,2022-07-23,322.8475147430497,0.0173841059602649,0.9671440606571188,5,2022
Hannover_Hbf,1139,30.789999,2022-07-24,283.73881932021465,0.0184372256365232,0.9570661896243292,6,2022
Hannover_Hbf,1258,33.66,2022-07-25,331.1631663974152,0.0158982511923688,0.974151857835218,0,2022
Hannover_Hbf,1248,21.89,2022-07-26,569.975349219392,0.0248397435897435,0.9704190632703368,1,2022
Hannover_Hbf,1244,21.98,2022-07-27,376.4309210526316,0.022508038585209,0.9679276315789472,2,2022
Hannover_Hbf,1252,24.619999,2022-07-28,348.1578947368421,0.0287539936102236,0.966282894736842,3,2022
Hannover_Hbf,1284,28.16,2022-07-29,416.5687053216839,0.0194704049844236,0.976965845909452,4,2022
Hannover_Hbf,1182,26.5,2022-07-30,506.273127753304,0.0397631133671742,0.9744493392070483,5,2022
Hannover_Hbf,1142,26.869999,2022-07-31,332.8455284552846,0.0306479859894921,0.9611562782294488,6,2022
Hannover_Hbf,1260,22.5,2022-08-01,285.46644844517186,0.0301587301587301,0.9754500818330606,0,2022
Hannover_Hbf,1247,28.15,2022-08-02,315.1,0.0376904570970328,0.9816666666666668,1,2022
Hannover_Hbf,1246,33.25,2022-08-03,535.8952702702703,0.0497592295345104,0.9704391891891893,2,2022
Hannover_Hbf,1248,36.489998,2022-08-04,482.0847457627119,0.0544871794871794,0.9796610169491524,3,2022
Hannover_Hbf,1286,21.14,2022-08-05,458.8676103247294,0.0660964230171073,0.9725228975853456,4,2022
Hannover_Hbf,1216,23.06,2022-08-06,421.1320754716981,0.084703947368421,0.9748427672955976,5,2022
Hannover_Hbf,1138,25.47,2022-08-07,297.709497206704,0.0562390158172231,0.9702048417132216,6,2022
Hannover_Hbf,1264,26.49,2022-08-08,450.6858594411516,0.0656645569620253,0.9644369178662152,0,2022
Hannover_Hbf,1254,28.39,2022-08-09,349.7142857142857,0.0510366826156299,0.9739495798319328,1,2022
Hannover_Hbf,1250,29.34,2022-08-10,467.0367207514944,0.0632,0.97267292912041,2,2022
Hannover_Hbf,1258,31.599998,2022-08-11,492.70110076206606,0.06120826709062,0.9729043183742592,3,2022
Hannover_Hbf,1291,31.279999,2022-08-12,450.3685503685504,0.0542215336948102,0.968058968058968,4,2022
Hannover_Hbf,1213,31.84,2022-08-13,263.5242290748899,0.0643033800494641,0.9559471365638766,5,2022
Hannover_Hbf,1138,32.59,2022-08-14,373.7240075614367,0.070298769771529,0.9706994328922496,6,2022
Hannover_Hbf,1260,31.519999,2022-08-15,722.2300884955753,0.1031746031746031,0.9716814159292037,0,2022
Hannover_Hbf,1253,30.63,2022-08-16,334.70737913486005,0.0590582601755786,0.9711620016963528,1,2022
Hannover_Hbf,1218,30.74,2022-08-17,372.3574468085106,0.035303776683087,0.9676595744680851,2,2022
Hannover_Hbf,1145,26.59,2022-08-18,373.9890710382514,0.0410480349344978,0.9635701275045536,3,2022
Hannover_Hbf,1180,27.279999,2022-08-19,424.7131509267432,0.0398305084745762,0.9682259488084732,4,2022
Hannover_Hbf,1117,25.43,2022-08-20,632.6462395543175,0.0358102059086839,0.9665738161559888,5,2022
Hannover_Hbf,1055,26.349998,2022-08-21,348.1075697211155,0.0483412322274881,0.953187250996016,6,2022
Hannover_Hbf,1229,28.81,2022-08-22,334.05128205128204,0.0480065093572009,0.9709401709401708,0,2022
Hannover_Hbf,1221,30.13,2022-08-23,340.7035175879397,0.0221130221130221,0.9656616415410384,1,2022
Hannover_Hbf,1217,31.89,2022-08-24,386.4824120603015,0.0188989317995069,0.9782244556113904,2,2022
Hannover_Hbf,1277,30.59,2022-08-25,474.4,0.0602975724353954,0.9725,3,2022
Hannover_Hbf,1314,30.279999,2022-08-26,486.9586374695864,0.0616438356164383,0.9797242497972424,4,2022
Hannover_Hbf,1262,22.25,2022-08-27,325.3923205342237,0.0507131537242472,0.976627712854758,5,2022
Hannover_Hbf,1185,23.34,2022-08-28,376.75531914893617,0.0481012658227848,0.976063829787234,6,2022
Hannover_Hbf,1312,24.18,2022-08-29,387.639902676399,0.0602134146341463,0.9724249797242498,0,2022
Hannover_Hbf,1302,24.57,2022-08-30,558.0929095354523,0.0576036866359447,0.9845150774246128,1,2022
Hannover_Hbf,1302,24.16,2022-08-31,449.7592295345104,0.043010752688172,0.9887640449438202,2,2022
Hannover_Hbf,1304,24.769999,2022-09-01,350.50632911392404,0.0306748466257668,0.9802215189873418,3,2022
Hannover_Hbf,1347,24.949999,2022-09-02,359.81595092024537,0.0319227913882702,0.9838957055214724,4,2022
Hannover_Hbf,1262,25.34,2022-09-03,333.0024410089504,0.0261489698890649,0.9715215622457284,5,2022
Hannover_Hbf,1185,27.08,2022-09-04,324.7244094488189,0.0354430379746835,0.9658792650918636,6,2022
Hannover_Hbf,1313,29.24,2022-09-05,416.3373493975904,0.0517897943640517,0.9799196787148594,0,2022
Hannover_Hbf,1305,25.93,2022-09-06,509.9755501222494,0.0597701149425287,0.982885085574572,1,2022
Hannover_Hbf,1303,26.98,2022-09-07,469.4678316123908,0.0337682271680736,0.9833200953137412,2,2022
Hannover_Hbf,1305,18.58,2022-09-08,483.1275060144346,0.0444444444444444,0.9903769045709704,3,2022
Hannover_Hbf,1349,21.96,2022-09-09,512.3506594259115,0.0444773906597479,0.9891388673390225,4,2022
Hannover_Hbf,1262,21.039999,2022-09-10,337.025472473295,0.0356576862123613,0.9728841413311422,5,2022
Hannover_Hbf,1189,20.52,2022-09-11,378.0364900086881,0.031959629941127,0.9678540399652475,6,2022
Hannover_Hbf,1313,23.619999,2022-09-12,295.2830188679245,0.0312261995430312,0.9842767295597484,0,2022
Hannover_Hbf,1305,21.369999,2022-09-13,290.7619047619048,0.0344827586206896,0.9793650793650792,1,2022
Hannover_Hbf,1300,17.99,2022-09-14,283.27868852459017,0.0146153846153846,0.9789227166276346,2,2022
Hannover_Hbf,1303,18.56,2022-09-15,431.5914489311164,0.0306983883346124,0.978622327790974,3,2022
Hannover_Hbf,1345,17.63,2022-09-16,341.0672853828306,0.0386617100371747,0.979891724671307,4,2022
Hannover_Hbf,1223,15.38,2022-09-17,216.87344913151364,0.0114472608340147,0.9735318444995864,5,2022
Hannover_Hbf,1149,13.009999,2022-09-18,328.23214285714283,0.0252393385552654,0.9767857142857144,6,2022
Hannover_Hbf,1309,16.69,2022-09-19,325.359375,0.0221543162719633,0.9734375,0,2022
Hannover_Hbf,1299,15.74,2022-09-20,319.90675990676,0.0092378752886836,0.9790209790209792,1,2022
Hannover_Hbf,1301,17.69,2022-09-21,394.0746624305004,0.03228285933897,0.9872915011914216,2,2022
Hannover_Hbf,1302,18.83,2022-09-22,380.5473025801408,0.0176651305683563,0.9788897576231432,3,2022
Hannover_Hbf,1375,18.48,2022-09-23,291.5068493150685,0.0443636363636363,0.9802130898021308,4,2022
Hannover_Hbf,1290,15.009999,2022-09-24,435.3658536585366,0.0465116279069767,0.9845528455284552,5,2022
Hannover_Hbf,1202,16.75,2022-09-25,400.9957081545064,0.0307820299500831,0.976824034334764,6,2022
Hannover_Hbf,1333,13.79,2022-09-26,326.0030627871363,0.0202550637659414,0.9777947932618682,0,2022
Hannover_Hbf,1321,12.469999,2022-09-27,250.74418604651163,0.0234670704012112,0.9868217054263566,1,2022
Hannover_Hbf,1319,10.969999,2022-09-28,286.3093415007657,0.0098559514783927,0.9831546707503828,2,2022
Hannover_Hbf,1323,15.33,2022-09-29,359.44954128440367,0.0113378684807256,0.9808868501529052,3,2022
Hannover_Hbf,1374,16.46,2022-09-30,386.64162283997,0.0312954876273653,0.9812171299774606,4,2022
Hannover_Hbf,19,16.72,2022-10-01,550.5882352941177,0.1052631578947368,1.0,5,2022
Hannover_Hbf,1220,20.17,2023-05-01,191.4795918367347,0.0360655737704918,0.9702380952380952,0,2023
Hannover_Hbf,1413,11.889999,2023-05-02,309.859363434493,0.0438782731776362,0.9740932642487048,1,2023
Hannover_Hbf,1405,15.57,2023-05-03,276.6348273328435,0.0313167259786476,0.9720793534166056,2,2023
Hannover_Hbf,1411,19.56,2023-05-04,166.6522678185745,0.0155917788802267,0.9661627069834412,3,2023
Hannover_Hbf,1444,20.25,2023-05-05,292.53774263120056,0.0367036011080332,0.9726815240833931,4,2023
Hannover_Hbf,1361,18.67,2023-05-06,186.23199393479908,0.0308596620132255,0.974981046247157,5,2023
Hannover_Hbf,1235,15.15,2023-05-07,334.9586776859504,0.020242914979757,0.9677685950413224,6,2023
Hannover_Hbf,1386,20.439999,2023-05-08,272.41581259150803,0.0144300144300144,0.9663250366032212,0,2023
Hannover_Hbf,1373,22.48,2023-05-09,257.2534142640364,0.0400582665695557,0.9779969650986344,1,2023
Hannover_Hbf,1371,18.0,2023-05-10,337.1320754716981,0.0335521517140773,0.9886792452830188,2,2023
Hannover_Hbf,1378,15.4,2023-05-11,347.34270910436715,0.0195936139332365,0.9851961509992598,3,2023
Hannover_Hbf,1415,22.56,2023-05-12,558.8269794721408,0.0360424028268551,0.9912023460410556,4,2023
Hannover_Hbf,1353,22.59,2023-05-13,271.854714064915,0.0436067997043606,0.9783616692426584,5,2023
Hannover_Hbf,1254,21.98,2023-05-14,254.0633019674936,0.0677830940988835,0.9486740804106074,6,2023
Hannover_Hbf,1431,20.64,2023-05-15,191.24132613723975,0.0936408106219427,0.9653045489591364,0,2023
Hannover_Hbf,1418,15.139999,2023-05-16,183.7020316027088,0.0627644569816643,0.979683972911964,1,2023
Hannover_Hbf,1458,13.719999,2023-05-17,402.26198997852543,0.041838134430727,0.987831066571224,2,2023
Hannover_Hbf,1213,16.88,2023-05-18,242.12299915754,0.021434460016488,0.974726200505476,3,2023
Hannover_Hbf,1383,19.9,2023-05-19,147.66493699036323,0.024584237165582,0.972572275759822,4,2023
Hannover_Hbf,1318,17.529999,2023-05-20,338.52084972462626,0.0356600910470409,0.969315499606609,5,2023
Hannover_Hbf,1192,25.689999,2023-05-21,455.4593639575972,0.0503355704697986,0.9646643109540636,6,2023
Hannover_Hbf,1370,27.029999,2023-05-22,384.969512195122,0.0423357664233576,0.9855182926829268,0,2023
Hannover_Hbf,1357,15.57,2023-05-23,344.1818181818182,0.0272660280029476,0.9901515151515152,1,2023
Hannover_Hbf,1357,14.179999,2023-05-24,242.39811912225704,0.0596904937361827,0.975705329153605,2,2023
Hannover_Hbf,1361,17.8,2023-05-25,286.23769871309617,0.02939015429831,0.9803179409538229,3,2023
Hannover_Hbf,1393,18.23,2023-05-26,310.425219941349,0.0208183776022972,0.9802052785923754,4,2023
Hannover_Hbf,1213,21.07,2023-05-27,330.9375,0.0502885408079142,0.9652777777777778,5,2023
Hannover_Hbf,1105,24.73,2023-05-28,414.4641192917055,0.0289592760180995,0.9599254426840632,6,2023
Hannover_Hbf,1109,20.17,2023-05-29,259.8165137614679,0.0171325518485121,0.9605504587155964,0,2023
Hannover_Hbf,1357,18.16,2023-05-30,212.5546345139412,0.0221075902726602,0.9630746043707612,1,2023
Hannover_Hbf,1354,24.65,2023-05-31,330.2043906131718,0.0243722304283604,0.9803179409538229,2,2023
Hannover_Hbf,1360,15.58,2023-06-01,366.0136674259681,0.0316176470588235,0.9749430523917996,3,2023
Hannover_Hbf,1394,19.82,2023-06-02,319.00073475385744,0.0236728837876614,0.9662013225569436,4,2023
Hannover_Hbf,1316,20.91,2023-06-03,280.87705559906027,0.0296352583586626,0.966327329678935,5,2023
Hannover_Hbf,1142,23.96,2023-06-04,273.13351498637604,0.0359019264448336,0.9582198001816532,6,2023
Hannover_Hbf,1339,25.99,2023-06-05,341.3949962092494,0.0149365197908887,0.9848369977255496,0,2023
Hannover_Hbf,1326,25.019999,2023-06-06,271.0604870384918,0.0399698340874811,0.9772191673212884,1,2023
Hannover_Hbf,1334,24.41,2023-06-07,326.86915887850466,0.0374812593703148,0.9828660436137072,2,2023
Hannover_Hbf,1004,26.8,2023-06-08,105.7523029682702,0.0268924302788844,0.969293756397134,3,2023
Hannover_Hbf,326,27.42,2023-06-13,317.602523659306,0.0276073619631901,0.9716088328075708,1,2023
Hannover_Hbf,1326,25.22,2023-06-14,268.26291079812205,0.0361990950226244,0.9788732394366196,2,2023
Hannover_Hbf,1330,26.019999,2023-06-15,223.45468628969792,0.0293233082706766,0.9852827265685516,3,2023
Hannover_Hbf,25,25.869999,2023-06-16,0.0,0.0,0.96,4,2023
Hannover_Hbf,623,27.56,2023-06-19,397.6627712854758,0.0385232744783306,0.986644407345576,0,2023
Hannover_Hbf,1320,28.779999,2023-06-20,312.36133122028525,0.0439393939393939,0.9881141045958796,1,2023
Hannover_Hbf,1330,28.109999,2023-06-21,399.2488262910798,0.0390977443609022,0.9859154929577464,2,2023
Hannover_Hbf,1334,27.519999,2023-06-22,457.38035264483625,0.1071964017991004,0.9773299748110832,3,2023
Hannover_Hbf,1390,23.6,2023-06-23,750.5688375927452,0.1273381294964028,0.9901071723000824,4,2023
Hannover_Hbf,1350,27.31,2023-06-24,369.5253682487725,0.0948148148148148,0.97708674304419,5,2023
Hannover_Hbf,1228,29.83,2023-06-25,393.2188841201717,0.0513029315960912,0.969098712446352,6,2023
Hannover_Hbf,1389,27.24,2023-06-26,464.2442748091603,0.0568754499640028,0.9809160305343512,0,2023
Hannover_Hbf,1376,22.88,2023-06-27,206.67166416791605,0.0305232558139534,0.9752623688155924,1,2023
Hannover_Hbf,1390,23.109999,2023-06-28,253.17507418397625,0.0302158273381294,0.9770029673590503,2,2023
Hannover_Hbf,1396,24.06,2023-06-29,311.9734904270987,0.0272206303724928,0.9734904270986744,3,2023
Hannover_Hbf,1437,22.51,2023-06-30,362.5,0.0313152400835073,0.978448275862069,4,2023
Hannover_Hbf,1369,20.56,2023-07-01,194.87603305785123,0.0277574872169466,0.9616829451540196,5,2023
Hannover_Hbf,1250,21.42,2023-07-02,293.6170212765957,0.0224,0.9582651391162028,6,2023
Hannover_Hbf,1405,20.64,2023-07-03,200.33093525179856,0.0106761565836298,0.9705035971223022,0,2023
Hannover_Hbf,1392,20.49,2023-07-04,264.77769404672193,0.0466954022988505,0.9819140919366992,1,2023
Hannover_Hbf,1392,20.41,2023-07-05,351.8057663125948,0.0531609195402298,0.9749620637329288,2,2023
Hannover_Hbf,1201,23.189999,2023-07-06,313.8501291989664,0.0333055786844296,0.9715762273901808,3,2023
Hannover_Hbf,1246,28.699999,2023-07-07,763.2139883430475,0.0361155698234349,0.9883430474604497,4,2023
Hannover_Hbf,1195,32.48,2023-07-08,308.06451612903226,0.0661087866108786,0.978494623655914,5,2023
Hannover_Hbf,1158,33.79,2023-07-09,569.2479108635098,0.0699481865284974,0.9730733519034356,6,2023
Hannover_Hbf,1210,26.09,2023-07-10,350.4266211604096,0.0314049586776859,0.9812286689419796,0,2023
Hannover_Hbf,1199,31.41,2023-07-11,363.9549002601908,0.0383653044203502,0.9757155247181266,1,2023
Hannover_Hbf,1197,25.16,2023-07-12,365.958904109589,0.0242272347535505,0.9777397260273972,2,2023
Hannover_Hbf,1201,23.369999,2023-07-13,399.86123156981785,0.0399666944213155,0.9809193408499568,3,2023
Hannover_Hbf,1241,27.0,2023-07-14,269.3069306930693,0.0233682514101531,0.9826732673267328,4,2023
Hannover_Hbf,1176,30.109999,2023-07-15,227.33275412684625,0.0212585034013605,0.9635099913119028,5,2023
Hannover_Hbf,1141,25.75,2023-07-16,258.92183288409706,0.0245398773006134,0.97214734950584,6,2023
Hannover_Hbf,1188,23.83,2023-07-17,332.6478149100257,0.0176767676767676,0.9785775492716366,0,2023
Hannover_Hbf,1178,25.5,2023-07-18,318.52313167259786,0.0458404074702886,0.9813167259786476,1,2023
Hannover_Hbf,1177,24.82,2023-07-19,292.25130890052355,0.0263381478334749,0.9677137870855148,2,2023
Hannover_Hbf,1181,22.15,2023-07-20,301.85840707964604,0.0431837425910245,0.9823008849557522,3,2023
Hannover_Hbf,1231,21.68,2023-07-21,364.7651579846285,0.0487408610885458,0.9743808710503844,4,2023
Hannover_Hbf,780,22.029999,2023-07-22,174.75806451612902,0.0461538461538461,0.9596774193548387,5,2023
Hannover_Hbf,1126,22.23,2023-07-23,174.67160037002776,0.0399644760213143,0.9574468085106383,6,2023
Hannover_Hbf,1188,22.96,2023-07-24,220.5928509154316,0.0345117845117845,0.97384481255449,0,2023
Hannover_Hbf,1178,19.96,2023-07-25,259.70227670753064,0.030560271646859,0.978108581436077,1,2023
Hannover_Hbf,1114,20.359999,2023-07-26,220.44568245125348,0.0332136445242369,0.9740018570102136,2,2023
Hannover_Hbf,1182,18.199999,2023-07-27,259.56747404844293,0.0219966159052453,0.9792387543252596,3,2023
Hannover_Hbf,1252,25.789999,2023-07-28,449.69594594594594,0.0543130990415335,0.9746621621621622,4,2023
Hannover_Hbf,1195,25.359999,2023-07-29,237.48886910062333,0.0602510460251046,0.9679430097951914,5,2023
Hannover_Hbf,1166,22.05,2023-07-30,257.3076923076923,0.0188679245283018,0.9659090909090908,6,2023
Hannover_Hbf,1226,19.5,2023-07-31,454.37340153452686,0.0432300163132137,0.9820971867007672,0,2023
Hannover_Hbf,1215,20.14,2023-08-01,337.3670886075949,0.0246913580246913,0.9814345991561182,1,2023
Hannover_Hbf,1213,20.31,2023-08-02,365.2284263959391,0.0255564715581203,0.9780033840947546,2,2023
Hannover_Hbf,1217,21.09,2023-08-03,416.2216624685138,0.0213640098603122,0.982367758186398,3,2023
Hannover_Hbf,1266,22.4,2023-08-04,340.0159744408946,0.0110584518167456,0.9800319488817892,4,2023
Hannover_Hbf,1197,23.609999,2023-08-05,247.0103092783505,0.0275689223057644,0.972508591065292,5,2023
Hannover_Hbf,1162,22.4,2023-08-06,286.3324538258575,0.0215146299483648,0.9700967458223396,6,2023
Hannover_Hbf,1210,18.68,2023-08-07,397.8005115089514,0.0305785123966942,0.9812446717817562,0,2023
Hannover_Hbf,1195,19.289999,2023-08-08,516.4452113891285,0.0301255230125523,0.9715271786022434,1,2023
Hannover_Hbf,1195,21.26,2023-08-09,275.5344827586207,0.0292887029288702,0.9724137931034482,2,2023
Hannover_Hbf,1199,22.34,2023-08-10,264.0,0.0200166805671392,0.9787234042553192,3,2023
Hannover_Hbf,1250,29.16,2023-08-11,308.72006606110654,0.0312,0.976878612716763,4,2023
Hannover_Hbf,1197,26.05,2023-08-12,234.14634146341464,0.0409356725146198,0.9590592334494772,5,2023
Hannover_Hbf,1162,25.26,2023-08-13,344.6866485013624,0.0524956970740103,0.9673024523160764,6,2023
Hannover_Hbf,1208,28.609999,2023-08-14,308.8020833333333,0.0463576158940397,0.9782986111111112,0,2023
Hannover_Hbf,1197,26.22,2023-08-15,511.9060052219321,0.0401002506265664,0.9782419495213228,1,2023
Hannover_Hbf,1197,24.289999,2023-08-16,336.4808362369338,0.0409356725146198,0.975609756097561,2,2023
Hannover_Hbf,1201,18.359999,2023-08-17,508.1665190434013,0.0599500416319733,0.983170947741364,3,2023
Hannover_Hbf,1244,30.01,2023-08-18,343.43589743589746,0.0594855305466238,0.9752136752136752,4,2023
Hannover_Hbf,1198,31.699999,2023-08-19,323.8819320214669,0.0667779632721202,0.9704830053667264,5,2023
Hannover_Hbf,1155,29.05,2023-08-20,466.5582655826559,0.0415584415584415,0.974706413730804,6,2023
Hannover_Hbf,1210,26.31,2023-08-21,298.08290155440415,0.0429752066115702,0.9801381692573402,0,2023
Hannover_Hbf,1197,26.16,2023-08-22,249.44922547332183,0.0292397660818713,0.9698795180722892,1,2023
Hannover_Hbf,1197,25.689999,2023-08-23,343.7075718015666,0.0401002506265664,0.9747606614447344,2,2023
Hannover_Hbf,1201,28.66,2023-08-24,451.8700614574188,0.0516236469608659,0.9754170324846356,3,2023
Hannover_Hbf,1243,24.46,2023-08-25,438.1016949152543,0.0506838294448913,0.9779661016949152,4,2023
Hannover_Hbf,1197,22.189999,2023-08-26,230.43715846994536,0.0827067669172932,0.9717668488160291,5,2023
Hannover_Hbf,1154,21.21,2023-08-27,316.8065693430657,0.0502599653379549,0.9653284671532848,6,2023
Hannover_Hbf,1210,21.359999,2023-08-28,329.28327645051195,0.0314049586776859,0.9829351535836176,0,2023
Hannover_Hbf,1197,21.359999,2023-08-29,227.5257731958763,0.0275689223057644,0.9750859106529208,1,2023
Hannover_Hbf,1197,20.869999,2023-08-30,273.5495179666959,0.0467836257309941,0.9772129710780018,2,2023
Hannover_Hbf,1201,18.56,2023-08-31,348.3605150214592,0.0299750208159866,0.973390557939914,3,2023
Hannover_Hbf,1243,19.76,2023-09-01,348.2080924855491,0.0257441673370876,0.9777043765483072,4,2023
Hannover_Hbf,1145,23.09,2023-09-02,287.0652173913044,0.0358078602620087,0.9646739130434784,5,2023
Hannover_Hbf,1115,22.22,2023-09-03,302.4952741020794,0.0511210762331838,0.9584120982986768,6,2023
Hannover_Hbf,1139,25.76,2023-09-04,268.8689407540395,0.0219490781387181,0.9721723518850988,0,2023
Hannover_Hbf,1125,30.4,2023-09-05,289.55087076076995,0.0302222222222222,0.9780018331805684,1,2023
Hannover_Hbf,1164,31.01,2023-09-06,403.1233362910381,0.031786941580756,0.974267968056788,2,2023
Hannover_Hbf,1167,29.64,2023-09-07,374.8686514886165,0.0214224507283633,0.978984238178634,3,2023
Hannover_Hbf,1217,31.33,2023-09-08,394.2929720575783,0.0295809367296631,0.97883149872989,4,2023
Hannover_Hbf,1171,31.269999,2023-09-09,235.66458519179304,0.0426985482493595,0.9705619982158786,5,2023
Hannover_Hbf,1130,29.26,2023-09-10,604.2577030812325,0.0522123893805309,0.9794584500466852,6,2023
Hannover_Hbf,1176,31.32,2023-09-11,450.64516129032256,0.0510204081632653,0.9829749103942652,0,2023
Hannover_Hbf,1165,22.18,2023-09-12,493.1165311653117,0.0497854077253218,0.976513098464318,1,2023
Hannover_Hbf,1165,19.98,2023-09-13,413.5236396074933,0.0377682403433476,0.9848349687778768,2,2023
Hannover_Hbf,1169,19.039999,2023-09-14,312.9100529100529,0.029940119760479,0.9770723104056436,3,2023
Hannover_Hbf,1216,22.769999,2023-09-15,324.72666105971405,0.022203947368421,0.9789739276703112,4,2023
Hannover_Hbf,1166,25.92,2023-09-16,331.27433628318585,0.0308747855917667,0.968141592920354,5,2023
Hannover_Hbf,1131,28.099998,2023-09-17,379.55555555555554,0.0450928381962864,0.9685185185185186,6,2023
Hannover_Hbf,1173,23.66,2023-09-18,426.4173913043478,0.0196078431372549,0.98,0,2023
Hannover_Hbf,1160,20.05,2023-09-19,717.3045822102426,0.0405172413793103,0.9892183288409704,1,2023
Hannover_Hbf,1158,23.779999,2023-09-20,440.3035714285714,0.0328151986183074,0.98125,2,2023
Hannover_Hbf,1164,23.859999,2023-09-21,445.0480349344978,0.0163230240549828,0.9781659388646288,3,2023
Hannover_Hbf,1214,20.27,2023-09-22,366.84699915469145,0.0255354200988467,0.981403212172443,4,2023
Hannover_Hbf,1138,17.84,2023-09-23,347.778801843318,0.0465729349736379,0.9576036866359448,5,2023
Hannover_Hbf,1129,20.34,2023-09-24,396.5719523373052,0.0336581045172719,0.9633363886342804,6,2023
Hannover_Hbf,1373,21.369999,2023-09-25,282.81879194630875,0.0233066278222869,0.9806114839671888,0,2023
Hannover_Hbf,1360,24.13,2023-09-26,617.2039180765806,0.1742647058823529,0.9821905609973286,1,2023
Hannover_Hbf,1358,24.97,2023-09-27,351.22641509433964,0.0633284241531664,0.983490566037736,2,2023
Hannover_Hbf,1364,24.109999,2023-09-28,430.5716523101018,0.063782991202346,0.9843382928739232,3,2023
Hannover_Hbf,1408,24.619999,2023-09-29,378.7218045112782,0.0553977272727272,0.98796992481203,4,2023
Hannover_Hbf,1333,19.81,2023-09-30,334.3937007874016,0.0472618154538634,0.979527559055118,5,2023
Hannover_Hbf,20,21.539999,2023-10-01,1716.6666666666667,0.1,0.9444444444444444,6,2023
Hannover_Hbf,12540,25.73,2024-05-01,356.31904800192973,0.0082137161084529,0.9479778081530916,2,2024
Hannover_Hbf,13362,25.68,2024-05-02,437.7714070162203,0.0080077832659781,0.9533006412674464,3,2024
Hannover_Hbf,12887,17.539999,2024-05-03,379.6768149882904,0.0059750135795763,0.9501170960187354,4,2024
Hannover_Hbf,12205,18.01,2024-05-04,321.7475888220262,0.0060630888979926,0.9478196356442172,5,2024
Hannover_Hbf,10869,15.15,2024-05-05,307.0575118461396,0.0097525071303707,0.94639041159528,6,2024
Hannover_Hbf,13589,20.4,2024-05-06,477.9642857142857,0.0109647509014644,0.9622767857142858,0,2024
Hannover_Hbf,12583,17.789999,2024-05-07,366.7381219004959,0.0064372566160692,0.9511278195488722,1,2024
Hannover_Hbf,12389,20.3,2024-05-08,325.52450980392155,0.0120267979659375,0.9513888888888888,2,2024
Hannover_Hbf,11018,21.26,2024-05-09,575.2418396269544,0.0073516064621528,0.948614793819146,3,2024
Hannover_Hbf,12340,22.8,2024-05-10,323.7095579155347,0.0156401944894651,0.941960978019264,4,2024
Hannover_Hbf,10198,22.66,2024-05-11,310.6078334159643,0.0110806040400078,0.9548834903321765,5,2024
Hannover_Hbf,11393,22.41,2024-05-12,432.9464758876524,0.0062318967787237,0.9527468645115704,6,2024
Hannover_Hbf,12285,26.07,2024-05-13,532.8069738480698,0.0195360195360195,0.9634703196347032,0,2024
Hannover_Hbf,13895,26.26,2024-05-14,485.36237162211376,0.0119467434328895,0.9616141015368928,1,2024
Hannover_Hbf,12132,26.72,2024-05-15,401.846467737822,0.0304154302670623,0.951117912097254,2,2024
Hannover_Hbf,13396,24.59,2024-05-16,456.555023923445,0.0170946551209316,0.966355282144756,3,2024
Hannover_Hbf,12584,25.269999,2024-05-17,399.78046630878936,0.0081849968213604,0.9508853457255028,4,2024
Hannover_Hbf,11714,21.67,2024-05-18,368.1047446201711,0.0122076148198736,0.949874686716792,5,2024
Hannover_Hbf,9520,21.06,2024-05-19,259.55730552303925,0.0129201680672268,0.9453016920293712,6,2024
Hannover_Hbf,9479,22.439999,2024-05-20,243.7276975361088,0.0066462707036607,0.9385089209855564,0,2024
Hannover_Hbf,11945,25.449999,2024-05-21,318.5744518750529,0.0110506488070322,0.956319309235588,1,2024
Hannover_Hbf,12872,17.58,2024-05-22,541.5976051677958,0.0138284648850217,0.9597447613045532,2,2024
Hannover_Hbf,12992,21.88,2024-05-23,396.0495172843351,0.0113916256157635,0.9518062908751168,3,2024
Hannover_Hbf,13811,24.35,2024-05-24,383.5374545454545,0.0044167692419086,0.9601454545454544,4,2024
Hannover_Hbf,10956,23.14,2024-05-25,398.04594519789646,0.0106790799561883,0.9464895285542948,5,2024
Hannover_Hbf,13575,25.43,2024-05-26,672.9244444444445,0.005524861878453,0.9647407407407408,6,2024
Hannover_Hbf,13781,22.619999,2024-05-27,555.2724836212032,0.0253247224439445,0.9724538415723644,0,2024
Hannover_Hbf,13398,19.42,2024-05-28,539.0959089881715,0.009329750709061,0.967829428162435,1,2024
Hannover_Hbf,8436,19.91,2024-05-29,503.6757144565348,0.0086533902323376,0.9656821714695684,2,2024
Hannover_Hbf,3659,19.0,2024-05-30,434.403337969402,0.0174911177917463,0.964951321279555,3,2024
Hannover_Hbf,15425,19.65,2024-05-31,788.1159420289855,0.0203565640194489,0.973065978426312,4,2024
Hannover_Hbf,12955,25.3,2024-06-01,849.2123394926401,0.0141258201466615,0.9650798621985592,5,2024
Hannover_Hbf,13345,16.91,2024-06-02,979.5323161849268,0.0226301985762457,0.9698688951928236,6,2024
Hannover_Hbf,16631,16.119999,2024-06-03,823.8022113022113,0.0211051650532138,0.9824938574938576,0,2024
Hannover_Hbf,15268,19.81,2024-06-04,1019.1178239657822,0.0199764212732512,0.9816213326204638,1,2024
Hannover_Hbf,15092,18.6,2024-06-05,970.7617896009674,0.013649615690432,0.9827354561332796,2,2024
Hannover_Hbf,15625,20.43,2024-06-06,1012.0389863547758,0.01504,0.9801819363222872,3,2024
Hannover_Hbf,17870,20.939999,2024-06-07,1519.8167041328031,0.0291550083939563,0.9847253444002536,4,2024
Hannover_Hbf,14498,22.64,2024-06-08,1233.762016663106,0.0313836391226376,0.9727978352203944,5,2024
Hannover_Hbf,13607,19.97,2024-06-09,1056.4266180492252,0.0325567722495774,0.9759191735034944,6,2024
Hannover_Hbf,15107,15.15,2024-06-10,847.0681479474326,0.0228370953862447,0.970261482183986,0,2024
Hannover_Hbf,16424,16.779999,2024-06-11,1121.5881913303438,0.0224062347783731,0.9844294967613352,1,2024
Hannover_Hbf,15838,16.55,2024-06-12,790.5308352849337,0.0294229069326935,0.9765807962529274,2,2024
Hannover_Hbf,15301,18.73,2024-06-13,598.4671387914489,0.0125481994640873,0.9745184989079356,3,2024
Hannover_Hbf,16566,21.109999,2024-06-14,543.4636597622258,0.0149704213449233,0.9686236058340484,4,2024
Hannover_Hbf,13454,19.85,2024-06-15,651.2027180067951,0.0155344135573063,0.9717629294073236,5,2024
Hannover_Hbf,12358,21.49,2024-06-16,417.6939952872349,0.0041268813723903,0.9635979523848216,6,2024
Hannover_Hbf,15144,23.16,2024-06-17,455.9136920618008,0.0084521922873745,0.9716302610548748,0,2024
Hannover_Hbf,13905,23.779999,2024-06-18,474.6404940449934,0.0217907227615965,0.9738273783267166,1,2024
Hannover_Hbf,16290,20.91,2024-06-19,723.19043378705,0.0348680171884591,0.9705508205062968,2,2024
Hannover_Hbf,14735,21.91,2024-06-20,451.43013698630136,0.009161859518154,0.966917808219178,3,2024
Hannover_Hbf,19212,25.289999,2024-06-21,673.5170229612035,0.0138975640224859,0.9673792557403008,4,2024
Hannover_Hbf,12279,23.47,2024-06-22,452.81475941161807,0.0200342047397996,0.9610238510762072,5,2024
Hannover_Hbf,11265,23.72,2024-06-23,398.8380628412855,0.0083444296493564,0.9555993196669949,6,2024
Hannover_Hbf,13965,26.65,2024-06-24,548.657340640323,0.0069459362692445,0.9675511970002884,0,2024
Hannover_Hbf,16269,28.24,2024-06-25,591.207928197457,0.0138299834040199,0.9695213163799552,1,2024
Hannover_Hbf,16185,30.71,2024-06-26,751.7727015291674,0.0181649675625579,0.974891447989428,2,2024
Hannover_Hbf,15945,30.99,2024-06-27,671.2314332867843,0.0119786767011602,0.96927764377301,3,2024
Hannover_Hbf,16294,24.57,2024-06-28,577.7855448757958,0.0166932613231864,0.9738484583697417,4,2024
Hannover_Hbf,13562,28.49,2024-06-29,517.5212401252049,0.0106179029641645,0.9704874049783871,5,2024
Hannover_Hbf,15519,20.6,2024-06-30,496.0162017377671,0.0136606740125008,0.972888221075325,6,2024
Hannover_Hbf,16895,18.93,2024-07-01,403.2254983884446,0.0083456643977508,0.9712904381043332,0,2024
Hannover_Hbf,14412,17.41,2024-07-02,429.5382669196711,0.0126977518734388,0.973012861058402,1,2024
Hannover_Hbf,13971,17.14,2024-07-03,363.5553614326272,0.0167489800300622,0.9725558710053142,2,2024
Hannover_Hbf,15268,20.619999,2024-07-04,607.9503188097768,0.0138852501964893,0.9800743889479278,3,2024
Hannover_Hbf,14600,19.5,2024-07-05,342.7401227332276,0.0066438356164383,0.9773150382679444,4,2024
Hannover_Hbf,12095,26.22,2024-07-06,413.4937940288494,0.0141380735841256,0.9669573968466958,5,2024
Hannover_Hbf,11558,21.56,2024-07-07,383.9086694077509,0.0109880602180308,0.9666695827136732,6,2024
Hannover_Hbf,12788,24.47,2024-07-08,414.07711109358985,0.0082108226462308,0.9676732634234804,0,2024
Hannover_Hbf,13668,31.34,2024-07-09,1008.642968924659,0.018217734855136,0.975258961174454,1,2024
Hannover_Hbf,14504,26.939999,2024-07-10,628.7813745368104,0.0138582460011031,0.9700762077885758,2,2024
Hannover_Hbf,13284,24.939999,2024-07-11,442.08504801097394,0.0121951219512195,0.9659350708733424,3,2024
Hannover_Hbf,12917,24.26,2024-07-12,400.8609375,0.0090578307656576,0.97,4,2024
Hannover_Hbf,11261,20.25,2024-07-13,451.7523741265006,0.0087914039605718,0.9559218777996776,5,2024
Hannover_Hbf,9956,23.699999,2024-07-14,277.0369618196588,0.010847730012053,0.9464865962632006,6,2024
Hannover_Hbf,14579,27.46,2024-07-15,401.7328069810929,0.0096028534193017,0.9739594154719856,0,2024
Hannover_Hbf,13890,25.279999,2024-07-16,593.6629312239069,0.0170626349892008,0.97143484948363,1,2024
Hannover_Hbf,12991,21.82,2024-07-17,368.0423445162295,0.0110845970287121,0.9622479956410056,2,2024
Hannover_Hbf,14988,27.0,2024-07-18,526.6968509258007,0.0126768081131571,0.9691174483038248,3,2024
Hannover_Hbf,15783,28.49,2024-07-19,609.1943856950586,0.011404675917126,0.9754534384413254,4,2024
Hannover_Hbf,13864,31.14,2024-07-20,468.1660443663519,0.0147864974033467,0.9760597408302218,5,2024
Hannover_Hbf,11469,28.59,2024-07-21,339.1994357256216,0.0110733281018397,0.9587374360782932,6,2024
Hannover_Hbf,14114,23.35,2024-07-22,571.5391811182269,0.0153748051579991,0.9763977836943224,0,2024
Hannover_Hbf,15091,23.289999,2024-07-23,467.8943832303144,0.0137167848386455,0.973797366299382,1,2024
Hannover_Hbf,14148,22.33,2024-07-24,471.2375062917955,0.0170342097823013,0.9739699431940748,2,2024
Hannover_Hbf,14533,24.31,2024-07-25,520.8053504249687,0.0123167962567948,0.9746412149923366,3,2024
Hannover_Hbf,13565,23.9,2024-07-26,421.2273030460239,0.005307777368227,0.9703549988883124,4,2024
Hannover_Hbf,12198,23.18,2024-07-27,417.95901435327306,0.0118871946220691,0.9627478636024226,5,2024
Hannover_Hbf,10581,23.22,2024-07-28,423.8372093023256,0.0084113032794631,0.9535836828059474,6,2024
Hannover_Hbf,11538,25.24,2024-07-29,424.6267605633803,0.0154272837580169,0.9636443661971832,0,2024
Hannover_Hbf,13270,30.279999,2024-07-30,466.7088029241547,0.0103993971363978,0.9655802619555284,1,2024
Hannover_Hbf,14521,27.96,2024-07-31,521.6869492236676,0.0153570690723779,0.9740523150090922,2,2024
Hannover_Hbf,13999,28.599998,2024-08-01,520.5800261665939,0.0172155153939567,0.9696176769879344,3,2024
Hannover_Hbf,13541,25.05,2024-08-02,604.7476186904672,0.0153607562218447,0.9740493512337808,4,2024
Hannover_Hbf,10903,27.55,2024-08-03,485.27680059248286,0.0092635054572136,0.9652842066284022,5,2024
Hannover_Hbf,11858,21.97,2024-08-04,405.1169491525424,0.0048912126834204,0.9583898305084746,6,2024
Hannover_Hbf,13522,24.55,2024-08-05,625.6117381489842,0.0171572252625351,0.9748683220466516,0,2024
Hannover_Hbf,12438,28.99,2024-08-06,490.1236792530101,0.0184113201479337,0.9718240642149234,1,2024
Hannover_Hbf,13455,28.289999,2024-08-07,429.5662632488912,0.0112969156447417,0.9675261219273849,2,2024
Hannover_Hbf,14290,23.71,2024-08-08,918.4971343663766,0.0109867039888033,0.972405009552112,3,2024
Hannover_Hbf,13947,23.48,2024-08-09,543.0416546138271,0.00853230085323,0.9798235464275384,4,2024
Hannover_Hbf,11098,25.07,2024-08-10,508.6470368989937,0.0329789151198414,0.9665486395825568,5,2024
Hannover_Hbf,11004,26.3,2024-08-11,510.5210643015521,0.0163576881134133,0.9684959349593496,6,2024
Hannover_Hbf,13761,29.449999,2024-08-12,530.9641751437417,0.014170481796381,0.9711042311661506,0,2024
Hannover_Hbf,15192,33.829998,2024-08-13,624.7887135597754,0.0155344918378093,0.9705803690826424,1,2024
Hannover_Hbf,13766,27.01,2024-08-14,528.4747757023092,0.0122039808223158,0.9719076334755112,2,2024
Hannover_Hbf,11690,25.67,2024-08-15,402.0229805013928,0.0172797262617621,0.9608286908077994,3,2024
Hannover_Hbf,14382,25.26,2024-08-16,513.3403939843254,0.0152273675427617,0.9705570853632705,4,2024
Hannover_Hbf,12091,20.67,2024-08-17,399.5208978976464,0.0125713340501199,0.9636485467794622,5,2024
Hannover_Hbf,9696,18.5,2024-08-18,388.0496712929145,0.0116542904290429,0.9489721381613272,6,2024
Hannover_Hbf,13471,22.75,2024-08-19,450.2989130434783,0.0165540791329522,0.9685235507246376,0,2024
Hannover_Hbf,14117,26.349998,2024-08-20,475.8625162127108,0.0169299426223701,0.9670701830234903,1,2024
Hannover_Hbf,14655,20.59,2024-08-21,447.5245456444537,0.0200614124872057,0.9730520158763316,2,2024
Hannover_Hbf,12025,23.539999,2024-08-22,336.7241814662066,0.0119750519750519,0.9627135762982914,3,2024
Hannover_Hbf,13497,27.369999,2024-08-23,503.7279710799819,0.0162258279617692,0.973791233619521,4,2024
Hannover_Hbf,11335,30.84,2024-08-24,361.2488785214427,0.0166740185266872,0.962408038758299,5,2024
Hannover_Hbf,10324,21.58,2024-08-25,479.3504576321228,0.0157884540875629,0.9627989371124888,6,2024
Hannover_Hbf,16975,22.98,2024-08-26,511.2111968419164,0.015081001472754,0.979065733596507,0,2024
Hannover_Hbf,12936,26.8,2024-08-27,398.91714776096114,0.0091218305504019,0.9639569355593696,1,2024
Hannover_Hbf,12492,30.099998,2024-08-28,385.1587815942968,0.0118475824527697,0.9670285158781594,2,2024
Hannover_Hbf,13673,32.149998,2024-08-29,578.9370254577937,0.0174797045271703,0.974542206342117,3,2024
Hannover_Hbf,14829,20.289999,2024-08-30,459.5450819672131,0.0127452963787173,0.9703551912568306,4,2024
Hannover_Hbf,13833,22.73,2024-08-31,344.67869718309856,0.0145304706137497,0.9584800469483568,5,2024
Hannover_Hbf,10692,26.109999,2024-09-01,316.1821465918813,0.0161803217358772,0.9562696073771272,6,2024
Hannover_Hbf,13176,27.46,2024-09-02,437.8215527230591,0.0175318761384335,0.9651602935496332,0,2024
Hannover_Hbf,13985,29.13,2024-09-03,416.6974881689116,0.0178762960314622,0.9669457590098288,1,2024
Hannover_Hbf,13128,26.92,2024-09-04,436.0689225011695,0.0230042656916514,0.9635895836581942,2,2024
Hannover_Hbf,13416,30.91,2024-09-05,444.6784067719749,0.0137895050685748,0.964704103998186,3,2024
Hannover_Hbf,15217,27.73,2024-09-06,367.1518945195445,0.0131431951107314,0.9609775587667312,4,2024
Hannover_Hbf,13356,29.72,2024-09-07,637.1433048656272,0.0443995208146151,0.9660738070986444,5,2024
Hannover_Hbf,13706,26.65,2024-09-08,1010.247491638796,0.0183131475266306,0.97123745819398,6,2024
Hannover_Hbf,13705,21.99,2024-09-09,454.2462703184146,0.0169281284202845,0.9689007644919468,0,2024
Hannover_Hbf,15380,18.49,2024-09-10,540.4372534599185,0.0275032509752925,0.974526977335027,1,2024
Hannover_Hbf,14711,16.14,2024-09-11,486.35663181067696,0.0118958602406362,0.97268849752339,2,2024
Hannover_Hbf,13724,15.599999,2024-09-12,514.596558884604,0.0174876129408335,0.9685553248294276,3,2024
Hannover_Hbf,13942,16.81,2024-09-13,480.8002899601305,0.0105436809639936,0.9688292859731786,4,2024
Hannover_Hbf,12029,17.52,2024-09-14,275.7870606214977,0.0208662399201928,0.9697741552046188,5,2024
Hannover_Hbf,10584,18.82,2024-09-15,452.3673625742195,0.0134164777021919,0.9570005746025666,6,2024
Hannover_Hbf,13121,18.01,2024-09-16,445.1771243343367,0.0124990473287097,0.9679709809369452,0,2024
Hannover_Hbf,12736,20.65,2024-09-17,337.3726972890355,0.023947864321608,0.9735339071675648,1,2024
Hannover_Hbf,8633,21.18,2024-09-18,401.04632024453326,0.0147109927024209,0.951093345873501,2,2024
Hannover_Hbf,9252,21.09,2024-09-19,627.9230012031062,0.0117812364894076,0.9640161872470744,3,2024
Hannover_Hbf,15045,23.1,2024-09-20,385.2687010532001,0.0154868727151877,0.9742776127464218,4,2024
Hannover_Hbf,9830,24.16,2024-09-21,204.22552664188356,0.014852492370295,0.9554935976869062,5,2024
Hannover_Hbf,12746,25.43,2024-09-22,524.685814027293,0.0111407500392279,0.9662012059663598,6,2024
Hannover_Hbf,12511,21.51,2024-09-23,274.73888439773646,0.0112700823275517,0.9502021018593372,0,2024
Hannover_Hbf,16200,19.42,2024-09-24,356.7964824120603,0.0172839506172839,0.9702261306532663,1,2024
Hannover_Hbf,13203,17.52,2024-09-25,349.9846508058327,0.0131030826327349,0.9657712970069072,2,2024
Hannover_Hbf,14417,18.41,2024-09-26,465.5927308586321,0.0152597627800513,0.9692188490526168,3,2024
Hannover_Hbf,12857,18.14,2024-09-27,504.430996541968,0.0103445593839931,0.962904746934926,4,2024
Hannover_Hbf,11847,14.11,2024-09-28,543.2036573794531,0.0214400270110576,0.9565254895195376,5,2024
Hannover_Hbf,12632,15.82,2024-09-29,697.5260059672607,0.0182868904369854,0.942182082090154,6,2024
Hannover_Hbf,12622,15.809999,2024-09-30,433.6328502415459,0.0160038028838535,0.9572463768115942,0,2024
Hannover_Hbf,258,14.5,2024-10-01,463.0232558139535,0.0,0.9612403100775194,1,2024
Hannover_Hbf,9973,27.17,2025-05-01,507.4582447616156,0.0094254487115211,0.945945945945946,3,2025
Hannover_Hbf,12212,26.81,2025-05-02,543.3913475882646,0.0119554536521454,0.95375435106912,4,2025
Hannover_Hbf,8147,18.06,2025-05-03,310.0172882193134,0.0060144838590892,0.9382563595949616,5,2025
Hannover_Hbf,7564,13.32,2025-05-04,215.6621065214504,0.0046271813855103,0.9286757869570992,6,2025
Hannover_Hbf,11556,12.7,2025-05-05,451.05693950177937,0.0273451021114572,0.9467971530249112,0,2025
Hannover_Hbf,9958,15.469999,2025-05-06,386.3380424839923,0.0119501908013657,0.964020733814412,1,2025
Hannover_Hbf,11889,17.67,2025-05-07,535.024985178284,0.0068971318025065,0.9654442280003388,2,2025
Hannover_Hbf,10491,16.69,2025-05-08,484.0238278247502,0.0079115432275283,0.9624327440430438,3,2025
Hannover_Hbf,10619,20.619999,2025-05-09,452.66262089891904,0.0068744702891044,0.9615019912763132,4,2025
Hannover_Hbf,9055,21.35,2025-05-10,619.023240148198,0.0163445610160132,0.9574491972605816,5,2025
Hannover_Hbf,8075,22.359999,2025-05-11,374.0886454183267,0.0053250773993808,0.945343625498008,6,2025
Hannover_Hbf,8437,19.949999,2025-05-12,620.4347303951002,0.0130378096479791,0.962171250150114,0,2025
Hannover_Hbf,9283,21.189999,2025-05-13,526.4947322212467,0.0184207691479047,0.9543459174714662,1,2025
Hannover_Hbf,14558,22.38,2025-05-14,832.4499964909818,0.0212254430553647,0.9673661309565584,2,2025
Hannover_Hbf,12826,18.789999,2025-05-15,587.6975187081529,0.0102136285669733,0.961559669161087,3,2025
Hannover_Hbf,13293,20.24,2025-05-16,622.6424517593643,0.0058677499435793,0.9650397275822928,4,2025
Hannover_Hbf,10641,19.99,2025-05-17,428.34767804785776,0.0063903768442815,0.944954128440367,5,2025
Hannover_Hbf,9387,17.94,2025-05-18,366.74346000645926,0.0104399701715137,0.9467111637420604,6,2025
Hannover_Hbf,10515,21.029999,2025-05-19,337.34149373625326,0.0055159296243461,0.9477861719422396,0,2025
Hannover_Hbf,9654,23.789999,2025-05-20,502.91170945522856,0.0074580484773151,0.9611772072636192,1,2025
Hannover_Hbf,11014,21.1,2025-05-21,583.3978455358773,0.0054476121300163,0.9672265838962936,2,2025
Hannover_Hbf,12266,14.679999,2025-05-22,452.7977114834491,0.0025273112669166,0.9654270535349408,3,2025
Hannover_Hbf,13256,15.41,2025-05-23,598.4677358060349,0.0074683162341581,0.9659496845785512,4,2025
Hannover_Hbf,11071,18.77,2025-05-24,441.8698742482231,0.0087616294824315,0.9519774011299436,5,2025
Hannover_Hbf,10251,19.97,2025-05-25,413.5108153078203,0.0033167495854063,0.956738768718802,6,2025
Hannover_Hbf,10072,20.02,2025-05-26,356.19523904780954,0.0073471008737092,0.9700940188037608,0,2025
Hannover_Hbf,14305,18.74,2025-05-27,418.3056338028169,0.0073400908773156,0.978450704225352,1,2025
Hannover_Hbf,15570,19.32,2025-05-28,453.1751470873472,0.0066152858060372,0.9760134479860348,2,2025
Hannover_Hbf,11500,18.08,2025-05-29,609.9619771863117,0.0394782608695652,0.967499547347456,3,2025
Hannover_Hbf,12518,24.5,2025-05-30,459.26842993809794,0.0063109122863077,0.9685666050325588,4,2025
Hannover_Hbf,11598,27.019999,2025-05-31,335.69249542403907,0.0107777202966028,0.9664429530201344,5,2025
Hannover_Hbf,12172,24.119999,2025-06-01,738.8050581346007,0.0319585934932632,0.9667317321564968,6,2025
Hannover_Hbf,13802,22.18,2025-06-02,486.3844036014584,0.0263005361541805,0.9790162958553464,0,2025
Hannover_Hbf,14034,23.85,2025-06-03,634.1017144503674,0.0108308393900527,0.9837199250828412,1,2025
Hannover_Hbf,12638,23.81,2025-06-04,617.7636655948553,0.0156670359234056,0.9768488745980708,2,2025
Hannover_Hbf,13303,19.619999,2025-06-05,445.4024908869988,0.0101480868976922,0.9749392466585662,3,2025
Hannover_Hbf,12142,21.09,2025-06-06,372.6496150980879,0.0050238840388733,0.9694561708467844,4,2025
Hannover_Hbf,11282,19.43,2025-06-07,546.4764133957508,0.0154227973763517,0.9657003961109112,5,2025
Hannover_Hbf,11056,16.44,2025-06-08,588.8837808017654,0.0162807525325615,0.9631298271423318,6,2025
Hannover_Hbf,10433,18.859999,2025-06-09,356.9714964370546,0.0315345538196108,0.955859065716548,0,2025
Hannover_Hbf,9167,16.8,2025-06-10,395.3730849774055,0.0102541725755427,0.9648407362504132,1,2025
Hannover_Hbf,9317,20.49,2025-06-11,432.0571366735202,0.0081571321240742,0.9541175197489448,2,2025
Hannover_Hbf,12101,24.64,2025-06-12,547.3610994720523,0.0138831501528799,0.9624570518729574,3,2025
Hannover_Hbf,13024,28.07,2025-06-13,632.7965111751421,0.0140509828009828,0.9736001869013317,4,2025
Hannover_Hbf,11529,31.82,2025-06-14,704.7255537074324,0.0091942059155173,0.9798651842773352,5,2025
Hannover_Hbf,11077,21.65,2025-06-15,611.1684037301152,0.0125485239685835,0.9634302431888828,6,2025
Hannover_Hbf,11045,22.359999,2025-06-16,406.6156399852453,0.0181982797645993,0.9656030984876428,0,2025
Hannover_Hbf,12591,27.06,2025-06-17,388.301703163017,0.0207290922087205,0.9725060827250608,1,2025
Hannover_Hbf,12507,26.949999,2025-06-18,392.6526010629731,0.0071160150315823,0.9684329199549042,2,2025
Hannover_Hbf,13790,22.5,2025-06-19,599.013928808313,0.0160261058738216,0.9750902793131404,3,2025
Hannover_Hbf,13834,24.16,2025-06-20,466.78448842474256,0.0101922798901257,0.9674286131600088,4,2025
Hannover_Hbf,12222,29.869999,2025-06-21,489.1933482253661,0.0110456553755522,0.9690576652601968,5,2025
Hannover_Hbf,11751,33.32,2025-06-22,692.9437080392495,0.0113181856863245,0.9708211396109484,6,2025
Hannover_Hbf,13961,22.14,2025-06-23,580.1100173711638,0.0103860754960246,0.9768384481760278,0,2025
Hannover_Hbf,13957,21.449999,2025-06-24,572.2447795823666,0.0118220247904277,0.9741154292343388,1,2025
Hannover_Hbf,13823,26.3,2025-06-25,543.4714723478769,0.0084641539463213,0.9774551291405223,2,2025
Hannover_Hbf,12063,27.67,2025-06-26,666.5612382234186,0.0145071706872254,0.9733344549125168,3,2025
Hannover_Hbf,14160,20.3,2025-06-27,478.20811338491575,0.0233757062146892,0.9770771566996892,4,2025
Hannover_Hbf,10689,26.779999,2025-06-28,380.94297007340487,0.005893909626719,0.9568981742894788,5,2025
Hannover_Hbf,11398,27.859999,2025-06-29,691.4432260346657,0.0078961221266888,0.9601167315175098,6,2025
Hannover_Hbf,16773,28.3,2025-06-30,697.115523465704,0.0091218028975138,0.9779181708784596,0,2025
Hannover_Hbf,16481,34.42,2025-07-01,1324.5752037540133,0.0172926400097081,0.9859224499876512,1,2025
Hannover_Hbf,17550,38.03,2025-07-02,1123.3309982486865,0.0239316239316239,0.9830122591943958,2,2025
Hannover_Hbf,15816,24.359999,2025-07-03,648.3985353632685,0.0157435508345978,0.9832980021841076,3,2025
Hannover_Hbf,16336,24.97,2025-07-04,756.3318452380952,0.0127326150832517,0.9820808531746033,4,2025
Hannover_Hbf,11981,25.76,2025-07-05,424.4867886178862,0.0144395292546532,0.9665481029810298,5,2025
Hannover_Hbf,11097,24.0,2025-07-06,460.4726277372263,0.0123456790123456,0.9566605839416058,6,2025
Hannover_Hbf,13507,21.06,2025-07-07,484.97861805086654,0.0131783519656474,0.9674394178107883,0,2025
Hannover_Hbf,10016,20.77,2025-07-08,434.2274288022622,0.0113817891373801,0.9703090284790952,1,2025
Hannover_Hbf,9384,24.33,2025-07-09,472.48136545317055,0.0135336743393009,0.9693205142054662,2,2025
Hannover_Hbf,11138,23.789999,2025-07-10,815.8217930029155,0.0145448015801759,0.9760386297376094,3,2025
Hannover_Hbf,11325,25.06,2025-07-11,513.1411229135053,0.0107726269315673,0.9693832009283228,4,2025
Hannover_Hbf,9846,21.81,2025-07-12,382.3623500461396,0.0094454600853138,0.9649338665026146,5,2025
Hannover_Hbf,9970,24.99,2025-07-13,750.0485928325572,0.0092276830491474,0.9624417898359992,6,2025
Hannover_Hbf,10707,27.76,2025-07-14,614.3013698630137,0.0113944148687774,0.9712801133679736,0,2025
Hannover_Hbf,12573,22.81,2025-07-15,712.3262010496568,0.0149526763699992,0.96608800968914,1,2025
Hannover_Hbf,9108,19.6,2025-07-16,638.4366636931311,0.015371102327624,0.9688893844781444,2,2025
Hannover_Hbf,9981,18.789999,2025-07-17,368.743961352657,0.0045085662759242,0.9634661835748792,3,2025
Hannover_Hbf,11569,25.4,2025-07-18,659.7747118407265,0.0101132336416284,0.9635871463499824,4,2025
Hannover_Hbf,11792,29.3,2025-07-19,364.86778846153845,0.0122116689280868,0.9651442307692308,5,2025
Hannover_Hbf,9689,29.199999,2025-07-20,327.8350515463917,0.0088760449994839,0.9539727168593148,6,2025
Hannover_Hbf,11911,22.039999,2025-07-21,543.1380219406412,0.0127613130719502,0.9715962241687218,0,2025
Hannover_Hbf,11936,22.33,2025-07-22,429.2389380530973,0.0059483914209115,0.9678044669195112,1,2025
Hannover_Hbf,9922,23.91,2025-07-23,360.2922374429224,0.0067526708324934,0.9647894469812278,2,2025
Hannover_Hbf,13828,25.73,2025-07-24,416.5413313825896,0.0114260919872722,0.9693489392831016,3,2025
Hannover_Hbf,12912,23.119999,2025-07-25,455.78717087272446,0.0087515489467162,0.9724197202906476,4,2025
Hannover_Hbf,8807,26.14,2025-07-26,462.6496902959394,0.0101055978199159,0.9630649231475108,5,2025
Hannover_Hbf,7086,20.27,2025-07-27,466.5814151747656,0.0067739204064352,0.961352657004831,6,2025
Hannover_Hbf,8894,22.85,2025-07-28,396.3339796965895,0.01427928940859,0.9686323713927228,0,2025
Hannover_Hbf,9179,21.449999,2025-07-29,412.975352112676,0.0099139339797363,0.971830985915493,1,2025
Hannover_Hbf,10179,21.08,2025-07-30,477.1632047477745,0.0067786619510757,0.9654797230464888,2,2025
Hannover_Hbf,12646,22.17,2025-07-31,687.2805275284023,0.0046655068796457,0.9727496623500436,3,2025
Hannover_Hbf,9994,20.38,2025-08-01,545.4633360193393,0.0066039623774264,0.9602135374697824,4,2025
Hannover_Hbf,8278,21.89,2025-08-02,527.8183831672204,0.0182411210437303,0.954595791805094,5,2025
Hannover_Hbf,7944,21.39,2025-08-03,443.1832061068702,0.0105740181268882,0.9502544529262088,6,2025
Hannover_Hbf,10402,25.029999,2025-08-04,439.61863994552,0.0118246491059411,0.9669228524175504,0,2025
Hannover_Hbf,11820,22.109999,2025-08-05,363.79552060181226,0.010321489001692,0.9628996409642674,1,2025
Hannover_Hbf,14199,21.42,2025-08-06,525.8357021034678,0.0089442918515388,0.973351335986356,2,2025
Hannover_Hbf,12263,26.289999,2025-08-07,497.7935122674131,0.0095408953763353,0.9659970360612548,3,2025
Hannover_Hbf,19898,25.35,2025-08-08,861.1263286999182,0.0165845813649613,0.9773609975470156,4,2025
Hannover_Hbf,12998,27.599998,2025-08-09,580.8016844732122,0.0134636097861209,0.969585900335335,5,2025
Hannover_Hbf,10768,25.57,2025-08-10,409.0980538922156,0.0074294205052005,0.955744760479042,6,2025
Hannover_Hbf,13288,28.56,2025-08-11,539.972398987963,0.0184376881396748,0.966495438166066,0,2025
Hannover_Hbf,13591,31.289999,2025-08-12,625.251621561172,0.0130969023618571,0.9684634309997764,1,2025
Hannover_Hbf,15661,35.02,2025-08-13,594.9753886010362,0.014111487133644,0.9761658031088084,2,2025
Hannover_Hbf,14172,35.55,2025-08-14,454.266025410954,0.0170053626869884,0.9673390280669012,3,2025
Hannover_Hbf,15165,28.49,2025-08-15,813.7179745814001,0.0193867457962413,0.9715553762356264,4,2025
Hannover_Hbf,9622,23.14,2025-08-16,439.399727148704,0.0096653502390355,0.9628502466155944,5,2025
Hannover_Hbf,9900,22.689999,2025-08-17,396.728313068356,0.0114141414141414,0.9593338101563298,6,2025
Hannover_Hbf,11163,26.91,2025-08-18,428.77836267925215,0.0129893397832123,0.966781630059902,0,2025
Hannover_Hbf,10674,28.97,2025-08-19,797.3419281448479,0.01171069889451,0.9681486396814863,1,2025
Hannover_Hbf,10301,24.82,2025-08-20,413.6752637749121,0.0063100669837879,0.9570144587729582,2,2025
Hannover_Hbf,12044,23.89,2025-08-21,478.993490235353,0.0051477914314181,0.9673677182440328,3,2025
Hannover_Hbf,12053,18.949999,2025-08-22,359.29447085313984,0.0051439475649215,0.966057876740889,4,2025
Hannover_Hbf,8471,18.6,2025-08-23,313.10221586847746,0.0090898359107543,0.9463902787705504,5,2025
Hannover_Hbf,7997,20.09,2025-08-24,371.3493159282039,0.0037514067775415,0.944019078699636,6,2025
Hannover_Hbf,8142,22.289999,2025-08-25,589.4091415830546,0.0084745762711864,0.9604855691812214,0,2025
Hannover_Hbf,10247,26.96,2025-08-26,636.2584833284154,0.0078071630721186,0.964788039736402,1,2025
Hannover_Hbf,11458,27.39,2025-08-27,470.2545906147432,0.0161459242450689,0.9625654218043111,2,2025
Hannover_Hbf,15117,24.019999,2025-08-28,518.280763503452,0.0226896871072302,0.9773927169351564,3,2025
Hannover_Hbf,12322,24.35,2025-08-29,383.6210422973084,0.0080344099983768,0.9592571381821156,4,2025
Hannover_Hbf,9932,23.05,2025-08-30,300.60061287027577,0.0142972211035038,0.9499489274770172,5,2025
Hannover_Hbf,11038,25.599998,2025-08-31,808.5095890410959,0.0079724587787642,0.9478538812785388,6,2025
Hannover_Hbf,7853,21.6,2025-09-01,335.99845995893224,0.0077677320769132,0.9685574948665298,0,2025
Hannover_Hbf,1465,23.58,2025-09-02,0.0,0.0,1.0,1,2025
Hannover_Hbf,1467,25.849998,2025-09-03,13.0879345603272,0.0,0.9979550102249488,2,2025
Hannover_Hbf,6818,26.75,2025-09-04,634.6830568720379,0.009680258140217,0.9727488151658767,3,2025
Hannover_Hbf,13177,22.449999,2025-09-05,453.0200107337269,0.0101692342718372,0.963812006440236,4,2025
Hannover_Hbf,12678,23.619999,2025-09-06,446.86609913278704,0.008597570594731,0.9578327631474262,5,2025
Hannover_Hbf,11056,25.56,2025-09-07,533.2659808963997,0.0151953690303907,0.9453526818515796,6,2025
Hannover_Hbf,9741,25.58,2025-09-08,484.5043550394028,0.0099579098655168,0.9611157196184156,0,2025
Hannover_Hbf,1462,23.51,2025-09-09,1.682626538987688,0.0,1.0,1,2025
Hannover_Hbf,1460,19.06,2025-09-10,0.0,0.0,1.0,2,2025
Hannover_Hbf,1462,21.22,2025-09-11,0.0,0.0,1.0,3,2025
Hannover_Hbf,1511,20.17,2025-09-12,0.0,0.0,1.0,4,2025
Hannover_Hbf,1414,20.31,2025-09-13,0.0,0.0,1.0,5,2025
Hannover_Hbf,1274,19.59,2025-09-14,0.0,0.0,1.0,6,2025
Hannover_Hbf,1442,21.25,2025-09-15,0.0,0.0,1.0,0,2025
Hannover_Hbf,1452,18.56,2025-09-16,0.0,0.0,1.0,1,2025
Hannover_Hbf,1463,17.49,2025-09-17,3.239917976760082,0.0,1.0,2,2025
Hannover_Hbf,1789,19.869999,2025-09-18,322.66065388951523,0.0083845723868082,0.967869222096956,3,2025
Hannover_Hbf,1510,26.119999,2025-09-19,0.0,0.0,1.0,4,2025
Hannover_Hbf,1346,29.8,2025-09-20,0.0,0.0,1.0,5,2025
Hannover_Hbf,1197,22.96,2025-09-21,0.0,0.0,1.0,6,2025
Hannover_Hbf,1398,17.619999,2025-09-22,0.0,0.0,1.0,0,2025
Hannover_Hbf,1430,18.23,2025-09-23,0.0,0.0,1.0,1,2025
Hannover_Hbf,1460,17.3,2025-09-24,0.0,0.0,1.0,2,2025
Hannover_Hbf,1454,14.96,2025-09-25,0.0,0.0,1.0,3,2025
Hannover_Hbf,1489,17.02,2025-09-26,0.0,0.0,1.0,4,2025
Hannover_Hbf,1310,16.13,2025-09-27,0.0,0.0,1.0,5,2025
Hannover_Hbf,1512,20.64,2025-09-28,786.5253077975376,0.033068783068783,0.9829001367989056,6,2025
Hannover_Hbf,15474,19.359999,2025-09-29,484.3461789679948,0.010598423161432,0.9706074461136512,0,2025
Hannover_Hbf,16548,17.619999,2025-09-30,446.4023387538827,0.0077955039883973,0.965893172544004,1,2025
Hannover_Hbf,517,14.66,2025-10-01,1143.7137330754351,0.0,0.97678916827853,2,2025
Köln_Hbf,1712,15.66,2022-05-01,220.89622641509436,0.0093457943925233,0.9864386792452832,6,2022
Köln_Hbf,2450,19.91,2022-05-02,397.4603174603175,0.0742857142857142,0.986331569664903,0,2022
Köln_Hbf,2450,19.27,2022-05-03,483.149246919215,0.1057142857142857,0.9908717480602464,1,2022
Köln_Hbf,2450,18.449999,2022-05-04,318.4733475479744,0.0428571428571428,0.9850746268656716,2,2022
Köln_Hbf,2454,19.859999,2022-05-05,251.81969949916527,0.0236348818255908,0.9795492487479132,3,2022
Köln_Hbf,2510,21.74,2022-05-06,344.86508585445625,0.0254980079681274,0.9893704006541292,4,2022
Köln_Hbf,2331,22.619999,2022-05-07,471.2644701691897,0.0364650364650364,0.9848619768477292,5,2022
Köln_Hbf,2000,20.46,2022-05-08,486.3809523809524,0.055,0.9941798941798942,6,2022
Köln_Hbf,2451,25.56,2022-05-09,328.41702127659573,0.0412076703386372,0.994468085106383,0,2022
Köln_Hbf,2448,26.58,2022-05-10,319.02132998745293,0.0232843137254901,0.98870765370138,1,2022
Köln_Hbf,2451,28.06,2022-05-11,273.2675814751286,0.0485516115871073,0.9858490566037736,2,2022
Köln_Hbf,2454,21.48,2022-05-12,335.5799240826655,0.0338223308883455,0.9881906368620836,3,2022
Köln_Hbf,2464,20.59,2022-05-13,477.6991150442478,0.0369318181818181,0.988621997471555,4,2022
Köln_Hbf,2295,22.99,2022-05-14,322.5459688826025,0.0758169934640522,0.9806694955209808,5,2022
Köln_Hbf,2037,26.76,2022-05-15,360.62370062370064,0.055473735886107,0.9844074844074844,6,2022
Köln_Hbf,2426,26.59,2022-05-16,417.7728678745029,0.0671887881286067,0.9889527176314626,0,2022
Köln_Hbf,2423,25.92,2022-05-17,326.5210084033613,0.0177465951300041,0.9907563025210084,1,2022
Köln_Hbf,2424,30.09,2022-05-18,513.4660320207703,0.0466171617161716,0.9909130246646474,2,2022
Köln_Hbf,2427,29.779999,2022-05-19,647.9479392624729,0.0502678203543469,0.9913232104121475,3,2022
Köln_Hbf,2512,24.85,2022-05-20,795.5565142364107,0.0772292993630573,0.989646246764452,4,2022
Köln_Hbf,2348,20.08,2022-05-21,337.5788031064413,0.067717206132879,0.977615349474646,5,2022
Köln_Hbf,2031,24.05,2022-05-22,291.0480123902943,0.0462826193993106,0.9803820340733091,6,2022
Köln_Hbf,2449,24.83,2022-05-23,316.7295597484277,0.0261331155573703,0.9886792452830188,0,2022
Köln_Hbf,2448,18.99,2022-05-24,367.0017035775128,0.0408496732026143,0.9914821124361158,1,2022
Köln_Hbf,2444,20.64,2022-05-25,389.5822454308094,0.0597381342062193,0.9830287206266318,2,2022
Köln_Hbf,1959,21.55,2022-05-26,297.89748953974896,0.0239918325676365,0.9843096234309624,3,2022
Köln_Hbf,2268,20.18,2022-05-27,259.2509025270758,0.0229276895943562,0.9819494584837544,4,2022
Köln_Hbf,2037,17.76,2022-05-28,468.9137380191693,0.0780559646539028,0.988817891373802,5,2022
Köln_Hbf,1797,15.049999,2022-05-29,279.90615835777123,0.0511964385086254,0.98475073313783,6,2022
Köln_Hbf,2243,16.44,2022-05-30,382.7790861987753,0.0534997770842621,0.983513895430994,0,2022
Köln_Hbf,2240,19.72,2022-05-31,315.43744120413925,0.0508928571428571,0.98447789275635,1,2022
Köln_Hbf,2241,19.06,2022-06-01,417.9916317991632,0.0401606425702811,0.98558809855881,2,2022
Köln_Hbf,2242,21.73,2022-06-02,491.664167916042,0.107493309545049,0.9900049975012494,3,2022
Köln_Hbf,2219,26.25,2022-06-03,743.9700748129676,0.0964398377647589,0.9945137157107232,4,2022
Köln_Hbf,1830,27.5,2022-06-04,714.8745519713261,0.0852459016393442,0.995221027479092,5,2022
Köln_Hbf,1561,21.66,2022-06-05,354.2377434519812,0.0461242793081358,0.9952988582941572,6,2022
Köln_Hbf,1551,22.06,2022-06-06,356.55577299412914,0.011605415860735,0.989562948467058,0,2022
Köln_Hbf,2174,21.13,2022-06-07,407.4307186472522,0.0206991720331186,0.9967120713950212,1,2022
Köln_Hbf,2186,20.6,2022-06-08,366.262341325811,0.0269899359560841,0.99059708509638,2,2022
Köln_Hbf,2187,20.51,2022-06-09,386.9169404035664,0.0256058527663465,0.992961051149695,3,2022
Köln_Hbf,2332,23.9,2022-06-10,413.9866962305987,0.0330188679245283,0.9902439024390244,4,2022
Köln_Hbf,2342,25.439999,2022-06-11,441.9137849360493,0.0986336464560204,0.9838938891520608,5,2022
Köln_Hbf,2039,23.85,2022-06-12,367.89473684210526,0.0308974987739087,0.98582995951417,6,2022
Köln_Hbf,2456,21.21,2022-06-13,357.3444676409186,0.0248371335504886,0.9899791231732776,0,2022
Köln_Hbf,2454,24.09,2022-06-14,348.45569620253167,0.0342298288508557,0.9877637130801687,1,2022
Köln_Hbf,2490,28.8,2022-06-15,524.1928540680155,0.0670682730923694,0.9888075764098148,2,2022
Köln_Hbf,2026,25.38,2022-06-16,297.6470588235294,0.0182625863770977,0.9849170437405732,3,2022
Köln_Hbf,2521,30.58,2022-06-17,597.8589853826311,0.0773502578341927,0.9905417024935512,4,2022
Köln_Hbf,2296,35.219997,2022-06-18,439.4577685088634,0.1646341463414634,0.983837330552659,5,2022
Köln_Hbf,1603,24.68,2022-06-19,382.843853820598,0.0611353711790393,0.9867109634551496,6,2022
Köln_Hbf,2455,21.43,2022-06-20,425.77874186550974,0.0610997963340122,0.9913232104121475,0,2022
Köln_Hbf,2450,23.92,2022-06-21,366.3346104725415,0.0412244897959183,0.9948914431673052,1,2022
Köln_Hbf,2455,28.99,2022-06-22,338.66098081023455,0.0448065173116089,0.991044776119403,2,2022
Köln_Hbf,2460,31.279999,2022-06-23,448.65476708750543,0.066260162601626,0.9882455376578144,3,2022
Köln_Hbf,2515,25.18,2022-06-24,520.8867843306069,0.0763419483101391,0.99009900990099,4,2022
Köln_Hbf,2350,26.24,2022-06-25,556.3479096588179,0.1144680851063829,0.9913503123498318,5,2022
Köln_Hbf,1980,21.02,2022-06-26,301.0574189880614,0.1116161616161616,0.9869243888573052,6,2022
Köln_Hbf,2377,21.82,2022-06-27,334.5693563009973,0.0719394194362642,0.9886672710788758,0,2022
Köln_Hbf,2367,25.35,2022-06-28,503.0334432406971,0.1030840726658217,0.9919924634950542,1,2022
Köln_Hbf,2372,28.16,2022-06-29,417.6509433962264,0.1062394603709949,0.9924528301886792,2,2022
Köln_Hbf,2378,31.26,2022-06-30,523.064039408867,0.1463414634146341,0.9911330049261085,3,2022
Köln_Hbf,2275,22.31,2022-07-01,519.3355170800187,0.0606593406593406,0.9929808142255498,4,2022
Köln_Hbf,2134,27.56,2022-07-02,325.72700296735906,0.0524835988753514,0.9861523244312562,5,2022
Köln_Hbf,1865,26.43,2022-07-03,392.2657580919932,0.0557640750670241,0.982396365701306,6,2022
Köln_Hbf,2184,25.369999,2022-07-04,393.8040345821325,0.0467032967032967,0.989433237271854,0,2022
Köln_Hbf,2182,24.96,2022-07-05,411.189009947892,0.032538955087076,0.9924206537186168,1,2022
Köln_Hbf,2214,21.939999,2022-07-06,350.1385041551247,0.021680216802168,0.9861495844875346,2,2022
Köln_Hbf,2218,20.51,2022-07-07,347.18911309244487,0.039224526600541,0.982637259502581,3,2022
Köln_Hbf,2271,24.08,2022-07-08,411.1242603550296,0.0325847644209599,0.9913518434228492,4,2022
Köln_Hbf,2126,25.35,2022-07-09,370.37687145069697,0.0888993414863593,0.982447083118224,5,2022
Köln_Hbf,1880,19.66,2022-07-10,351.119733924612,0.0404255319148936,0.9778270509977828,6,2022
Köln_Hbf,2216,21.66,2022-07-11,233.85119326158167,0.0356498194945848,0.9864295741693964,0,2022
Köln_Hbf,2182,29.57,2022-07-12,577.4144486692015,0.0357470210815765,0.99287072243346,1,2022
Köln_Hbf,2183,31.81,2022-07-13,396.2970014278915,0.037562986715529,0.9861970490242742,2,2022
Köln_Hbf,2186,25.97,2022-07-14,433.98389388915206,0.0343092406221409,0.9900521080056846,3,2022
Köln_Hbf,2271,23.25,2022-07-15,559.189453125,0.098194627917217,0.98583984375,4,2022
Köln_Hbf,2124,24.48,2022-07-16,347.89291026276646,0.0503766478342749,0.9881011403073872,5,2022
Köln_Hbf,1847,27.8,2022-07-17,625.7950530035336,0.0806713589604764,0.983510011778563,6,2022
Köln_Hbf,2186,35.02,2022-07-18,557.3751783166905,0.0379688929551692,0.9914407988587732,0,2022
Köln_Hbf,2147,38.02,2022-07-19,779.1933815925543,0.0992081974848625,0.9932781799379524,1,2022
Köln_Hbf,2148,31.359999,2022-07-20,533.799784714747,0.1350093109869646,0.9930032292787944,2,2022
Köln_Hbf,2155,23.279999,2022-07-21,473.4825327510917,0.1498839907192575,0.9912663755458516,3,2022
Köln_Hbf,2269,23.32,2022-07-22,572.9185969556585,0.3340678713089466,0.9821310390469888,4,2022
Köln_Hbf,2127,26.56,2022-07-23,501.7353579175705,0.3497884344146685,0.9783080260303688,5,2022
Köln_Hbf,1814,32.329998,2022-07-24,394.8773006134969,0.2811466372657111,0.9769938650306748,6,2022
Köln_Hbf,2153,29.179998,2022-07-25,469.8387096774193,0.0784951230840687,0.9879032258064516,0,2022
Köln_Hbf,2147,24.22,2022-07-26,495.2137592137592,0.0521658127619934,0.9882063882063882,1,2022
Köln_Hbf,2148,22.369999,2022-07-27,397.6589595375722,0.0335195530726257,0.9869942196531792,2,2022
Köln_Hbf,2151,26.06,2022-07-28,444.3423597678917,0.0385867038586703,0.9893617021276596,3,2022
Köln_Hbf,2269,25.98,2022-07-29,419.39890710382514,0.0321727633318642,0.9867941712204008,4,2022
Köln_Hbf,2127,26.88,2022-07-30,441.0696266397578,0.0681711330512458,0.9868819374369324,5,2022
Köln_Hbf,1813,28.34,2022-07-31,381.7702227432591,0.0590182018753447,0.9753810082063306,6,2022
Köln_Hbf,2149,26.05,2022-08-01,533.8081395348837,0.0395532805956258,0.9878875968992248,0,2022
Köln_Hbf,2143,30.42,2022-08-02,465.55555555555554,0.0424638357442837,0.98635477582846,1,2022
Köln_Hbf,2144,34.51,2022-08-03,521.5429975429976,0.0508395522388059,0.9901719901719902,2,2022
Köln_Hbf,2147,35.26,2022-08-04,506.8914229053049,0.0605496040987424,0.9881011403073872,3,2022
Köln_Hbf,2164,23.34,2022-08-05,470.0541072306936,0.060536044362292,0.9896704377766848,4,2022
Köln_Hbf,1576,23.619999,2022-08-06,476.827495042961,0.0399746192893401,0.9887640449438202,5,2022
Köln_Hbf,1366,26.859999,2022-08-07,349.30197268588773,0.0351390922401171,0.9878603945371776,6,2022
Köln_Hbf,2209,27.859999,2022-08-08,344.6060037523452,0.0348574015391579,0.9887429643527204,0,2022
Köln_Hbf,2217,30.07,2022-08-09,472.1237693389592,0.0378890392422192,0.9882794186591656,1,2022
Köln_Hbf,2218,32.27,2022-08-10,450.8108108108109,0.0491433724075743,0.9890943575154102,2,2022
Köln_Hbf,2221,32.51,2022-08-11,496.867816091954,0.059882935614588,0.9904214559386972,3,2022
Köln_Hbf,2255,32.57,2022-08-12,463.1407269338304,0.0483370288248337,0.989748369058714,4,2022
Köln_Hbf,2107,32.69,2022-08-13,499.7133757961784,0.1058376839107736,0.9883227176220808,5,2022
Köln_Hbf,1856,33.19,2022-08-14,341.3009049773756,0.0474137931034482,0.9824660633484162,6,2022
Köln_Hbf,2124,25.96,2022-08-15,389.54773869346735,0.0630885122410546,0.9879396984924624,0,2022
Köln_Hbf,2124,30.519999,2022-08-16,333.3815028901734,0.0225988700564971,0.9913294797687862,1,2022
Köln_Hbf,2121,26.5,2022-08-17,302.98828125,0.0344177274870344,0.98828125,2,2022
Köln_Hbf,2124,25.31,2022-08-18,455.3329994992489,0.0597928436911487,0.9874812218327492,3,2022
Köln_Hbf,2172,27.93,2022-08-19,451.42996108949416,0.0534069981583793,0.9883268482490272,4,2022
Köln_Hbf,2010,25.119999,2022-08-20,558.7179487179487,0.0686567164179104,0.9909188034188036,5,2022
Köln_Hbf,1791,27.199999,2022-08-21,361.3636363636364,0.0664433277498604,0.979066985645933,6,2022
Köln_Hbf,2129,29.06,2022-08-22,526.8805528134254,0.0483795209018318,0.9921026653504442,0,2022
Köln_Hbf,2113,31.349998,2022-08-23,372.36328125,0.0307619498343587,0.990234375,1,2022
Köln_Hbf,2124,34.05,2022-08-24,482.6686217008798,0.0367231638418079,0.9824046920821116,2,2022
Köln_Hbf,2141,33.55,2022-08-25,574.0929535232384,0.0653900046707146,0.9900049975012494,3,2022
Köln_Hbf,2205,23.119999,2022-08-26,601.0622009569378,0.0521541950113378,0.9913875598086124,4,2022
Köln_Hbf,2061,20.689999,2022-08-27,469.2197125256674,0.0548277535177098,0.9892197125256672,5,2022
Köln_Hbf,1813,24.85,2022-08-28,446.96356275303646,0.0463320463320463,0.989010989010989,6,2022
Köln_Hbf,2145,25.16,2022-08-29,327.533234859675,0.0531468531468531,0.982274741506647,0,2022
Köln_Hbf,2140,29.109999,2022-08-30,475.9006211180124,0.0971962616822429,0.9875776397515528,1,2022
Köln_Hbf,2135,25.609999,2022-08-31,351.05882352941177,0.0444964871194379,0.9892156862745098,2,2022
Köln_Hbf,2142,26.66,2022-09-01,366.93088448525856,0.0340802987861811,0.985983566940551,3,2022
Köln_Hbf,2186,26.81,2022-09-02,300.9035294117647,0.0279048490393412,0.9891764705882352,4,2022
Köln_Hbf,2040,26.21,2022-09-03,256.1408882082696,0.0397058823529411,0.9754977029096478,5,2022
Köln_Hbf,1793,28.06,2022-09-04,297.2680115273775,0.0323480200780814,0.981556195965418,6,2022
Köln_Hbf,2133,31.279999,2022-09-05,326.06796116504853,0.0342240975152367,0.9902912621359224,0,2022
Köln_Hbf,2145,31.599998,2022-09-06,392.6119035907526,0.0522144522144522,0.9940973930152484,1,2022
Köln_Hbf,2146,26.22,2022-09-07,342.6711668273867,0.0335507921714818,0.9918032786885246,2,2022
Köln_Hbf,2149,22.67,2022-09-08,703.59375,0.5234993020009306,0.9951171875,3,2022
Köln_Hbf,2197,21.72,2022-09-09,439.4011976047904,0.5439235320892125,0.996007984031936,4,2022
Köln_Hbf,2047,18.859999,2022-09-10,317.3422957600827,0.0552027357107962,0.9865563598759048,5,2022
Köln_Hbf,1805,21.869999,2022-09-11,288.6374133949192,0.0404432132963988,0.9780600461893764,6,2022
Köln_Hbf,2146,26.01,2022-09-12,362.6634146341464,0.0447343895619757,0.9878048780487804,0,2022
Köln_Hbf,2147,26.81,2022-09-13,324.24068767908307,0.0246856078248719,0.9909264565425024,1,2022
Köln_Hbf,2146,17.73,2022-09-14,405.9168704156479,0.0470643056849953,0.9902200488997556,2,2022
Köln_Hbf,2145,18.47,2022-09-15,373.3526011560693,0.0321678321678321,0.9865125240847784,3,2022
Köln_Hbf,2112,17.199999,2022-09-16,341.4059405940594,0.043560606060606,0.9905940594059406,4,2022
Köln_Hbf,1758,15.389999,2022-09-17,262.8807556080283,0.0364050056882821,0.9811097992916176,5,2022
Köln_Hbf,1625,13.28,2022-09-18,252.540675844806,0.0166153846153846,0.983729662077597,6,2022
Köln_Hbf,2062,17.13,2022-09-19,386.6371681415929,0.0135790494665373,0.9901671583087512,0,2022
Köln_Hbf,2059,15.91,2022-09-20,292.06489675516224,0.0121418164157357,0.9901671583087512,1,2022
Köln_Hbf,2060,18.26,2022-09-21,320.42743538767394,0.0233009708737864,0.9860834990059644,2,2022
Köln_Hbf,2063,19.35,2022-09-22,296.9230769230769,0.016965584100824,0.9842209072978304,3,2022
Köln_Hbf,2119,19.25,2022-09-23,339.6040560115886,0.0226521944313355,0.9888942539835828,4,2022
Köln_Hbf,1889,16.57,2022-09-24,251.56146179401992,0.0439385918475383,0.9839424141749724,5,2022
Köln_Hbf,1741,17.42,2022-09-25,233.2128279883382,0.0149339460080413,0.9801749271137026,6,2022
Köln_Hbf,2086,13.45,2022-09-26,259.17862444334486,0.0311601150527325,0.9901039089559625,0,2022
Köln_Hbf,2083,12.429999,2022-09-27,275.7290132547864,0.0220835333653384,0.9916543937162494,1,2022
Köln_Hbf,2083,13.63,2022-09-28,242.75390625,0.0168026884301488,0.984375,2,2022
Köln_Hbf,2084,16.109999,2022-09-29,248.1330685203575,0.0335892514395393,0.9856007944389276,3,2022
Köln_Hbf,2146,18.0,2022-09-30,359.3342981186686,0.0340167753960857,0.986010612638688,4,2022
Köln_Hbf,31,18.289999,2022-10-01,1280.0,0.032258064516129,0.8666666666666667,5,2022
Köln_Hbf,2007,19.35,2023-05-01,188.01829268292684,0.0194319880418535,0.9842479674796748,0,2023
Köln_Hbf,2394,13.84,2023-05-02,370.1408450704225,0.0509607351712614,0.9898767605633804,1,2023
Köln_Hbf,2399,18.619999,2023-05-03,299.35121107266434,0.0362651104626927,0.9887543252595156,2,2023
Köln_Hbf,2397,23.74,2023-05-04,426.4632454923717,0.097622027534418,0.9856680536292188,3,2023
Köln_Hbf,2355,21.21,2023-05-05,438.5892857142857,0.048832271762208,0.9879464285714286,4,2023
Köln_Hbf,2219,20.83,2023-05-06,289.2147587511826,0.0473186119873817,0.9843897824030274,5,2023
Köln_Hbf,1970,21.9,2023-05-07,221.13129216398548,0.0218274111675126,0.98287493513233,6,2023
Köln_Hbf,2311,20.189999,2023-05-08,487.0428893905192,0.0415404586758978,0.9923250564334086,0,2023
Köln_Hbf,2291,20.9,2023-05-09,302.6666666666667,0.037538192928852,0.9918367346938776,1,2023
Köln_Hbf,2324,17.34,2023-05-10,492.5217391304348,0.0598106712564543,0.9931350114416476,2,2023
Köln_Hbf,2325,16.59,2023-05-11,335.99456275487086,0.050752688172043,0.9904848210240144,3,2023
Köln_Hbf,2355,19.74,2023-05-12,462.20914440923497,0.0619957537154989,0.990493435943866,4,2023
Köln_Hbf,2208,21.8,2023-05-13,301.9681908548708,0.0887681159420289,0.9821073558648112,5,2023
Köln_Hbf,1963,21.48,2023-05-14,240.2798833819242,0.1263372389200203,0.9819241982507289,6,2023
Köln_Hbf,2472,19.75,2023-05-15,201.52452025586356,0.2411003236245954,0.98454157782516,0,2023
Köln_Hbf,2472,15.559999,2023-05-16,203.07275192046995,0.1047734627831715,0.9877993673746046,1,2023
Köln_Hbf,2512,15.83,2023-05-17,362.7996575342466,0.0700636942675159,0.9918664383561644,2,2023
Köln_Hbf,2048,18.6,2023-05-18,248.95661157024796,0.0546875,0.9803719008264464,3,2023
Köln_Hbf,2483,21.49,2023-05-19,238.6726862302483,0.107933950865888,0.9891647855530474,4,2023
Köln_Hbf,2312,19.859999,2023-05-20,253.15585672797675,0.1064013840830449,0.9777347531461762,5,2023
Köln_Hbf,2025,24.31,2023-05-21,334.4284128745838,0.1101234567901234,0.9861265260821308,6,2023
Köln_Hbf,2461,21.97,2023-05-22,467.6291390728477,0.0796424217797643,0.990728476821192,0,2023
Köln_Hbf,2461,16.93,2023-05-23,340.0846262341326,0.1357171881349045,0.9910672308415608,1,2023
Köln_Hbf,2462,15.61,2023-05-24,245.5890410958904,0.1104792851340373,0.9922374429223744,2,2023
Köln_Hbf,2463,18.46,2023-05-25,254.96548550391165,0.1177425903369874,0.9930971007823286,3,2023
Köln_Hbf,2520,20.32,2023-05-26,341.23655913978496,0.1142857142857142,0.9865591397849462,4,2023
Köln_Hbf,2360,24.74,2023-05-27,339.41952506596306,0.1970338983050847,0.992084432717678,5,2023
Köln_Hbf,2018,25.13,2023-05-28,317.8308823529412,0.1912784935579781,0.9883578431372548,6,2023
Köln_Hbf,2042,21.26,2023-05-29,269.2913385826772,0.0670910871694417,0.9832020997375328,0,2023
Köln_Hbf,2343,21.64,2023-05-30,346.505376344086,0.0473751600512163,0.9905913978494624,1,2023
Köln_Hbf,2339,26.349998,2023-05-31,270.29543419874665,0.0448909790508764,0.9879140555058192,2,2023
Köln_Hbf,2342,21.97,2023-06-01,541.1875589066918,0.0939368061485909,0.9891611687087654,3,2023
Köln_Hbf,2375,20.32,2023-06-02,597.7930358018637,0.1414736842105263,0.9926434526728788,4,2023
Köln_Hbf,2239,24.09,2023-06-03,283.698347107438,0.135328271549799,0.987603305785124,5,2023
Köln_Hbf,1915,25.23,2023-06-04,242.4822695035461,0.1164490861618798,0.9793144208037824,6,2023
Köln_Hbf,2317,26.32,2023-06-05,300.3626220362622,0.0716443677168752,0.98698279869828,0,2023
Köln_Hbf,2318,26.64,2023-06-06,343.3608815426997,0.0603968938740293,0.992653810835629,1,2023
Köln_Hbf,2341,21.98,2023-06-07,342.536443148688,0.1208885091841093,0.9868804664723032,2,2023
Köln_Hbf,1424,27.05,2023-06-08,124.81876332622602,0.011938202247191,0.9857853589196872,3,2023
Köln_Hbf,617,28.4,2023-06-13,458.3157894736842,0.0761750405186385,0.9824561403508772,1,2023
Köln_Hbf,2365,25.859999,2023-06-14,390.28921998247154,0.0350951374207188,0.99079754601227,2,2023
Köln_Hbf,2369,27.73,2023-06-15,301.65554072096126,0.0514985225833685,0.9884290164663996,3,2023
Köln_Hbf,81,27.619999,2023-06-16,4.675324675324675,0.0493827160493827,0.987012987012987,4,2023
Köln_Hbf,1096,29.539999,2023-06-19,304.4228903976722,0.0593065693430656,0.98545101842871,0,2023
Köln_Hbf,2316,31.269999,2023-06-20,274.0685124354763,0.0798791018998272,0.98122946973252,1,2023
Köln_Hbf,2295,28.31,2023-06-21,285.79387186629526,0.061437908496732,0.9879294336118848,2,2023
Köln_Hbf,2296,26.81,2023-06-22,407.247191011236,0.0696864111498257,0.9897003745318352,3,2023
Köln_Hbf,2277,26.21,2023-06-23,344.7538677918425,0.0632411067193675,0.9859353023909986,4,2023
Köln_Hbf,2120,28.91,2023-06-24,317.4757281553398,0.0768867924528301,0.9826264690853348,5,2023
Köln_Hbf,1907,32.07,2023-06-25,316.1034482758621,0.0875721027792344,0.9816091954022989,6,2023
Köln_Hbf,2510,25.039999,2023-06-26,318.14892721918386,0.0529880478087649,0.9877997475809844,0,2023
Köln_Hbf,2508,23.519999,2023-06-27,356.4985410587745,0.0434609250398724,0.988328470195915,1,2023
Köln_Hbf,2516,23.21,2023-06-28,198.77670716380396,0.0512718600953895,0.9886887306242144,2,2023
Köln_Hbf,2521,25.58,2023-06-29,249.44279030199917,0.0674335581118603,0.987239472564866,3,2023
Köln_Hbf,2549,22.449999,2023-06-30,348.3862770012706,0.0737544134954884,0.9911054637865312,4,2023
Köln_Hbf,2391,22.609999,2023-07-01,242.7258960121151,0.1714763697197825,0.9813225643614336,5,2023
Köln_Hbf,2106,22.75,2023-07-02,360.1355166572558,0.1590693257359924,0.9757199322416714,6,2023
Köln_Hbf,1799,22.529999,2023-07-03,299.0402843601896,0.0617009449694274,0.9940758293838864,0,2023
Köln_Hbf,1794,24.18,2023-07-04,347.40444951511694,0.0228539576365663,0.9937250427837993,1,2023
Köln_Hbf,1792,20.74,2023-07-05,274.4191616766467,0.0680803571428571,0.9892215568862276,2,2023
Köln_Hbf,1797,24.23,2023-07-06,277.3953488372093,0.0428491930996104,0.9936046511627908,3,2023
Köln_Hbf,1821,30.609999,2023-07-07,973.9655172413792,0.171883580450302,0.9927055702917772,4,2023
Köln_Hbf,1756,34.82,2023-07-08,371.6585704371964,0.179384965831435,0.9944482997918112,5,2023
Köln_Hbf,1487,35.67,2023-07-09,400.14925373134326,0.1889710827168796,0.9892205638474296,6,2023
Köln_Hbf,1780,27.84,2023-07-10,308.3863227354529,0.0634831460674157,0.9928014397120576,0,2023
Köln_Hbf,1790,33.71,2023-07-11,338.487194758785,0.0620111731843575,0.9946396664681358,1,2023
Köln_Hbf,1792,25.73,2023-07-12,187.5771428571429,0.0234375,0.992,2,2023
Köln_Hbf,1797,24.35,2023-07-13,206.3694267515924,0.0389538119087367,0.9930515344528084,3,2023
Köln_Hbf,1824,28.63,2023-07-14,228.22934232715008,0.0246710526315789,0.9887577290612704,4,2023
Köln_Hbf,2068,26.609999,2023-07-15,263.8857782754759,0.1363636363636363,0.9815229563269876,5,2023
Köln_Hbf,1774,25.21,2023-07-16,223.12863606981253,0.1279594137542277,0.9722042663219134,6,2023
Köln_Hbf,2149,25.199999,2023-07-17,287.2648335745297,0.0353652861796184,0.9787747226242162,0,2023
Köln_Hbf,2145,26.89,2023-07-18,243.48903717826505,0.0219114219114219,0.9837940896091516,1,2023
Köln_Hbf,2143,25.359999,2023-07-19,269.0709861838971,0.0205319645356976,0.9809433063363506,2,2023
Köln_Hbf,2149,23.859999,2023-07-20,252.5697503671072,0.0493252675663099,0.9872736172295644,3,2023
Köln_Hbf,2177,23.25,2023-07-21,264.29517502365184,0.0289389067524115,0.9824976348155156,4,2023
Köln_Hbf,1506,25.789999,2023-07-22,195.93414459556192,0.0723771580345285,0.9863994273443092,5,2023
Köln_Hbf,1796,23.32,2023-07-23,183.8427393785669,0.1219376391982182,0.9752694990488268,6,2023
Köln_Hbf,2169,23.91,2023-07-24,253.87250237868696,0.0308898109727985,0.9871550903901046,0,2023
Köln_Hbf,2166,19.67,2023-07-25,285.5688910225636,0.0383194829178208,0.9841574651944311,1,2023
Köln_Hbf,2167,22.24,2023-07-26,230.58425881216803,0.0443008767881864,0.9855142443264124,2,2023
Köln_Hbf,2168,20.27,2023-07-27,289.9324975891996,0.0433579335793357,0.9758919961427194,3,2023
Köln_Hbf,2244,23.82,2023-07-28,286.1793103448276,0.0307486631016042,0.9889655172413792,4,2023
Köln_Hbf,2318,23.26,2023-07-29,268.854734754586,0.129853321829163,0.9861179970252852,5,2023
Köln_Hbf,2035,22.82,2023-07-30,274.8666666666667,0.1154791154791154,0.9783333333333334,6,2023
Köln_Hbf,2426,21.8,2023-07-31,551.3651393481341,0.1273701566364385,0.9924421350968352,0,2023
Köln_Hbf,2197,21.92,2023-08-01,314.00374181478014,0.0268548020027309,0.9836295603367632,1,2023
Köln_Hbf,2197,24.48,2023-08-02,462.44665718349927,0.0400546199362767,0.9914651493598862,2,2023
Köln_Hbf,2203,21.35,2023-08-03,392.6752503576538,0.0481162051747616,0.9899856938483548,3,2023
Köln_Hbf,2245,22.09,2023-08-04,410.40451552210726,0.0530066815144766,0.9877704609595483,4,2023
Köln_Hbf,2088,21.99,2023-08-05,325.44549527127924,0.0378352490421455,0.979591836734694,5,2023
Köln_Hbf,1794,16.92,2023-08-06,319.83644859813086,0.0457079152731326,0.9760514018691588,6,2023
Köln_Hbf,2135,20.13,2023-08-07,347.2447968285431,0.0548009367681498,0.9881070366699702,0,2023
Köln_Hbf,2127,19.289999,2023-08-08,330.6673114119923,0.0277385989656793,0.9893617021276596,1,2023
Köln_Hbf,2136,22.67,2023-08-09,315.3883029721956,0.0234082397003745,0.9899328859060402,2,2023
Köln_Hbf,2138,25.06,2023-08-10,318.39731285988483,0.0252572497661365,0.982725527831094,3,2023
Köln_Hbf,2142,30.65,2023-08-11,317.52776436504104,0.0331465919701213,0.9869628198937712,4,2023
Köln_Hbf,2043,25.22,2023-08-12,337.088161209068,0.0283896231032794,0.9838790931989924,5,2023
Köln_Hbf,1868,25.66,2023-08-13,281.7348066298343,0.0310492505353319,0.980110497237569,6,2023
Köln_Hbf,2206,26.369999,2023-08-14,272.9526462395543,0.0235720761559383,0.9870009285051068,0,2023
Köln_Hbf,2171,25.63,2023-08-15,387.9371316306483,0.0621833256563795,0.9901768172888016,1,2023
Köln_Hbf,2167,25.199999,2023-08-16,374.0651965484181,0.0373788647900323,0.9884947267497604,2,2023
Köln_Hbf,2169,23.529999,2023-08-17,289.2601431980907,0.0341171046565237,0.9875894988066826,3,2023
Köln_Hbf,2169,30.769999,2023-08-18,364.0075793462814,0.0267404333794375,0.9905258171482708,4,2023
Köln_Hbf,1648,30.22,2023-08-19,407.8101265822785,0.0412621359223301,0.9873417721518988,5,2023
Köln_Hbf,1459,28.779999,2023-08-20,427.9970866715222,0.0589444825222755,0.98761835396941,6,2023
Köln_Hbf,2135,27.9,2023-08-21,286.4726196349285,0.0505854800936768,0.989146521953626,0,2023
Köln_Hbf,2146,26.88,2023-08-22,303.21223709369025,0.0251630941286113,0.9847036328871892,1,2023
Köln_Hbf,2146,28.5,2023-08-23,370.4285026480501,0.03215284249767,0.9903707270101108,2,2023
Köln_Hbf,2148,27.43,2023-08-24,337.955088389871,0.0256052141527001,0.9928332537028188,3,2023
Köln_Hbf,2181,24.0,2023-08-25,368.58806404657935,0.0550206327372764,0.9864143619602136,4,2023
Köln_Hbf,1582,23.15,2023-08-26,408.6675824175824,0.079646017699115,0.9938186813186812,5,2023
Köln_Hbf,1466,22.14,2023-08-27,277.5164353542732,0.0661664392905866,0.995617238860482,6,2023
Köln_Hbf,2150,20.09,2023-08-28,378.4266263237519,0.0776744186046511,0.9828542612203732,0,2023
Köln_Hbf,2148,20.96,2023-08-29,322.7217125382263,0.0865921787709497,0.9857288481141692,1,2023
Köln_Hbf,2148,19.439999,2023-08-30,395.3181155900923,0.0414338919925512,0.9839728023312287,2,2023
Köln_Hbf,2151,20.529999,2023-08-31,311.6626965221534,0.0241748024174802,0.9895188184849928,3,2023
Köln_Hbf,2172,20.289999,2023-09-01,384.4126074498568,0.0359116022099447,0.9871060171919772,4,2023
Köln_Hbf,1630,25.43,2023-09-02,281.77024482109226,0.0226993865030674,0.9880728185812933,5,2023
Köln_Hbf,1474,23.97,2023-09-03,269.37961595273265,0.0814111261872456,0.9881831610044312,6,2023
Köln_Hbf,2132,26.98,2023-09-04,287.5521085797382,0.0323639774859287,0.9917595734367426,0,2023
Köln_Hbf,2130,29.699999,2023-09-05,331.1722141823444,0.0267605633802816,0.9903521466473708,1,2023
Köln_Hbf,2144,29.82,2023-09-06,510.4952476238119,0.0676305970149253,0.994497248624312,2,2023
Köln_Hbf,2140,30.33,2023-09-07,328.4349098000975,0.0415887850467289,0.9882983910287664,3,2023
Köln_Hbf,2242,31.369999,2023-09-08,360.7835820895522,0.0437109723461195,0.9906716417910448,4,2023
Köln_Hbf,2096,31.34,2023-09-09,336.8605817452357,0.0486641221374045,0.9859578736208626,5,2023
Köln_Hbf,1869,31.92,2023-09-10,738.2179341657207,0.0572498662386302,0.9880817253121452,6,2023
Köln_Hbf,2143,32.079998,2023-09-11,683.474025974026,0.1376574895006999,0.988095238095238,0,2023
Köln_Hbf,2138,26.21,2023-09-12,467.4066599394551,0.0729653882132834,0.992936427850656,1,2023
Köln_Hbf,2136,21.88,2023-09-13,353.6504854368932,0.0355805243445692,0.987378640776699,2,2023
Köln_Hbf,2142,21.84,2023-09-14,366.0839160839161,0.065359477124183,0.9885114885114884,3,2023
Köln_Hbf,2267,24.519999,2023-09-15,398.2854494902688,0.0480811645346272,0.98887859128823,4,2023
Köln_Hbf,2387,27.47,2023-09-16,387.2699542450432,0.1759530791788856,0.9888154550076258,5,2023
Köln_Hbf,2105,27.279999,2023-09-17,380.77702702702703,0.1562945368171021,0.9859234234234234,6,2023
Köln_Hbf,2510,25.43,2023-09-18,473.15263908701854,0.1621513944223107,0.9914407988587732,0,2023
Köln_Hbf,2499,20.949999,2023-09-19,423.3095577746077,0.1584633853541416,0.9885877318116976,1,2023
Köln_Hbf,2496,24.15,2023-09-20,454.6622579121398,0.1518429487179487,0.9886632026452528,2,2023
Köln_Hbf,2480,21.91,2023-09-21,526.3400576368877,0.1604838709677419,0.9875120076849184,3,2023
Köln_Hbf,2529,19.51,2023-09-22,428.7345385347288,0.1688414393040727,0.9909609895337772,4,2023
Köln_Hbf,2429,17.96,2023-09-23,545.43,0.1766158913132976,0.991,5,2023
Köln_Hbf,2127,21.05,2023-09-24,399.4210813762971,0.1391631405735778,0.9901693063899508,6,2023
Köln_Hbf,2529,22.449999,2023-09-25,363.4916559691912,0.0759193357058125,0.990158322635858,0,2023
Köln_Hbf,2524,24.779999,2023-09-26,288.57519788918205,0.0990491283676703,0.9925241864555848,1,2023
Köln_Hbf,2522,25.75,2023-09-27,321.6710182767624,0.0888183980967486,0.9939077458659704,2,2023
Köln_Hbf,2528,23.689999,2023-09-28,597.0066815144767,0.1119462025316455,0.9933184855233852,3,2023
Köln_Hbf,2495,24.47,2023-09-29,428.6560755689137,0.0665330661322645,0.9935594675826536,4,2023
Köln_Hbf,2023,19.89,2023-09-30,355.8185840707965,0.1062778052397429,0.9928097345132744,5,2023
Köln_Hbf,35,25.38,2023-10-01,1854.857142857143,0.0,1.0,6,2023
Köln_Hbf,17749,26.72,2024-05-01,440.9229370311434,0.0086202039551524,0.9815867242555126,2,2024
Köln_Hbf,24039,26.05,2024-05-02,495.6912910877669,0.0179291983859561,0.9866994239240936,3,2024
Köln_Hbf,21680,16.05,2024-05-03,469.572529782761,0.0126845018450184,0.9875729969633265,4,2024
Köln_Hbf,17110,18.01,2024-05-04,429.3191792195469,0.0144944476914085,0.9831573953267704,5,2024
Köln_Hbf,15146,18.09,2024-05-05,411.1343945194439,0.0169681764162155,0.9822687890388878,6,2024
Köln_Hbf,18925,16.24,2024-05-06,486.70897649653097,0.0175429326287978,0.989135696229764,0,2024
Köln_Hbf,19742,18.22,2024-05-07,346.2438417258725,0.0232499240198561,0.986309184255562,1,2024
Köln_Hbf,17757,17.15,2024-05-08,405.9019204389575,0.0146984287886467,0.9865683584819388,2,2024
Köln_Hbf,15479,21.779999,2024-05-09,563.9984289080911,0.0131145422830932,0.9780701754385964,3,2024
Köln_Hbf,20058,23.279999,2024-05-10,500.9547274407145,0.0287167215076278,0.982188686993122,4,2024
Köln_Hbf,14772,25.26,2024-05-11,534.956473292012,0.0279582994855131,0.9795946792952156,5,2024
Köln_Hbf,13856,26.029999,2024-05-12,608.8032750932085,0.0127742494226327,0.976240953286059,6,2024
Köln_Hbf,18353,24.939999,2024-05-13,729.4097629664398,0.0713234893477905,0.9853907533442854,0,2024
Köln_Hbf,16619,27.31,2024-05-14,436.74555849265386,0.0211805764486431,0.981373332513678,1,2024
Köln_Hbf,21912,20.789999,2024-05-15,394.3007964437859,0.0144213216502373,0.9859696240044452,2,2024
Köln_Hbf,19769,21.609999,2024-05-16,399.2492722537153,0.0095098386362486,0.9809509218119604,3,2024
Köln_Hbf,24187,18.19,2024-05-17,665.2773395864422,0.0302641915078347,0.9846088254103602,4,2024
Köln_Hbf,17090,21.369999,2024-05-18,439.2423698384201,0.0222352252779403,0.9763016157989228,5,2024
Köln_Hbf,15249,19.869999,2024-05-19,449.6980532379817,0.0096399763918945,0.9726526287908888,6,2024
Köln_Hbf,13324,22.359999,2024-05-20,269.12179584407704,0.0103572500750525,0.9664795995753072,0,2024
Köln_Hbf,19769,20.789999,2024-05-21,410.0591350851031,0.0162881278769791,0.9813853036458066,1,2024
Köln_Hbf,18528,20.25,2024-05-22,414.4257307399761,0.0065846286701208,0.9817994132348148,2,2024
Köln_Hbf,20853,22.43,2024-05-23,416.0334679184706,0.0141946002973193,0.981806683854648,3,2024
Köln_Hbf,20917,16.74,2024-05-24,425.7129047849202,0.0108524166945546,0.9827936201063316,4,2024
Köln_Hbf,15028,19.77,2024-05-25,458.45875251509057,0.0078520095821133,0.9782025486250838,5,2024
Köln_Hbf,16936,23.67,2024-05-26,593.3742990096647,0.0102739726027397,0.9741677604104522,6,2024
Köln_Hbf,23900,20.33,2024-05-27,620.1714824659178,0.0240167364016736,0.9819943410786248,0,2024
Köln_Hbf,20456,20.01,2024-05-28,474.8513674197384,0.0132968322252639,0.9837990487514864,1,2024
Köln_Hbf,14093,20.85,2024-05-29,493.2021543985637,0.0119208117505144,0.9868581687612208,2,2024
Köln_Hbf,4910,19.439999,2024-05-30,336.03184323331294,0.0022403258655804,0.9614206981016534,3,2024
Köln_Hbf,19278,19.789999,2024-05-31,550.1118286344306,0.0119825708061002,0.9771617577571272,4,2024
Köln_Hbf,17674,19.529999,2024-06-01,479.5241379310345,0.0155029987552336,0.977528735632184,5,2024
Köln_Hbf,14946,17.06,2024-06-02,552.541567695962,0.0141174896293322,0.9731930777061418,6,2024
Köln_Hbf,24314,15.95,2024-06-03,844.5224071702945,0.0363576540264867,0.983311993171148,0,2024
Köln_Hbf,22830,22.24,2024-06-04,645.9371237458193,0.0177398160315374,0.9789520624303232,1,2024
Köln_Hbf,20445,18.18,2024-06-05,675.6206181495013,0.0093421374419173,0.9800533228004344,2,2024
Köln_Hbf,22021,20.029999,2024-06-06,663.1754564834554,0.0201171608918759,0.9830846232273612,3,2024
Köln_Hbf,20790,21.789999,2024-06-07,695.9294981640147,0.0175565175565175,0.9836964504283966,4,2024
Köln_Hbf,18271,22.63,2024-06-08,873.9754954548021,0.030649663401018,0.9788267178589576,5,2024
Köln_Hbf,14983,20.96,2024-06-09,638.1773733532527,0.0171527731428952,0.9743990221377156,6,2024
Köln_Hbf,21940,15.309999,2024-06-10,473.264675592173,0.0263445761166818,0.9823050276191369,0,2024
Köln_Hbf,23039,17.66,2024-06-11,527.4505611972207,0.0254785363948088,0.9820505968287904,1,2024
Köln_Hbf,21829,17.06,2024-06-12,530.3952680499484,0.0241421961610701,0.9817388038681814,2,2024
Köln_Hbf,22720,20.26,2024-06-13,603.8888388433475,0.0227992957746478,0.9792811458427167,3,2024
Köln_Hbf,23459,20.48,2024-06-14,550.1086529650478,0.0231041391363655,0.9845529519570624,4,2024
Köln_Hbf,20277,20.09,2024-06-15,644.9845520082389,0.0422646348079104,0.9833676622039136,5,2024
Köln_Hbf,16286,18.8,2024-06-16,412.9416144443755,0.0103770109296328,0.9747471613823911,6,2024
Köln_Hbf,21060,21.91,2024-06-17,439.9294843543411,0.0303418803418803,0.9845257333137456,0,2024
Köln_Hbf,22465,22.9,2024-06-18,433.1928936304869,0.0153127086579123,0.9848108132543736,1,2024
Köln_Hbf,26144,21.8,2024-06-19,655.2284740984377,0.023141064871481,0.9862171580719684,2,2024
Köln_Hbf,22612,22.39,2024-06-20,620.7987435494728,0.014461347956837,0.9873457482611622,3,2024
Köln_Hbf,33013,24.48,2024-06-21,701.8026843076141,0.0475873140883894,0.9877870364480632,4,2024
Köln_Hbf,19661,21.67,2024-06-22,488.5400763358778,0.0405371039112964,0.980332909245123,5,2024
Köln_Hbf,16124,25.029999,2024-06-23,424.3919046718366,0.0163110890597866,0.9767984364163672,6,2024
Köln_Hbf,23396,28.08,2024-06-24,440.2321270962048,0.0314583689519575,0.9825242718446602,0,2024
Köln_Hbf,24735,30.09,2024-06-25,727.9783676670933,0.020699413786133,0.9842298641786732,1,2024
Köln_Hbf,24130,31.55,2024-06-26,704.874825263693,0.0216742644011603,0.9858516541703732,2,2024
Köln_Hbf,24540,30.859999,2024-06-27,713.013750793315,0.0368785656071719,0.9865030674846624,3,2024
Köln_Hbf,25873,24.34,2024-06-28,626.9866989117291,0.0410853012793259,0.9874647319629182,4,2024
Köln_Hbf,22628,28.34,2024-06-29,605.2421200093393,0.0536061516704967,0.9820686434742004,5,2024
Köln_Hbf,17367,22.289999,2024-06-30,462.8871758934828,0.0139920538953187,0.975881803316982,6,2024
Köln_Hbf,21838,19.72,2024-07-01,372.4432452549311,0.0156607747962267,0.982229251953852,0,2024
Köln_Hbf,24665,16.99,2024-07-02,430.6361131980967,0.028664098925603,0.9818014859337172,1,2024
Köln_Hbf,22416,16.6,2024-07-03,449.1745602165088,0.0109743040685224,0.9851150202976996,2,2024
Köln_Hbf,21662,20.99,2024-07-04,551.9865162226696,0.0139876281045148,0.9833793716934314,3,2024
Köln_Hbf,21225,20.85,2024-07-05,470.6492383103465,0.0195995288574793,0.9843817578932192,4,2024
Köln_Hbf,17533,24.34,2024-07-06,511.2441424554827,0.0262932755375577,0.9786199625117152,5,2024
Köln_Hbf,15447,22.16,2024-07-07,374.9465205334742,0.0194859843335275,0.9739205070645716,6,2024
Köln_Hbf,22448,24.35,2024-07-08,431.19034558420185,0.0254811119030648,0.9820808191625524,0,2024
Köln_Hbf,24203,32.35,2024-07-09,538.2952688262163,0.0140478453084328,0.9836148011566024,1,2024
Köln_Hbf,20872,26.59,2024-07-10,402.9798761609907,0.0095822154082023,0.9840847523219814,2,2024
Köln_Hbf,20117,25.05,2024-07-11,398.0092128980573,0.0072078341701048,0.98137392349289,3,2024
Köln_Hbf,20667,20.85,2024-07-12,379.414493042741,0.0298059708714375,0.98015061592938,4,2024
Köln_Hbf,17115,20.01,2024-07-13,369.74316190930216,0.0195150452819164,0.9759847446516894,5,2024
Köln_Hbf,13323,24.06,2024-07-14,359.674759505268,0.016888088268408,0.9646510917697358,6,2024
Köln_Hbf,20939,28.859999,2024-07-15,377.8195379474016,0.0139452695926262,0.9812079236692982,0,2024
Köln_Hbf,21789,23.4,2024-07-16,475.51266586248494,0.0107852586167332,0.9797717361046674,1,2024
Köln_Hbf,26119,24.359999,2024-07-17,577.5661128013105,0.0184157126995673,0.9775723535377174,2,2024
Köln_Hbf,24689,28.56,2024-07-18,494.2779473882314,0.0315120093968974,0.9823093973485006,3,2024
Köln_Hbf,21892,29.289999,2024-07-19,507.5856284076612,0.0197789146720263,0.9752085372104944,4,2024
Köln_Hbf,19765,33.17,2024-07-20,465.54428526612986,0.0323298760435112,0.9767855275541149,5,2024
Köln_Hbf,15615,26.97,2024-07-21,367.9913351713273,0.0243996157540826,0.959826703426546,6,2024
Köln_Hbf,18599,25.05,2024-07-22,402.8679080434664,0.0153771708156352,0.9724785671380988,0,2024
Köln_Hbf,20937,25.06,2024-07-23,421.1484799530034,0.0243587906576873,0.9788025652322906,1,2024
Köln_Hbf,20598,23.55,2024-07-24,400.615018351354,0.0211671036022914,0.9758456502331118,2,2024
Köln_Hbf,21608,26.89,2024-07-25,523.9043328220858,0.0344316919659385,0.9766583588957056,3,2024
Köln_Hbf,19782,25.189999,2024-07-26,414.2224823110071,0.0497927408755434,0.9798372080651168,4,2024
Köln_Hbf,16597,22.46,2024-07-27,294.04160570010816,0.0529011267096463,0.9688275335581144,5,2024
Köln_Hbf,14348,24.289999,2024-07-28,357.5489984923541,0.0292026763311959,0.964390839256228,6,2024
Köln_Hbf,22164,28.029999,2024-07-29,492.8461931527849,0.0287402995849124,0.9748687694523156,0,2024
Köln_Hbf,20923,31.949999,2024-07-30,403.8298287554276,0.0203603689719447,0.9787773820559106,1,2024
Köln_Hbf,20280,25.71,2024-07-31,371.20704316942624,0.0142504930966469,0.9770396678505328,2,2024
Köln_Hbf,20783,23.109999,2024-08-01,557.8924497555677,0.0255978443920511,0.9781739173374154,3,2024
Köln_Hbf,19296,26.099998,2024-08-02,437.86577608142494,0.0223880597014925,0.9761980491942324,4,2024
Köln_Hbf,17214,24.85,2024-08-03,625.6783712009442,0.0156268153828279,0.971082915314252,5,2024
Köln_Hbf,16897,21.47,2024-08-04,593.5673076923077,0.0152098005563117,0.9753605769230768,6,2024
Köln_Hbf,19677,27.699999,2024-08-05,452.70890535149977,0.0190069624434619,0.9757550639796922,0,2024
Köln_Hbf,20012,29.89,2024-08-06,573.7040441176471,0.0213871676993803,0.9812091503267972,1,2024
Köln_Hbf,18665,23.96,2024-08-07,437.8252363873492,0.0140905437985534,0.9707097054667972,2,2024
Köln_Hbf,20726,24.779999,2024-08-08,710.9956966909037,0.024558525523497,0.983083543552456,3,2024
Köln_Hbf,22025,26.029999,2024-08-09,457.0451359686011,0.0282860385925085,0.979394449116905,4,2024
Köln_Hbf,15439,27.289999,2024-08-10,429.3136931105093,0.0194313103180257,0.9700112292753814,5,2024
Köln_Hbf,13045,29.07,2024-08-11,335.12013641295925,0.0109620544269835,0.9574484576034724,6,2024
Köln_Hbf,17497,34.219997,2024-08-12,333.147193419452,0.0133737212093501,0.9739906157678272,0,2024
Köln_Hbf,21561,35.13,2024-08-13,590.7215892491967,0.0474467789063587,0.9831044892394586,1,2024
Köln_Hbf,21747,24.09,2024-08-14,437.0552901669584,0.0277739458316089,0.9819325545097668,2,2024
Köln_Hbf,20171,28.269999,2024-08-15,328.7774196901965,0.0462545238213276,0.981287036074436,3,2024
Köln_Hbf,17521,26.849998,2024-08-16,373.8872815646337,0.0136407739284287,0.9758129846082628,4,2024
Köln_Hbf,14582,24.91,2024-08-17,266.4292723959064,0.0216705527362501,0.969928501331838,5,2024
Köln_Hbf,12667,22.41,2024-08-18,451.3253203852583,0.0082103102549932,0.9673644830056516,6,2024
Köln_Hbf,17791,24.33,2024-08-19,321.074128398962,0.0036535326850654,0.9773214487193952,0,2024
Köln_Hbf,20991,26.939999,2024-08-20,755.2364374818683,0.0147205945405173,0.982835315733488,1,2024
Köln_Hbf,18204,21.65,2024-08-21,311.9760479041916,0.009228740936058,0.9779330228432024,2,2024
Köln_Hbf,17707,25.31,2024-08-22,262.2726491318549,0.0144575591573953,0.9783393501805054,3,2024
Köln_Hbf,22803,25.73,2024-08-23,413.7324237783656,0.0549927641099855,0.985567775766857,4,2024
Köln_Hbf,14453,31.92,2024-08-24,416.06489312624944,0.1001176226388984,0.9832385053052436,5,2024
Köln_Hbf,13999,21.63,2024-08-25,415.3423637987496,0.0402171583684548,0.9735040190532896,6,2024
Köln_Hbf,20191,23.43,2024-08-26,372.7356205852674,0.0183745233024614,0.9785570131180624,0,2024
Köln_Hbf,19275,26.849998,2024-08-27,477.0771098326912,0.0170168612191958,0.9786773631709506,1,2024
Köln_Hbf,19653,30.82,2024-08-28,397.9443321411911,0.0183178140741871,0.9772456331311876,2,2024
Köln_Hbf,20087,31.029999,2024-08-29,436.05735849056606,0.0105540897097625,0.9776100628930816,3,2024
Köln_Hbf,19179,22.68,2024-08-30,323.3794518386028,0.0088638615151989,0.9772739228786363,4,2024
Köln_Hbf,17238,28.33,2024-08-31,360.14923605353545,0.0204200023204548,0.9751273244107544,5,2024
Köln_Hbf,14990,32.579998,2024-09-01,261.9371549314975,0.0212808539026017,0.9681684956717334,6,2024
Köln_Hbf,17977,30.46,2024-09-02,313.0875680580762,0.0191911887411692,0.9778244101633394,0,2024
Köln_Hbf,18647,28.39,2024-09-03,361.5459042235147,0.0134069823564112,0.9791813882698266,1,2024
Köln_Hbf,19277,19.369999,2024-09-04,346.4937131943339,0.022202624889765,0.9803172582099846,2,2024
Köln_Hbf,17033,29.269999,2024-09-05,377.89118515394347,0.0255973698115423,0.9821654515876364,3,2024
Köln_Hbf,18017,24.18,2024-09-06,321.1203555960793,0.0260309707498473,0.9784590836562572,4,2024
Köln_Hbf,14919,28.539999,2024-09-07,658.8505910838912,0.0587841008110463,0.9873949579831932,5,2024
Köln_Hbf,11752,23.82,2024-09-08,581.9528143500928,0.0370149761742682,0.982504197225413,6,2024
Köln_Hbf,14383,19.199999,2024-09-09,422.7763278549764,0.0143224640200236,0.986809621217465,0,2024
Köln_Hbf,17943,19.25,2024-09-10,508.16298811544993,0.0152148470155492,0.9880022637238256,1,2024
Köln_Hbf,21684,16.51,2024-09-11,503.1241124680489,0.0257332595462091,0.9795512638454984,2,2024
Köln_Hbf,18841,15.13,2024-09-12,406.2291870714985,0.0245740671938856,0.9776363042768528,3,2024
Köln_Hbf,14865,16.539999,2024-09-13,420.2197057028548,0.0079381096535486,0.9793178273547162,4,2024
Köln_Hbf,11679,16.99,2024-09-14,373.1609498680739,0.0264577446699203,0.9731750219876868,5,2024
Köln_Hbf,10456,18.779999,2024-09-15,407.2780890592746,0.0270657995409334,0.9739506536911432,6,2024
Köln_Hbf,18357,21.029999,2024-09-16,543.7461617195496,0.0420003268507926,0.9802683953144546,0,2024
Köln_Hbf,15800,20.35,2024-09-17,419.0604459337544,0.0178481012658227,0.9798943162778708,1,2024
Köln_Hbf,15593,25.15,2024-09-18,390.3497232171931,0.0152632591547489,0.9785086291110388,2,2024
Köln_Hbf,16661,24.83,2024-09-19,397.0244890443749,0.0220875097533161,0.9808506720677592,3,2024
Köln_Hbf,14036,24.5,2024-09-20,476.5912097603998,0.030635508691935,0.9800823166250184,4,2024
Köln_Hbf,14931,25.17,2024-09-21,631.3731802911534,0.0430647645837519,0.984112541993281,5,2024
Köln_Hbf,10353,25.34,2024-09-22,610.6771653543307,0.0186419395344344,0.9748031496062992,6,2024
Köln_Hbf,15433,21.89,2024-09-23,516.9812839605554,0.0340828095639214,0.9826256121285302,0,2024
Köln_Hbf,14755,20.74,2024-09-24,439.4821465859261,0.0262961707895628,0.981554952321292,1,2024
Köln_Hbf,15062,17.779999,2024-09-25,398.2604556273377,0.0237020316027088,0.983815028901734,2,2024
Köln_Hbf,14100,19.539999,2024-09-26,388.53073681150994,0.0239716312056737,0.9827786658915856,3,2024
Köln_Hbf,12043,17.88,2024-09-27,518.4504847645429,0.0407705721165822,0.9852839335180056,4,2024
Köln_Hbf,12077,15.24,2024-09-28,445.9233261339093,0.0799039496563716,0.9838912886969042,5,2024
Köln_Hbf,8284,14.4,2024-09-29,497.5391611925215,0.0444229840656687,0.9761243052046488,6,2024
Köln_Hbf,16316,16.369999,2024-09-30,510.621771332545,0.0152610934052463,0.9856227049231344,0,2024
Köln_Hbf,104,16.02,2024-10-01,113.81443298969072,0.0673076923076923,0.9587628865979382,1,2024
Köln_Hbf,14917,28.39,2025-05-01,445.1886409736308,0.0085137762284641,0.977079107505071,3,2025
Köln_Hbf,15329,28.18,2025-05-02,462.8894921538767,0.0147432970187226,0.9802026087532278,4,2025
Köln_Hbf,8021,20.96,2025-05-03,492.56689284342593,0.0261812741553422,0.9738829855332224,5,2025
Köln_Hbf,6455,14.53,2025-05-04,308.73519658929416,0.0189000774593338,0.9630506868782568,6,2025
Köln_Hbf,8901,15.08,2025-05-05,400.8339943342776,0.0085383664756768,0.9785835694050992,0,2025
Köln_Hbf,8833,15.94,2025-05-06,419.0769230769231,0.0065662855202083,0.9792592592592592,1,2025
Köln_Hbf,10131,16.949999,2025-05-07,487.2173215717722,0.0152995755601618,0.9814554931836408,2,2025
Köln_Hbf,9677,18.27,2025-05-08,541.5036792151008,0.0310013433915469,0.985283139596886,3,2025
Köln_Hbf,8874,20.23,2025-05-09,357.03087062088105,0.0253549695740365,0.981500751531969,4,2025
Köln_Hbf,6944,22.31,2025-05-10,539.36,0.0279377880184331,0.9715555555555556,5,2025
Köln_Hbf,5565,24.65,2025-05-11,455.5048384151908,0.0158131176999101,0.9722475807924046,6,2025
Köln_Hbf,6861,24.539999,2025-05-12,477.71935096153845,0.029879026380994,0.9794170673076924,0,2025
Köln_Hbf,8328,23.859999,2025-05-13,445.1678641410842,0.0808117195004803,0.9725669497060744,1,2025
Köln_Hbf,11101,23.58,2025-05-14,564.0010976948408,0.0152238537068732,0.975759238931577,2,2025
Köln_Hbf,11685,19.609999,2025-05-15,507.6890608512135,0.0267864783910997,0.9763454097784032,3,2025
Köln_Hbf,10275,19.609999,2025-05-16,528.2202713487629,0.0244282238442822,0.978950518754988,4,2025
Köln_Hbf,9509,19.17,2025-05-17,395.06817213464,0.0127247870438531,0.9744354495100128,5,2025
Köln_Hbf,7279,17.74,2025-05-18,393.684502356529,0.0089297980491825,0.9710285555863598,6,2025
Köln_Hbf,17829,22.619999,2025-05-19,473.871259175607,0.0066745190420102,0.9805759457933372,0,2025
Köln_Hbf,15435,23.43,2025-05-20,404.3357100804605,0.0095885973436993,0.9789363511480342,1,2025
Köln_Hbf,17631,20.8,2025-05-21,430.31437211159925,0.005898701151381,0.97774861642038,2,2025
Köln_Hbf,19189,17.15,2025-05-22,453.6241186993581,0.0095367137422481,0.9821109123434704,3,2025
Köln_Hbf,19939,15.87,2025-05-23,489.4224647567076,0.0074226390490997,0.9835783942195948,4,2025
Köln_Hbf,18691,16.98,2025-05-24,508.7433532284319,0.0139639398641057,0.981226261530114,5,2025
Köln_Hbf,15428,21.47,2025-05-25,460.5445544554456,0.0049261083743842,0.9777879103699844,6,2025
Köln_Hbf,15634,19.699999,2025-05-26,387.09702308236353,0.0051810157349366,0.9765318588053752,0,2025
Köln_Hbf,20119,19.32,2025-05-27,395.1293622141998,0.0086982454396341,0.9800942639390292,1,2025
Köln_Hbf,19448,21.07,2025-05-28,570.44752845782,0.0107466063348416,0.9843027184365092,2,2025
Köln_Hbf,12597,19.789999,2025-05-29,539.3270309245313,0.0091291577359688,0.9735619291780164,3,2025
Köln_Hbf,17898,26.32,2025-05-30,401.30953721427767,0.0075986143703207,0.9812521112487332,4,2025
Köln_Hbf,15686,28.38,2025-05-31,447.83978397839786,0.0084151472650771,0.9786550083579788,5,2025
Köln_Hbf,12180,22.09,2025-06-01,427.7689638076351,0.0064039408866995,0.971079160469344,6,2025
Köln_Hbf,17220,21.56,2025-06-02,441.2783940834654,0.0106271777003484,0.9791629981804308,0,2025
Köln_Hbf,18556,24.74,2025-06-03,484.81856815952926,0.0108859668031903,0.9835458210744252,1,2025
Köln_Hbf,22479,22.9,2025-06-04,428.79911977365606,0.1509408781529427,0.9825526563973592,2,2025
Köln_Hbf,22307,19.189999,2025-06-05,495.9238735465116,0.013045232438248,0.9851925872093024,3,2025
Köln_Hbf,20314,21.71,2025-06-06,494.0750710333483,0.0124544649010534,0.9831513882657892,4,2025
Köln_Hbf,17644,19.699999,2025-06-07,379.2065757177921,0.0070845613239628,0.9745419259090132,5,2025
Köln_Hbf,15662,16.8,2025-06-08,479.198973042362,0.0052356020942408,0.9697689345314506,6,2025
Köln_Hbf,12170,19.779999,2025-06-09,309.4614624505929,0.0021364009860312,0.9724143610013176,0,2025
Köln_Hbf,13307,21.859999,2025-06-10,348.9576695493855,0.0093935522657248,0.9782278865119102,1,2025
Köln_Hbf,13349,22.93,2025-06-11,381.67508480964943,0.0062926061877294,0.9822842065586128,2,2025
Köln_Hbf,17899,28.289999,2025-06-12,393.1825088637515,0.0072629755852282,0.9786144408801846,3,2025
Köln_Hbf,22105,31.929998,2025-06-13,949.4330212205336,0.038543315991857,0.9854608761116078,4,2025
Köln_Hbf,17204,32.71,2025-06-14,585.3386406844106,0.021622878400372,0.9803944866920152,5,2025
Köln_Hbf,16874,22.769999,2025-06-15,626.8796099512439,0.0519141875074078,0.9794974371796474,6,2025
Köln_Hbf,19466,24.81,2025-06-16,462.7719389075848,0.0077571149696907,0.9822935542324618,0,2025
Köln_Hbf,22509,27.09,2025-06-17,520.4563589904515,0.0089741881025367,0.9851616084637108,1,2025
Köln_Hbf,21070,27.47,2025-06-18,516.1137440758293,0.0085904129093497,0.9843937000335105,2,2025
Köln_Hbf,14050,25.5,2025-06-19,360.97592433362,0.0066903914590747,0.9742762969332188,3,2025
Köln_Hbf,21348,26.89,2025-06-20,454.06258890469417,0.0120854412591343,0.9816500711237554,4,2025
Köln_Hbf,19801,31.09,2025-06-21,391.65708256396726,0.0427251148931872,0.9793194407807966,5,2025
Köln_Hbf,17443,34.89,2025-06-22,532.4757936740801,0.023046494295706,0.974884103045596,6,2025
Köln_Hbf,20272,24.46,2025-06-23,430.18417874396135,0.0197316495659037,0.978160225442834,0,2025
Köln_Hbf,20725,24.91,2025-06-24,495.9620927165258,0.0122557297949336,0.9821698988813444,1,2025
Köln_Hbf,21393,29.949999,2025-06-25,477.3852028639618,0.0207077081288271,0.9792840095465394,2,2025
Köln_Hbf,23474,24.89,2025-06-26,410.0728165797751,0.011289085797052,0.9865138523848508,3,2025
Köln_Hbf,24623,23.699999,2025-06-27,429.7099538562953,0.0142549648702432,0.9871868820039552,4,2025
Köln_Hbf,19487,29.14,2025-06-28,344.971898417985,0.0139067070354595,0.9783513738551208,5,2025
Köln_Hbf,14858,30.59,2025-06-29,427.19754350051176,0.0136626733073091,0.96560900716479,6,2025
Köln_Hbf,27792,32.45,2025-06-30,715.2908199018921,0.0244314910765687,0.9841404492309962,0,2025
Köln_Hbf,28140,36.27,2025-07-01,1059.2808501085085,0.0502487562189054,0.9878395569857068,1,2025
Köln_Hbf,26768,37.629997,2025-07-02,994.5370768089344,0.0432979677226539,0.9871139052676792,2,2025
Köln_Hbf,25160,24.269999,2025-07-03,728.1137309292649,0.0256756756756756,0.9838051725544588,3,2025
Köln_Hbf,27320,25.519999,2025-07-04,745.0578100204035,0.0312591508052708,0.9848484848484848,4,2025
Köln_Hbf,20221,28.01,2025-07-05,509.2225913621263,0.0324415211908412,0.9780730897009968,5,2025
Köln_Hbf,17133,18.81,2025-07-06,425.6102327233967,0.0143582559971983,0.976490791733286,6,2025
Köln_Hbf,20573,20.65,2025-07-07,380.72489601901367,0.0183249890633354,0.9823232323232324,0,2025
Köln_Hbf,17078,20.77,2025-07-08,568.7095817264907,0.0130577350977866,0.985523583506378,1,2025
Köln_Hbf,18269,22.89,2025-07-09,508.311905159459,0.0165307351250752,0.9814660210385708,2,2025
Köln_Hbf,19729,25.539999,2025-07-10,658.3787147969504,0.0227076891885042,0.981639956433795,3,2025
Köln_Hbf,16687,23.88,2025-07-11,337.7901961975339,0.0134236231797207,0.9759460608637552,4,2025
Köln_Hbf,12419,26.07,2025-07-12,414.2527978933509,0.0214993155648602,0.9791803818301514,5,2025
Köln_Hbf,12354,26.49,2025-07-13,634.1406506736773,0.014732070584426,0.9769963851462372,6,2025
Köln_Hbf,21809,25.96,2025-07-14,889.296662369288,0.0397083772754367,0.9793248340734374,0,2025
Köln_Hbf,24666,24.289999,2025-07-15,822.5347758887171,0.0557042082218438,0.9847587154387772,1,2025
Köln_Hbf,18548,21.74,2025-07-16,568.3718341219037,0.0314319603191718,0.9812969663234066,2,2025
Köln_Hbf,18231,25.23,2025-07-17,596.3389026868367,0.0282485875706214,0.980413185820727,3,2025
Köln_Hbf,21106,27.92,2025-07-18,677.4889589905363,0.0237373258788969,0.9832079592331958,4,2025
Köln_Hbf,15396,31.51,2025-07-19,307.2235184321045,0.0256560145492335,0.972735150989934,5,2025
Köln_Hbf,13212,29.01,2025-07-20,300.9322099404808,0.0208144111413866,0.961892247043364,6,2025
Köln_Hbf,16938,24.869999,2025-07-21,364.1972932330827,0.0184791592868107,0.9755789473684212,0,2025
Köln_Hbf,19540,24.029999,2025-07-22,558.6331086773379,0.0280450358239508,0.9818344566133108,1,2025
Köln_Hbf,18276,24.75,2025-07-23,581.5113719735876,0.030477128474502,0.9826175292059371,2,2025
Köln_Hbf,20049,23.859999,2025-07-24,500.5065979068709,0.0134670058357025,0.9763890995500278,3,2025
Köln_Hbf,24390,26.5,2025-07-25,653.9453222974668,0.0191881918819188,0.9842404481230668,4,2025
Köln_Hbf,15271,26.75,2025-07-26,403.0346475507766,0.0134241372536179,0.9753750165936546,5,2025
Köln_Hbf,12797,22.98,2025-07-27,477.7327935222672,0.015628662967883,0.9655473525442566,6,2025
Köln_Hbf,15397,22.24,2025-07-28,332.1084692473964,0.0084432032214067,0.9717036745922578,0,2025
Köln_Hbf,16986,22.01,2025-07-29,408.34279567322056,0.0148946190980807,0.9751987091376322,1,2025
Köln_Hbf,20585,23.0,2025-07-30,561.8364289994008,0.027058537770221,0.9787797084082284,2,2025
Köln_Hbf,23856,23.119999,2025-07-31,781.68533561351,0.0195338698859825,0.981145788798632,3,2025
Köln_Hbf,20164,22.58,2025-08-01,676.2875150060024,0.0085300535608014,0.9790416166466588,4,2025
Köln_Hbf,9527,20.64,2025-08-02,341.0306670882074,0.0039886637976277,0.9573190009484668,5,2025
Köln_Hbf,10139,23.18,2025-08-03,334.2491060786651,0.0070026629845152,0.9529201430274136,6,2025
Köln_Hbf,14707,26.84,2025-08-04,530.4198895027624,0.0154348269531515,0.9777624309392264,0,2025
Köln_Hbf,21850,22.07,2025-08-05,566.1258922777417,0.0126315789473684,0.9818763326226012,1,2025
Köln_Hbf,19480,23.15,2025-08-06,509.02557228294495,0.004312114989733,0.9760259847391216,2,2025
Köln_Hbf,17324,26.769999,2025-08-07,393.217462070569,0.0069845301316093,0.9726791838632796,3,2025
Köln_Hbf,19733,25.019999,2025-08-08,451.2853404484581,0.0123650737343536,0.9712658422699983,4,2025
Köln_Hbf,15969,27.88,2025-08-09,529.8761668889313,0.0139019349990606,0.9700260367054042,5,2025
Köln_Hbf,12471,26.119999,2025-08-10,351.49289864428664,0.0063346964958704,0.9573111684958038,6,2025
Köln_Hbf,18075,29.199999,2025-08-11,556.9916872612896,0.0149930843706777,0.9722534261963603,0,2025
Köln_Hbf,19102,32.6,2025-08-12,573.0535118827079,0.0109412626950057,0.9704652516805166,1,2025
Köln_Hbf,20524,34.89,2025-08-13,571.6197044334975,0.0109140518417462,0.97128078817734,2,2025
Köln_Hbf,19509,33.809998,2025-08-14,506.22998393532674,0.0108667794351325,0.969321656215992,3,2025
Köln_Hbf,18904,29.529999,2025-08-15,433.48922020808754,0.0136479052052475,0.9681969323179234,4,2025
Köln_Hbf,12853,21.55,2025-08-16,317.4208712002507,0.0069244534349957,0.961062362895644,5,2025
Köln_Hbf,13480,21.65,2025-08-17,566.0590539319072,0.01513353115727,0.9634679120216932,6,2025
Köln_Hbf,16788,26.849998,2025-08-18,548.8125790710284,0.0112580414581844,0.975480450629556,0,2025
Köln_Hbf,14886,30.039999,2025-08-19,504.1883536046749,0.0113529490796721,0.9690833729700348,1,2025
Köln_Hbf,17297,24.99,2025-08-20,461.7921397379913,0.0070532462276695,0.971528384279476,2,2025
Köln_Hbf,17896,25.359999,2025-08-21,448.3722237840877,0.0062025033527045,0.9754287320775936,3,2025
Köln_Hbf,16788,19.109999,2025-08-22,530.2365902113057,0.010543245175125,0.9705616759978328,4,2025
Köln_Hbf,13346,20.359999,2025-08-23,498.5843533794572,0.0144612618012887,0.967383866798449,5,2025
Köln_Hbf,10322,21.789999,2025-08-24,409.82278481012656,0.0050377833753148,0.9550146056475172,6,2025
Köln_Hbf,12272,24.359999,2025-08-25,548.2370297516597,0.0057855280312907,0.9791820342594868,0,2025
Köln_Hbf,17197,30.22,2025-08-26,584.0547848577474,0.0107576902948188,0.9784857747472372,1,2025
Köln_Hbf,19936,27.859999,2025-08-27,522.6872782564623,0.0103330658105939,0.9768879878357832,2,2025
Köln_Hbf,22490,24.72,2025-08-28,538.9558378158478,0.0163183637172076,0.9794331691000316,3,2025
Köln_Hbf,20521,24.09,2025-08-29,463.390636060269,0.0362068125335022,0.9803822428961472,4,2025
Köln_Hbf,16594,23.529999,2025-08-30,321.7391842545027,0.0263348198143907,0.9697963730890636,5,2025
Köln_Hbf,12899,25.019999,2025-08-31,272.44060475161984,0.0308551050469028,0.9620030397568194,6,2025
Köln_Hbf,13688,23.05,2025-09-01,310.66037005496634,0.0563267095265926,0.9835101029650848,0,2025
Köln_Hbf,2251,22.93,2025-09-02,0.0,0.0128831630386494,1.0,1,2025
Köln_Hbf,2185,24.22,2025-09-03,0.3020594965675057,0.0,1.0,2,2025
Köln_Hbf,9474,22.68,2025-09-04,697.5122428991185,0.0300823305889803,0.9826967025791709,3,2025
Köln_Hbf,21536,21.49,2025-09-05,553.0965614696185,0.0142087667161961,0.9845972680169572,4,2025
Köln_Hbf,16751,23.98,2025-09-06,563.0841459010473,0.0081786162020177,0.9782111472252316,5,2025
Köln_Hbf,16670,27.119999,2025-09-07,547.9963800904977,0.0056988602279544,0.9758069381598792,6,2025
Köln_Hbf,17221,23.17,2025-09-08,511.1828338357865,0.0176528656872423,0.9819707986049536,0,2025
Köln_Hbf,2357,17.0,2025-09-09,0.1527365294866355,0.0,1.0,1,2025
Köln_Hbf,2204,21.34,2025-09-10,0.0,0.0,1.0,2,2025
Köln_Hbf,2104,20.33,2025-09-11,0.0,0.0,1.0,3,2025
Köln_Hbf,2209,19.65,2025-09-12,0.0,0.0,1.0,4,2025
Köln_Hbf,2282,20.39,2025-09-13,0.0,0.0,1.0,5,2025
Köln_Hbf,2055,20.09,2025-09-14,0.0,0.0,1.0,6,2025
Köln_Hbf,2399,21.47,2025-09-15,0.0,0.0,1.0,0,2025
Köln_Hbf,2328,19.33,2025-09-16,0.0,0.0,1.0,1,2025
Köln_Hbf,2331,18.529999,2025-09-17,0.0,0.0,1.0,2,2025
Köln_Hbf,3030,24.35,2025-09-18,274.96110923233005,0.024092409240924,0.9800473452823808,3,2025
Köln_Hbf,2411,28.43,2025-09-19,-0.024885939444214,0.0,0.9995852343425964,4,2025
Köln_Hbf,2312,28.5,2025-09-20,0.0,0.0,1.0,5,2025
Köln_Hbf,2073,21.73,2025-09-21,0.0,0.0,1.0,6,2025
Köln_Hbf,2490,16.789999,2025-09-22,0.0,0.0,1.0,0,2025
Köln_Hbf,2462,17.42,2025-09-23,0.0,0.0,1.0,1,2025
Köln_Hbf,2470,15.2,2025-09-24,0.0,0.0,1.0,2,2025
Köln_Hbf,2428,11.32,2025-09-25,0.0,0.0,1.0,3,2025
Köln_Hbf,2469,17.039999,2025-09-26,0.0,0.0,1.0,4,2025
Köln_Hbf,2165,17.75,2025-09-27,0.0,0.0,1.0,5,2025
Köln_Hbf,2419,18.66,2025-09-28,300.52697616060226,0.0115750310045473,0.9581764951902968,6,2025
Köln_Hbf,22259,19.359999,2025-09-29,536.3657699945838,0.0046273417494047,0.9726936270084852,0,2025
Köln_Hbf,22623,17.16,2025-09-30,467.6495020320664,0.0102550501701807,0.9723103032468402,1,2025
Köln_Hbf,261,17.56,2025-10-01,1733.671875,0.0191570881226053,0.98046875,2,2025
München_Hbf,484,12.42,2022-05-01,222.71186440677965,0.024793388429752,0.9597457627118644,6,2022
München_Hbf,654,17.39,2022-05-02,292.2429906542056,0.018348623853211,0.9813084112149532,0,2022
München_Hbf,653,19.41,2022-05-03,294.0372670807453,0.0137825421133231,0.9580745341614908,1,2022
München_Hbf,653,19.33,2022-05-04,280.15822784810126,0.0321592649310872,0.9620253164556962,2,2022
München_Hbf,654,18.9,2022-05-05,288.88540031397173,0.0259938837920489,0.9748822605965464,3,2022
München_Hbf,662,13.23,2022-05-06,354.9443561208267,0.0498489425981873,0.9841017488076312,4,2022
München_Hbf,552,15.12,2022-05-07,458.84972170686456,0.0235507246376811,0.9703153988868276,5,2022
München_Hbf,546,16.66,2022-05-08,395.7735849056604,0.0293040293040293,0.9641509433962264,6,2022
München_Hbf,653,21.13,2022-05-09,412.992,0.0428790199081163,0.976,0,2022
München_Hbf,652,23.81,2022-05-10,590.6666666666666,0.0337423312883435,0.9825396825396824,1,2022
München_Hbf,650,26.82,2022-05-11,424.36708860759495,0.0276923076923076,0.9873417721518988,2,2022
München_Hbf,651,26.25,2022-05-12,391.125,0.0168970814132104,0.9921875,3,2022
München_Hbf,740,19.47,2022-05-13,780.337552742616,0.0391891891891891,0.9859353023909986,4,2022
München_Hbf,1311,22.71,2022-05-14,275.7862122385748,0.015255530129672,0.9899302865995352,5,2022
München_Hbf,1120,24.3,2022-05-15,305.65934065934067,0.025,0.9844322344322344,6,2022
München_Hbf,692,23.63,2022-05-16,411.689497716895,0.0505780346820809,0.9756468797564688,0,2022
München_Hbf,650,22.74,2022-05-17,310.72100313479626,0.0184615384615384,0.9796238244514106,1,2022
München_Hbf,650,23.98,2022-05-18,385.3918495297806,0.0184615384615384,0.9811912225705328,2,2022
München_Hbf,656,29.01,2022-05-19,481.9656786271451,0.0228658536585365,0.970358814352574,3,2022
München_Hbf,649,31.429998,2022-05-20,789.1558441558442,0.0508474576271186,0.9853896103896104,4,2022
München_Hbf,453,23.119999,2022-05-21,220.09153318077804,0.0353200883002207,0.9496567505720824,5,2022
München_Hbf,448,24.01,2022-05-22,253.63636363636363,0.0178571428571428,0.9545454545454546,6,2022
München_Hbf,558,25.359999,2022-05-23,282.6401446654611,0.0089605734767025,0.9710669077757684,0,2022
München_Hbf,556,15.15,2022-05-24,300.0,0.0305755395683453,0.9591836734693876,1,2022
München_Hbf,566,18.19,2022-05-25,315.23978685612786,0.0053003533568904,0.9644760213143873,2,2022
München_Hbf,458,20.92,2022-05-26,172.35164835164835,0.0065502183406113,0.9362637362637364,3,2022
München_Hbf,544,22.269999,2022-05-27,172.3475046210721,0.0055147058823529,0.9593345656192236,4,2022
München_Hbf,461,15.99,2022-05-28,201.58940397350997,0.0173535791757049,0.9403973509933776,5,2022
München_Hbf,458,14.139999,2022-05-29,265.2212389380531,0.0131004366812227,0.9380530973451328,6,2022
München_Hbf,563,17.31,2022-05-30,335.57142857142856,0.0053285968028419,0.9535714285714286,0,2022
München_Hbf,561,22.519999,2022-05-31,430.391061452514,0.0427807486631016,0.9869646182495344,1,2022
München_Hbf,561,22.64,2022-06-01,293.5869565217391,0.0160427807486631,0.9836956521739132,2,2022
München_Hbf,575,22.25,2022-06-02,309.34513274336285,0.017391304347826,0.9699115044247788,3,2022
München_Hbf,585,26.529999,2022-06-03,804.4791666666666,0.0153846153846153,0.9809027777777778,4,2022
München_Hbf,582,26.08,2022-06-04,425.05263157894734,0.0206185567010309,0.975438596491228,5,2022
München_Hbf,591,22.88,2022-06-05,364.8370497427101,0.0135363790186125,0.9656946826758148,6,2022
München_Hbf,620,24.3,2022-06-06,322.7552674230146,0.0048387096774193,0.9643435980551054,0,2022
München_Hbf,641,17.779999,2022-06-07,514.8635634028892,0.0280811232449297,0.9807383627608348,1,2022
München_Hbf,640,23.33,2022-06-08,608.256,0.0234375,0.976,2,2022
München_Hbf,641,16.51,2022-06-09,401.16719242902207,0.0109204368174727,0.9889589905362776,3,2022
München_Hbf,647,20.88,2022-06-10,531.2658227848101,0.0231839258114374,0.9794303797468354,4,2022
München_Hbf,489,24.75,2022-06-11,469.746835443038,0.0306748466257668,0.9535864978902954,5,2022
München_Hbf,478,28.039999,2022-06-12,430.362473347548,0.0188284518828451,0.9488272921108742,6,2022
München_Hbf,584,22.43,2022-06-13,364.4288224956063,0.0256849315068493,0.9666080843585236,0,2022
München_Hbf,583,23.4,2022-06-14,571.067615658363,0.0360205831903945,0.9804270462633452,1,2022
München_Hbf,585,28.34,2022-06-15,470.46632124352334,0.0102564102564102,0.9844559585492229,2,2022
München_Hbf,459,27.74,2022-06-16,496.89956331877727,0.0021786492374727,0.9694323144104804,3,2022
München_Hbf,563,25.859999,2022-06-17,419.6750902527076,0.0159857904085257,0.983754512635379,4,2022
München_Hbf,482,31.289999,2022-06-18,633.8961038961039,0.0414937759336099,0.9696969696969696,5,2022
München_Hbf,345,34.41,2022-06-19,574.8214285714286,0.0260869565217391,0.9642857142857144,6,2022
München_Hbf,585,29.88,2022-06-20,570.0556586270872,0.0786324786324786,0.9628942486085345,0,2022
München_Hbf,591,24.96,2022-06-21,410.9387755102041,0.170896785109983,0.9755102040816328,1,2022
München_Hbf,591,22.71,2022-06-22,402.9328621908127,0.0423011844331641,0.9770318021201412,2,2022
München_Hbf,593,27.97,2022-06-23,471.6842105263158,0.0387858347386172,0.9789473684210528,3,2022
München_Hbf,596,24.789999,2022-06-24,450.671256454389,0.0251677852348993,0.9690189328743546,4,2022
München_Hbf,495,24.55,2022-06-25,379.7912317327766,0.0323232323232323,0.964509394572025,5,2022
München_Hbf,458,28.18,2022-06-26,456.94444444444446,0.056768558951965,0.9537037037037036,6,2022
München_Hbf,556,29.789999,2022-06-27,553.1178707224335,0.0539568345323741,0.9771863117870724,0,2022
München_Hbf,552,21.34,2022-06-28,512.2058823529412,0.0144927536231884,0.9816176470588236,1,2022
München_Hbf,552,24.539999,2022-06-29,526.2222222222222,0.0217391304347826,0.975925925925926,2,2022
München_Hbf,553,28.529999,2022-06-30,451.0188679245283,0.0415913200723327,0.969811320754717,3,2022
München_Hbf,558,18.91,2022-07-01,612.1323529411765,0.025089605734767,0.9834558823529412,4,2022
München_Hbf,479,23.83,2022-07-02,433.5357917570499,0.0375782881002087,0.9522776572668112,5,2022
München_Hbf,499,30.07,2022-07-03,360.4907975460123,0.0200400801603206,0.9550102249488752,6,2022
München_Hbf,592,26.76,2022-07-04,362.0761245674741,0.0236486486486486,0.9619377162629758,0,2022
München_Hbf,589,25.779999,2022-07-05,420.9473684210527,0.032258064516129,0.980701754385965,1,2022
München_Hbf,589,24.939999,2022-07-06,313.6551724137931,0.0152801358234295,0.9810344827586208,2,2022
München_Hbf,592,18.9,2022-07-07,377.98977853492335,0.0084459459459459,0.9846678023850084,3,2022
München_Hbf,585,19.289999,2022-07-08,422.1951219512195,0.0188034188034188,0.9878048780487804,4,2022
München_Hbf,488,23.48,2022-07-09,511.727078891258,0.0389344262295082,0.953091684434968,5,2022
München_Hbf,482,20.289999,2022-07-10,279.7002141327623,0.0311203319502074,0.9464668094218416,6,2022
München_Hbf,579,21.25,2022-07-11,224.81802426343157,0.003454231433506,0.9618717504332756,0,2022
München_Hbf,576,24.75,2022-07-12,395.1063829787234,0.0208333333333333,0.9787234042553192,1,2022
München_Hbf,578,29.84,2022-07-13,295.89473684210526,0.0138408304498269,0.9771929824561404,2,2022
München_Hbf,615,33.02,2022-07-14,496.9312169312169,0.0780487804878048,0.9770723104056436,3,2022
München_Hbf,617,25.699999,2022-07-15,451.8232044198895,0.119935170178282,0.9723756906077348,4,2022
München_Hbf,525,25.97,2022-07-16,471.055900621118,0.08,0.9627329192546584,5,2022
München_Hbf,518,27.38,2022-07-17,406.67976424361495,0.0173745173745173,0.9410609037328096,6,2022
München_Hbf,608,29.89,2022-07-18,362.6043405676127,0.0148026315789473,0.9649415692821368,0,2022
München_Hbf,605,32.43,2022-07-19,493.1409168081494,0.0264462809917355,0.969439728353141,1,2022
München_Hbf,605,35.77,2022-07-20,536.1658031088083,0.0429752066115702,0.9723661485319516,2,2022
München_Hbf,608,24.029999,2022-07-21,477.7664974619289,0.0279605263157894,0.976311336717428,3,2022
München_Hbf,611,31.5,2022-07-22,420.4102564102564,0.0425531914893617,0.976068376068376,4,2022
München_Hbf,518,25.93,2022-07-23,442.4847250509165,0.0521235521235521,0.940936863543788,5,2022
München_Hbf,516,30.24,2022-07-24,296.7469879518072,0.0348837209302325,0.9497991967871486,6,2022
München_Hbf,598,34.89,2022-07-25,693.8898756660745,0.0585284280936454,0.9804618117229128,0,2022
München_Hbf,595,22.89,2022-07-26,573.9084507042254,0.0453781512605042,0.9806338028169014,1,2022
München_Hbf,595,24.91,2022-07-27,547.9518072289156,0.0235294117647058,0.982788296041308,2,2022
München_Hbf,608,27.279999,2022-07-28,453.7248322147651,0.0197368421052631,0.988255033557047,3,2022
München_Hbf,609,27.01,2022-07-29,608.8851913477538,0.0131362889983579,0.9900166389351082,4,2022
München_Hbf,480,25.14,2022-07-30,494.2918454935622,0.0291666666666666,0.9592274678111588,5,2022
München_Hbf,484,27.31,2022-07-31,468.7089715536105,0.0557851239669421,0.9562363238512036,6,2022
München_Hbf,612,28.31,2022-08-01,968.755364806867,0.238562091503268,0.9935622317596566,0,2022
München_Hbf,619,28.16,2022-08-02,520.9605488850772,0.0581583198707592,0.9931389365351628,1,2022
München_Hbf,621,31.75,2022-08-03,548.7707641196014,0.0305958132045088,0.9767441860465116,2,2022
München_Hbf,624,33.69,2022-08-04,653.9016393442623,0.0224358974358974,0.9901639344262296,3,2022
München_Hbf,633,30.89,2022-08-05,505.03246753246754,0.0268562401263823,0.9853896103896104,4,2022
München_Hbf,533,19.449999,2022-08-06,518.3720930232558,0.0318949343339587,0.9883720930232558,5,2022
München_Hbf,530,23.14,2022-08-07,376.9767441860465,0.0264150943396226,0.9767441860465116,6,2022
München_Hbf,626,25.3,2022-08-08,458.2707993474714,0.0207667731629392,0.9787928221859706,0,2022
München_Hbf,621,26.17,2022-08-09,432.4832214765101,0.0402576489533011,0.971476510067114,1,2022
München_Hbf,621,26.17,2022-08-10,511.7647058823529,0.0418679549114331,0.9714285714285714,2,2022
München_Hbf,624,27.13,2022-08-11,831.5183246073299,0.0817307692307692,0.9808027923211168,3,2022
München_Hbf,626,25.359999,2022-08-12,598.8330632090762,0.0143769968051118,0.9805510534846028,4,2022
München_Hbf,521,25.949999,2022-08-13,434.0551181102362,0.0249520153550863,0.968503937007874,5,2022
München_Hbf,521,30.05,2022-08-14,523.8188976377953,0.0249520153550863,0.9468503937007874,6,2022
München_Hbf,522,27.31,2022-08-15,412.0866141732283,0.0268199233716475,0.9586614173228346,0,2022
München_Hbf,620,29.269999,2022-08-16,458.2847341337907,0.0596774193548387,0.9794168096054888,1,2022
München_Hbf,621,31.539999,2022-08-17,382.9787234042553,0.0161030595813204,0.9803600654664484,2,2022
München_Hbf,624,25.82,2022-08-18,407.15686274509807,0.0192307692307692,0.9820261437908496,3,2022
München_Hbf,628,21.65,2022-08-19,476.9357495881384,0.0334394904458598,0.9802306425041186,4,2022
München_Hbf,525,20.279999,2022-08-20,650.5,0.0857142857142857,0.9854166666666668,5,2022
München_Hbf,519,24.51,2022-08-21,421.6766467065869,0.0346820809248554,0.9640718562874252,6,2022
München_Hbf,620,24.15,2022-08-22,412.48764415156506,0.0209677419354838,0.9769357495881384,0,2022
München_Hbf,623,25.26,2022-08-23,401.1822660098522,0.0224719101123595,0.9770114942528736,1,2022
München_Hbf,623,25.76,2022-08-24,388.7296416938111,0.0144462279293739,0.988599348534202,2,2022
München_Hbf,624,27.9,2022-08-25,532.0792079207921,0.0288461538461538,0.9884488448844884,3,2022
München_Hbf,725,28.349998,2022-08-26,456.6145092460882,0.0303448275862068,0.9900426742532006,4,2022
München_Hbf,1347,24.06,2022-08-27,181.1252813203301,0.0103934669636228,0.986496624156039,5,2022
München_Hbf,1152,20.779999,2022-08-28,229.6406660823839,0.0095486111111111,0.9842243645924628,6,2022
München_Hbf,667,24.97,2022-08-29,425.8695652173913,0.0344827586206896,0.9829192546583853,0,2022
München_Hbf,623,26.33,2022-08-30,505.1256281407035,0.0417335473515248,0.9782244556113904,1,2022
München_Hbf,623,18.83,2022-08-31,525.4455445544554,0.0272873194221508,0.9834983498349836,2,2022
München_Hbf,621,21.02,2022-09-01,299.6065573770492,0.0177133655394524,0.978688524590164,3,2022
München_Hbf,625,21.56,2022-09-02,484.7603305785124,0.032,0.9785123966942147,4,2022
München_Hbf,444,23.43,2022-09-03,342.3041474654378,0.0225225225225225,0.9516129032258064,5,2022
München_Hbf,435,24.84,2022-09-04,494.3942992874109,0.032183908045977,0.9619952494061758,6,2022
München_Hbf,472,26.63,2022-09-05,496.4578833693304,0.0190677966101694,0.9870410367170628,0,2022
München_Hbf,470,27.269999,2022-09-06,540.8,0.0425531914893617,0.9888888888888888,1,2022
München_Hbf,472,27.199999,2022-09-07,524.6017699115044,0.0423728813559322,0.9734513274336284,2,2022
München_Hbf,488,21.97,2022-09-08,437.3221757322176,0.0204918032786885,0.9790794979079498,3,2022
München_Hbf,492,18.55,2022-09-09,519.4572025052192,0.0264227642276422,0.9812108559498957,4,2022
München_Hbf,441,18.609999,2022-09-10,332.1779859484777,0.0317460317460317,0.9648711943793912,5,2022
München_Hbf,429,18.1,2022-09-11,500.3911980440098,0.0466200466200466,0.9755501222493888,6,2022
München_Hbf,623,22.02,2022-09-12,331.0482529118136,0.0353130016051364,0.9816971713810316,0,2022
München_Hbf,638,26.34,2022-09-13,367.9935794542536,0.0235109717868338,0.9695024077046548,1,2022
München_Hbf,636,25.96,2022-09-14,465.7971014492754,0.0235849056603773,0.9887278582930756,2,2022
München_Hbf,636,21.47,2022-09-15,486.3809523809524,0.0094339622641509,0.9873015873015872,3,2022
München_Hbf,638,14.74,2022-09-16,425.2547770700637,0.0156739811912225,0.9792993630573248,4,2022
München_Hbf,555,11.469999,2022-09-17,279.010989010989,0.0162162162162162,0.9597069597069596,5,2022
München_Hbf,545,11.87,2022-09-18,355.1685393258427,0.0201834862385321,0.9662921348314608,6,2022
München_Hbf,638,13.17,2022-09-19,483.7802907915993,0.0297805642633228,0.9789983844911146,0,2022
München_Hbf,638,13.57,2022-09-20,486.624,0.0203761755485893,0.9872,1,2022
München_Hbf,638,15.03,2022-09-21,482.1256038647343,0.0266457680250783,0.9919484702093396,2,2022
München_Hbf,638,15.809999,2022-09-22,497.3225806451613,0.0282131661442006,0.9806451612903224,3,2022
München_Hbf,644,18.44,2022-09-23,829.7394136807818,0.046583850931677,0.978827361563518,4,2022
München_Hbf,560,15.17,2022-09-24,349.4248608534323,0.0375,0.9628942486085345,5,2022
München_Hbf,549,15.48,2022-09-25,370.6741573033708,0.0273224043715847,0.9644194756554308,6,2022
München_Hbf,635,15.32,2022-09-26,381.1821086261981,0.0141732283464566,0.9808306709265175,0,2022
München_Hbf,635,11.59,2022-09-27,334.4230769230769,0.0173228346456692,0.9839743589743588,1,2022
München_Hbf,635,9.719999,2022-09-28,382.5239616613418,0.0141732283464566,0.9840255591054312,2,2022
München_Hbf,635,10.01,2022-09-29,478.8311688311688,0.0299212598425196,0.9772727272727272,3,2022
München_Hbf,640,13.03,2022-09-30,532.1739130434783,0.0296875,0.9822866344605476,4,2022
München_Hbf,11,12.49,2022-10-01,643.6363636363636,0.0,0.9090909090909092,5,2022
München_Hbf,517,12.799999,2023-05-01,255.0,0.0483558994197292,0.9796747967479674,0,2023
München_Hbf,652,14.099999,2023-05-02,841.9354838709677,0.0490797546012269,0.9935483870967742,1,2023
München_Hbf,642,16.859999,2023-05-03,325.4028436018957,0.014018691588785,0.9921011058451816,2,2023
München_Hbf,625,19.99,2023-05-04,444.0394088669951,0.0256,0.9885057471264368,3,2023
München_Hbf,627,23.109999,2023-05-05,573.3990147783251,0.0287081339712918,0.9950738916256158,4,2023
München_Hbf,507,19.779999,2023-05-06,316.53923541247485,0.019723865877712,0.9637826961770624,5,2023
München_Hbf,499,21.71,2023-05-07,492.9363449691992,0.0240480961923847,0.9671457905544149,6,2023
München_Hbf,597,16.01,2023-05-08,445.3928571428572,0.0619765494137353,0.9803571428571428,0,2023
München_Hbf,625,20.76,2023-05-09,393.9805825242718,0.0112,0.9805825242718448,1,2023
München_Hbf,611,15.059999,2023-05-10,647.1932773109244,0.0261865793780687,0.9882352941176472,2,2023
München_Hbf,592,9.67,2023-05-11,543.3566433566433,0.0337837837837837,0.9790209790209792,3,2023
München_Hbf,601,13.17,2023-05-12,503.7162162162162,0.0149750415973377,0.9864864864864864,4,2023
München_Hbf,495,14.23,2023-05-13,409.7950819672131,0.0141414141414141,0.9836065573770492,5,2023
München_Hbf,496,16.25,2023-05-14,348.3018867924528,0.0383064516129032,0.981132075471698,6,2023
München_Hbf,615,16.09,2023-05-15,238.77342419080068,0.0455284552845528,0.9437819420783644,0,2023
München_Hbf,642,12.92,2023-05-16,291.60771704180064,0.0311526479750778,0.9710610932475884,1,2023
München_Hbf,632,12.99,2023-05-17,339.42583732057415,0.0079113924050632,0.9665071770334928,2,2023
München_Hbf,542,14.059999,2023-05-18,317.5,0.025830258302583,0.9431818181818182,3,2023
München_Hbf,608,14.9,2023-05-19,347.0924369747899,0.0213815789473684,0.976470588235294,4,2023
München_Hbf,516,22.57,2023-05-20,461.2350597609562,0.0271317829457364,0.9661354581673308,5,2023
München_Hbf,513,26.21,2023-05-21,816.25,0.0643274853801169,0.9583333333333334,6,2023
München_Hbf,608,26.0,2023-05-22,445.5363321799308,0.0493421052631578,0.9757785467128028,0,2023
München_Hbf,663,21.279999,2023-05-23,543.1132075471698,0.0407239819004524,0.9827044025157232,1,2023
München_Hbf,653,15.24,2023-05-24,389.1023622047244,0.0275650842266462,0.984251968503937,2,2023
München_Hbf,638,20.619999,2023-05-25,516.5829145728643,0.0642633228840125,0.9865996649916248,3,2023
München_Hbf,748,22.789999,2023-05-26,510.5099150141643,0.0561497326203208,0.9858356940509916,4,2023
München_Hbf,1341,21.89,2023-05-27,259.56127080181545,0.0141685309470544,0.9901664145234492,5,2023
München_Hbf,1254,22.32,2023-05-28,144.0,0.0071770334928229,0.9903614457831326,6,2023
München_Hbf,1250,23.43,2023-05-29,193.21951219512195,0.016,0.991869918699187,0,2023
München_Hbf,691,22.91,2023-05-30,364.51807228915663,0.0390738060781476,0.9819277108433736,1,2023
München_Hbf,634,23.06,2023-05-31,371.8821603927987,0.0362776025236593,0.9819967266775778,2,2023
München_Hbf,619,25.24,2023-06-01,505.1515151515151,0.0403877221324717,0.9797979797979798,3,2023
München_Hbf,623,25.08,2023-06-02,352.1212121212121,0.0465489566613162,0.9797979797979798,4,2023
München_Hbf,535,22.75,2023-06-03,318.3529411764706,0.0467289719626168,0.9529411764705882,5,2023
München_Hbf,498,23.18,2023-06-04,404.6753246753247,0.072289156626506,0.9675324675324676,6,2023
München_Hbf,621,21.99,2023-06-05,408.1849315068493,0.0595813204508856,0.9794520547945206,0,2023
München_Hbf,648,22.289999,2023-06-06,336.7192429022082,0.0216049382716049,0.9700315457413248,1,2023
München_Hbf,639,24.91,2023-06-07,407.05107084019767,0.0500782472613458,0.9736408566721582,2,2023
München_Hbf,389,25.49,2023-06-08,162.24,0.0359897172236503,0.9546666666666668,3,2023
München_Hbf,144,23.13,2023-06-13,778.2978723404256,0.0208333333333333,0.9787234042553192,1,2023
München_Hbf,495,23.83,2023-06-14,384.91525423728814,0.0464646464646464,0.9682203389830508,2,2023
München_Hbf,524,23.46,2023-06-15,362.0440881763527,0.0477099236641221,0.9759519038076152,3,2023
München_Hbf,24,24.189999,2023-06-16,0.0,0.0,1.0,4,2023
München_Hbf,293,29.689999,2023-06-19,363.453237410072,0.0511945392491467,0.9676258992805756,0,2023
München_Hbf,625,31.8,2023-06-20,540.0,0.032,0.9851239669421488,1,2023
München_Hbf,622,28.39,2023-06-21,668.7179487179487,0.0594855305466238,0.9829059829059827,2,2023
München_Hbf,639,34.12,2023-06-22,436.9586776859504,0.0532081377151799,0.9785123966942147,3,2023
München_Hbf,643,23.529999,2023-06-23,477.31629392971246,0.0264385692068429,0.9856230031948882,4,2023
München_Hbf,559,24.609999,2023-06-24,420.5736137667304,0.0644007155635062,0.9847036328871892,5,2023
München_Hbf,520,27.58,2023-06-25,577.7178423236514,0.073076923076923,0.9626556016597512,6,2023
München_Hbf,621,31.22,2023-06-26,434.6596858638744,0.0772946859903381,0.975567190226876,0,2023
München_Hbf,623,21.96,2023-06-27,302.52951096121416,0.0481540930979133,0.9645868465430016,1,2023
München_Hbf,624,22.96,2023-06-28,428.7853577371049,0.0368589743589743,0.9800332778702164,2,2023
München_Hbf,642,27.849998,2023-06-29,279.4230769230769,0.02803738317757,0.967948717948718,3,2023
München_Hbf,644,22.26,2023-06-30,426.5923566878981,0.0248447204968944,0.982484076433121,4,2023
München_Hbf,642,23.51,2023-07-01,238.656,0.0264797507788162,0.9632,5,2023
München_Hbf,573,23.34,2023-07-02,303.1858407079646,0.0139616055846422,0.9699115044247788,6,2023
München_Hbf,620,24.039999,2023-07-03,430.953947368421,0.0193548387096774,0.9802631578947368,0,2023
München_Hbf,622,25.38,2023-07-04,383.6789297658863,0.0385852090032154,0.9732441471571908,1,2023
München_Hbf,620,23.25,2023-07-05,296.5943238731219,0.0338709677419354,0.979966611018364,2,2023
München_Hbf,638,24.449999,2023-07-06,396.0967741935484,0.0282131661442006,0.985483870967742,3,2023
München_Hbf,672,28.5,2023-07-07,568.1962025316456,0.0595238095238095,0.981012658227848,4,2023
München_Hbf,693,29.96,2023-07-08,370.6948640483384,0.0447330447330447,0.972809667673716,5,2023
München_Hbf,633,32.739998,2023-07-09,587.3267326732673,0.0426540284360189,0.9686468646864688,6,2023
München_Hbf,626,31.05,2023-07-10,479.5966386554622,0.0495207667731629,0.973109243697479,0,2023
München_Hbf,624,34.95,2023-07-11,876.962457337884,0.0608974358974358,0.9880546075085324,1,2023
München_Hbf,623,28.029999,2023-07-12,2092.0461095100864,0.4430176565008025,0.9971181556195964,2,2023
München_Hbf,623,23.369999,2023-07-13,648.6792452830189,0.1492776886035313,0.9773584905660376,3,2023
München_Hbf,659,27.47,2023-07-14,514.314381270903,0.0925644916540212,0.9949832775919732,4,2023
München_Hbf,604,35.04,2023-07-15,410.8561643835616,0.0331125827814569,0.958904109589041,5,2023
München_Hbf,559,26.029999,2023-07-16,355.4612546125461,0.0304114490161001,0.970479704797048,6,2023
München_Hbf,622,27.5,2023-07-17,377.6053962900506,0.0466237942122186,0.9747048903878583,0,2023
München_Hbf,621,28.119999,2023-07-18,456.1855670103093,0.0628019323671497,0.9759450171821306,1,2023
München_Hbf,619,28.88,2023-07-19,395.8752166377817,0.0678513731825525,0.9878682842287696,2,2023
München_Hbf,644,25.019999,2023-07-20,461.1881188118812,0.0590062111801242,0.9686468646864688,3,2023
München_Hbf,672,24.269999,2023-07-21,437.4494556765163,0.0431547619047619,0.9860031104199068,4,2023
München_Hbf,436,24.9,2023-07-22,331.9239904988124,0.0344036697247706,0.9477434679334916,5,2023
München_Hbf,561,28.96,2023-07-23,260.4850746268657,0.0445632798573975,0.9402985074626866,6,2023
München_Hbf,627,26.17,2023-07-24,266.6225165562914,0.036682615629984,0.968543046357616,0,2023
München_Hbf,621,21.189999,2023-07-25,276.6273187183811,0.0450885668276972,0.9730185497470488,1,2023
München_Hbf,623,16.83,2023-07-26,372.6530612244898,0.0561797752808988,0.9744897959183674,2,2023
München_Hbf,650,21.64,2023-07-27,605.6459330143541,0.0353846153846153,0.9872408293460924,3,2023
München_Hbf,680,24.75,2023-07-28,459.45205479452056,0.0338235294117647,0.9680365296803652,4,2023
München_Hbf,614,25.48,2023-07-29,266.9949066213922,0.0407166123778501,0.9575551782682512,5,2023
München_Hbf,574,24.119999,2023-07-30,269.8916967509025,0.0348432055749128,0.9638989169675092,6,2023
München_Hbf,644,24.43,2023-07-31,486.110183639399,0.0698757763975155,0.9682804674457428,0,2023
München_Hbf,640,20.609999,2023-08-01,427.035175879397,0.0671875,0.9731993299832497,1,2023
München_Hbf,639,26.05,2023-08-02,423.9065108514191,0.0625978090766823,0.9782971619365608,2,2023
München_Hbf,666,23.68,2023-08-03,489.3518518518519,0.027027027027027,0.9876543209876544,3,2023
München_Hbf,751,20.449999,2023-08-04,406.027397260274,0.0279627163781624,0.989041095890411,4,2023
München_Hbf,692,18.09,2023-08-05,283.1750741839763,0.0260115606936416,0.973293768545994,5,2023
München_Hbf,648,16.359999,2023-08-06,239.32258064516128,0.0432098765432098,0.9612903225806452,6,2023
München_Hbf,750,17.289999,2023-08-07,292.4175824175824,0.0293333333333333,0.9739010989010988,0,2023
München_Hbf,752,21.789999,2023-08-08,289.1515994436718,0.0438829787234042,0.9735744089012516,1,2023
München_Hbf,752,19.8,2023-08-09,358.0110497237569,0.0372340425531914,0.9765193370165746,2,2023
München_Hbf,752,23.119999,2023-08-10,269.87654320987656,0.0305851063829787,0.97119341563786,3,2023
München_Hbf,716,28.279999,2023-08-11,279.7413793103448,0.0279329608938547,0.9683908045977012,4,2023
München_Hbf,987,30.57,2023-08-12,187.8800413650465,0.0202634245187436,0.9824198552223372,5,2023
München_Hbf,945,30.16,2023-08-13,252.72131147540983,0.0317460317460317,0.9846994535519126,6,2023
München_Hbf,1040,30.96,2023-08-14,607.2903225806451,0.1057692307692307,0.9903225806451612,0,2023
München_Hbf,943,31.109999,2023-08-15,353.1914893617021,0.1028632025450689,0.9846335697399528,1,2023
München_Hbf,1015,28.82,2023-08-16,345.40880503144655,0.0600985221674876,0.9905660377358492,2,2023
München_Hbf,1015,29.82,2023-08-17,429.6304118268216,0.0669950738916256,0.9947201689545936,3,2023
München_Hbf,1014,29.58,2023-08-18,290.561797752809,0.034516765285996,0.9877425944841676,4,2023
München_Hbf,969,32.03,2023-08-19,303.0379746835443,0.0216718266253869,0.9820675105485231,5,2023
München_Hbf,922,32.36,2023-08-20,241.95945945945945,0.0368763557483731,0.9763513513513512,6,2023
München_Hbf,732,33.149998,2023-08-21,404.23295454545456,0.0382513661202185,0.9744318181818182,0,2023
München_Hbf,730,32.969997,2023-08-22,362.2674418604651,0.0575342465753424,0.9767441860465116,1,2023
München_Hbf,728,30.849998,2023-08-23,372.48908296943233,0.0563186813186813,0.982532751091703,2,2023
München_Hbf,728,32.969997,2023-08-24,519.4805194805194,0.048076923076923,0.9783549783549784,3,2023
München_Hbf,635,28.26,2023-08-25,672.4418604651163,0.1874015748031496,0.9806201550387597,4,2023
München_Hbf,534,25.63,2023-08-26,528.9628180039139,0.0430711610486891,0.9765166340508806,5,2023
München_Hbf,466,16.73,2023-08-27,352.4651162790698,0.0772532188841201,0.958139534883721,6,2023
München_Hbf,640,15.19,2023-08-28,465.8347386172007,0.0734375,0.9763912310286678,0,2023
München_Hbf,619,13.21,2023-08-29,483.303730017762,0.0904684975767366,0.9804618117229128,1,2023
München_Hbf,629,18.43,2023-08-30,450.6020066889632,0.0492845786963434,0.968227424749164,2,2023
München_Hbf,619,18.55,2023-08-31,426.6666666666667,0.0403877221324717,0.9713804713804712,3,2023
München_Hbf,604,24.31,2023-09-01,553.1506849315068,0.0331125827814569,0.9743150684931506,4,2023
München_Hbf,529,26.189999,2023-09-02,711.7529880478088,0.051039697542533,0.9820717131474104,5,2023
München_Hbf,493,23.91,2023-09-03,386.75,0.0263691683569979,0.9520833333333332,6,2023
München_Hbf,587,24.63,2023-09-04,470.3085299455535,0.0613287904599659,0.985480943738657,0,2023
München_Hbf,588,24.25,2023-09-05,440.0,0.0408163265306122,0.9574468085106383,1,2023
München_Hbf,558,25.769999,2023-09-06,547.112810707457,0.0627240143369175,0.9751434034416826,2,2023
München_Hbf,569,25.8,2023-09-07,1010.485436893204,0.4569420035149384,0.9967637540453076,3,2023
München_Hbf,572,27.33,2023-09-08,687.4157303370787,0.0664335664335664,0.9737827715355806,4,2023
München_Hbf,505,28.8,2023-09-09,379.9175257731959,0.0396039603960396,0.9587628865979382,5,2023
München_Hbf,474,28.619999,2023-09-10,658.1497797356828,0.0421940928270042,0.973568281938326,6,2023
München_Hbf,610,29.84,2023-09-11,459.3356643356643,0.0622950819672131,0.9790209790209792,0,2023
München_Hbf,640,29.369999,2023-09-12,471.55629139072846,0.05625,0.9751655629139072,1,2023
München_Hbf,626,22.439999,2023-09-13,503.0536912751678,0.047923322683706,0.9781879194630873,2,2023
München_Hbf,626,21.77,2023-09-14,420.0,0.0463258785942492,0.9782244556113904,3,2023
München_Hbf,637,23.029999,2023-09-15,474.4827586206897,0.0439560439560439,0.9819376026272578,4,2023
München_Hbf,555,25.8,2023-09-16,628.984962406015,0.0414414414414414,0.9849624060150376,5,2023
München_Hbf,525,27.3,2023-09-17,272.88801571709234,0.0304761904761904,0.9666011787819252,6,2023
München_Hbf,609,22.76,2023-09-18,514.6308724832214,0.0213464696223316,0.9899328859060402,0,2023
München_Hbf,610,22.09,2023-09-19,501.5514333895447,0.0278688524590163,0.9865092748735244,1,2023
München_Hbf,609,24.22,2023-09-20,377.6470588235294,0.0229885057471264,0.9865546218487397,2,2023
München_Hbf,612,27.67,2023-09-21,565.0515463917526,0.0490196078431372,0.979381443298969,3,2023
München_Hbf,619,17.97,2023-09-22,549.4736842105264,0.048465266558966,0.99490662139219,4,2023
München_Hbf,565,15.049999,2023-09-23,476.55555555555554,0.0442477876106194,0.974074074074074,5,2023
München_Hbf,539,17.85,2023-09-24,460.2272727272728,0.0204081632653061,0.9621212121212122,6,2023
München_Hbf,641,19.82,2023-09-25,472.4509803921569,0.0452418096723869,0.9673202614379084,0,2023
München_Hbf,638,21.83,2023-09-26,500.98522167487687,0.0454545454545454,0.9786535303776684,1,2023
München_Hbf,638,22.96,2023-09-27,394.3961352657005,0.0266457680250783,0.9887278582930756,2,2023
München_Hbf,627,25.43,2023-09-28,589.7682119205298,0.036682615629984,0.9917218543046358,3,2023
München_Hbf,634,26.21,2023-09-29,564.5631067961165,0.0252365930599369,0.9902912621359224,4,2023
München_Hbf,559,19.81,2023-09-30,501.6788321167883,0.0196779964221824,0.9726277372262774,5,2023
München_Hbf,12,22.939999,2023-10-01,132.0,0.1666666666666666,0.8,6,2023
München_Hbf,4082,24.43,2024-05-01,452.45217391304345,0.0139637432631063,0.950807453416149,2,2024
München_Hbf,4513,23.529999,2024-05-02,396.5436013590034,0.0217150454243297,0.965118912797282,3,2024
München_Hbf,4707,12.219999,2024-05-03,419.6012006861063,0.0091353303590397,0.9682675814751286,4,2024
München_Hbf,4195,18.77,2024-05-04,274.8857349049796,0.0090584028605482,0.9475583353379842,5,2024
München_Hbf,4810,20.609999,2024-05-05,364.9180327868853,0.0108108108108108,0.968053804119378,6,2024
München_Hbf,4385,22.289999,2024-05-06,576.5627165627166,0.0127708095781071,0.9695079695079696,0,2024
München_Hbf,4946,16.199999,2024-05-07,685.8493655341792,0.0121310149615851,0.9725747032337292,1,2024
München_Hbf,4300,10.73,2024-05-08,452.46942615239885,0.0111627906976744,0.9708372530573848,2,2024
München_Hbf,3444,17.22,2024-05-09,457.6897886275677,0.0246806039488966,0.9467103304554928,3,2024
München_Hbf,4385,19.63,2024-05-10,478.99721448467966,0.0175598631698973,0.9621634168987928,4,2024
München_Hbf,3721,21.22,2024-05-11,492.7725182580471,0.0064498790647675,0.959156072491209,5,2024
München_Hbf,4425,22.439999,2024-05-12,846.5539305301645,0.0110734463276836,0.975091407678245,6,2024
München_Hbf,4364,22.76,2024-05-13,548.3155946321148,0.0096241979835013,0.9699213327163352,0,2024
München_Hbf,5326,23.39,2024-05-14,448.374666157955,0.0157716860683439,0.964326592903472,1,2024
München_Hbf,4740,23.06,2024-05-15,508.6877436119533,0.0257383966244725,0.9722823733217844,2,2024
München_Hbf,5200,23.3,2024-05-16,668.6617245415529,0.0142307692307692,0.9738587592664846,3,2024
München_Hbf,5256,14.96,2024-05-17,642.3231742380678,0.0074200913242009,0.976231550699636,4,2024
München_Hbf,4286,21.779999,2024-05-18,314.4389555398729,0.008166122258516,0.9503646200893908,5,2024
München_Hbf,4188,21.279999,2024-05-19,403.5265931959751,0.0033428844317096,0.9386679444178246,6,2024
München_Hbf,4171,23.31,2024-05-20,383.4997576345128,0.010788779669144,0.9474066892874454,0,2024
München_Hbf,4288,16.44,2024-05-21,414.6504992867333,0.0191231343283582,0.9586305278174037,1,2024
München_Hbf,4282,19.02,2024-05-22,437.5434476279944,0.0056048575432041,0.9579614842649132,2,2024
München_Hbf,4979,20.63,2024-05-23,483.40399757722594,0.0052219321148825,0.9412477286493036,3,2024
München_Hbf,5169,19.74,2024-05-24,363.2539992196645,0.0083188237570129,0.943230589153336,4,2024
München_Hbf,4160,19.18,2024-05-25,713.83752134667,0.0146634615384615,0.9526713832642107,5,2024
München_Hbf,4283,22.98,2024-05-26,555.3766721426895,0.0051365865047863,0.9401548932175544,6,2024
München_Hbf,5163,22.199999,2024-05-27,638.6232449297972,0.0067790044547743,0.9510530421216848,0,2024
München_Hbf,5482,15.849999,2024-05-28,694.121335054398,0.0107624954396205,0.9533468559837728,1,2024
München_Hbf,3706,21.57,2024-05-29,447.0049099836334,0.0107933081489476,0.9536279323513366,2,2024
München_Hbf,1422,20.619999,2024-05-30,536.7590618336887,0.010548523206751,0.94953802416489,3,2024
München_Hbf,5702,12.4,2024-05-31,654.1580633677465,0.0147316730971588,0.963688145247419,4,2024
München_Hbf,6067,12.09,2024-06-01,1166.998957971518,0.050931267512774,0.969433831191386,5,2024
München_Hbf,6413,18.88,2024-06-02,1562.451948051948,0.0994854202401372,0.9858008658008658,6,2024
München_Hbf,4370,15.7699995,2024-06-03,514.9184149184149,0.4109839816933638,0.9875679875679876,0,2024
München_Hbf,6678,21.43,2024-06-04,1722.080739104238,0.2544174902665468,0.991765414741916,1,2024
München_Hbf,6860,24.22,2024-06-05,1473.4178403755868,0.0685131195335276,0.9799687010954616,2,2024
München_Hbf,5931,25.84,2024-06-06,1424.7608926673752,0.0480526049570055,0.9656393907190932,3,2024
München_Hbf,7073,23.269999,2024-06-07,1620.3386306252785,0.0480701258306235,0.97579088073667,4,2024
München_Hbf,3601,26.539999,2024-06-08,1610.588597842835,0.0988614273812829,0.9343605546995376,5,2024
München_Hbf,3821,21.689999,2024-06-09,1501.6728624535317,0.1551949751373985,0.9501239157372986,6,2024
München_Hbf,6076,20.96,2024-06-10,1441.5223562810504,0.0724160631994733,0.9698367636621718,0,2024
München_Hbf,5597,14.469999,2024-06-11,1117.7723424270932,0.0503841343576916,0.9734713076199436,1,2024
München_Hbf,6172,18.23,2024-06-12,807.8434752628857,0.0601101749837977,0.9701775555938632,2,2024
München_Hbf,5500,18.72,2024-06-13,907.2889882615988,0.0241818181818181,0.975777901993665,3,2024
München_Hbf,6175,21.27,2024-06-14,841.453117329406,0.0103643724696356,0.9744722631320568,4,2024
München_Hbf,5265,18.92,2024-06-15,1084.0646651270208,0.0131054131054131,0.9647806004618936,5,2024
München_Hbf,4734,22.92,2024-06-16,751.1734693877551,0.0063371356147021,0.9681122448979592,6,2024
München_Hbf,5584,26.91,2024-06-17,848.4276956364947,0.0068051575931232,0.9653804543815362,0,2024
München_Hbf,5856,29.4,2024-06-18,1106.4433258114911,0.0162226775956284,0.9736156917201876,1,2024
München_Hbf,5837,29.59,2024-06-19,972.9506194381436,0.0181600137056707,0.9715581922875588,2,2024
München_Hbf,5899,25.74,2024-06-20,985.709855272226,0.0161044244787252,0.96881461061337,3,2024
München_Hbf,8115,24.369999,2024-06-21,1545.6911392405063,0.0264941466420209,0.9779746835443038,4,2024
München_Hbf,5143,23.23,2024-06-22,834.6182977875225,0.0244993194633482,0.9573450269085112,5,2024
München_Hbf,4214,21.52,2024-06-23,1101.055900621118,0.0066445182724252,0.9374104156712852,6,2024
München_Hbf,5109,25.43,2024-06-24,710.6799601196411,0.0183989038950871,0.959122632103689,0,2024
München_Hbf,5452,27.06,2024-06-25,646.4285714285714,0.0139398385913426,0.9583333333333334,1,2024
München_Hbf,5579,26.869999,2024-06-26,923.1790521851374,0.0279620003584871,0.95832565000922,2,2024
München_Hbf,6672,26.22,2024-06-27,623.8371548900327,0.0391187050359712,0.9642801435033536,3,2024
München_Hbf,6482,29.51,2024-06-28,692.9755178907722,0.0169700709657513,0.9491525423728814,4,2024
München_Hbf,5655,32.7,2024-06-29,539.9461883408072,0.0141467727674624,0.952645739910314,5,2024
München_Hbf,4095,25.449999,2024-06-30,491.1034141514102,0.0129426129426129,0.9401286491835724,6,2024
München_Hbf,5530,22.81,2024-07-01,522.3970588235294,0.0162748643761302,0.948345588235294,0,2024
München_Hbf,5306,19.41,2024-07-02,567.8844326173731,0.0084809649453448,0.957992777038586,1,2024
München_Hbf,5574,18.09,2024-07-03,568.2671480144404,0.0060997488338715,0.9613718411552348,2,2024
München_Hbf,5567,21.789999,2024-07-04,756.32096069869,0.0127537273217172,0.9557860262008734,3,2024
München_Hbf,4999,25.0,2024-07-05,468.96774193548384,0.0078015603120624,0.9423387096774194,4,2024
München_Hbf,4597,31.23,2024-07-06,639.934036939314,0.0106591255166412,0.9454705364995604,5,2024
München_Hbf,4095,16.14,2024-07-07,609.7488921713442,0.008058608058608,0.9374692269817824,6,2024
München_Hbf,5037,23.6,2024-07-08,540.1564694082247,0.0103236053206273,0.9546639919759278,0,2024
München_Hbf,5394,29.769999,2024-07-09,756.6314598264805,0.0170559881349647,0.9613353451527724,1,2024
München_Hbf,6517,29.019999,2024-07-10,825.7723325062035,0.0105876937241061,0.9629342431761788,2,2024
München_Hbf,5648,27.599998,2024-07-11,687.1311921611323,0.024256373937677,0.9678824169842134,3,2024
München_Hbf,5614,26.189999,2024-07-12,691.355962969686,0.0187032418952618,0.9653294608821928,4,2024
München_Hbf,5041,19.789999,2024-07-13,552.3543591803938,0.0124975203332672,0.952189634391322,5,2024
München_Hbf,3826,26.269999,2024-07-14,431.1902231668438,0.0162049137480397,0.94394261424017,6,2024
München_Hbf,4873,30.75,2024-07-15,502.2932330827068,0.017443053560435,0.9582289055973268,0,2024
München_Hbf,5529,25.96,2024-07-16,702.9608621667612,0.043407487791644,0.979013045944413,1,2024
München_Hbf,4454,22.33,2024-07-17,460.5894736842105,0.0401885945217781,0.9698245614035088,2,2024
München_Hbf,5011,27.13,2024-07-18,683.1177924217463,0.0309319497106366,0.9689044481054364,3,2024
München_Hbf,5223,29.439999,2024-07-19,589.6197491538921,0.038292169251388,0.970535536531953,4,2024
München_Hbf,4705,28.09,2024-07-20,544.3964365256124,0.0456960680127523,0.9570155902004456,5,2024
München_Hbf,4453,30.039999,2024-07-21,686.5238424326192,0.0251515832023355,0.949550794747754,6,2024
München_Hbf,6305,24.35,2024-07-22,798.2375851996105,0.022680412371134,0.966082440765985,0,2024
München_Hbf,5295,25.199999,2024-07-23,630.9347442680776,0.0362606232294617,0.9657064471879286,1,2024
München_Hbf,4805,22.73,2024-07-24,481.287991498406,0.0208116545265348,0.9630180658873538,2,2024
München_Hbf,5476,25.08,2024-07-25,834.2647887323943,0.0275748721694667,0.9671361502347418,3,2024
München_Hbf,4635,27.789999,2024-07-26,572.1471571906354,0.0323624595469255,0.975473801560758,4,2024
München_Hbf,3942,31.23,2024-07-27,361.366106080207,0.0195332318619989,0.9619663648124192,5,2024
München_Hbf,3966,23.289999,2024-07-28,493.6188766350346,0.0168935955622793,0.9463965119261348,6,2024
München_Hbf,4767,26.189999,2024-07-29,704.280205655527,0.0207677784770295,0.9545844044558698,0,2024
München_Hbf,5036,29.59,2024-07-30,664.9313383890142,0.0311755361397934,0.9684361549497849,1,2024
München_Hbf,5145,32.68,2024-07-31,888.9783653846154,0.029737609329446,0.9751602564102564,2,2024
München_Hbf,4845,27.99,2024-08-01,567.2880258899677,0.0433436532507739,0.9492988133764833,3,2024
München_Hbf,4755,24.369999,2024-08-02,636.5382103200523,0.0340694006309148,0.9507946875680384,4,2024
München_Hbf,3980,25.539999,2024-08-03,627.1031847133758,0.0138190954773869,0.9523566878980892,5,2024
München_Hbf,3881,24.529999,2024-08-04,429.9789805570152,0.0193249162586962,0.9469259064634789,6,2024
München_Hbf,4633,24.529999,2024-08-05,619.6275197195442,0.0148931577811353,0.9629710780017527,0,2024
München_Hbf,4623,28.349998,2024-08-06,577.4884335756775,0.018170019467878,0.956157743996475,1,2024
München_Hbf,4041,27.5,2024-08-07,464.1429650138434,0.0168275179411036,0.949911905361188,2,2024
München_Hbf,4859,23.869999,2024-08-08,689.5427603725656,0.0277834945462029,0.964225232853514,3,2024
München_Hbf,5742,27.199999,2024-08-09,1256.7824031994182,0.0419714385231626,0.9785493546627886,4,2024
München_Hbf,4145,28.9,2024-08-10,882.8419989904089,0.0441495778045838,0.9603735487127714,5,2024
München_Hbf,4054,30.76,2024-08-11,772.7578419071518,0.0170202269363591,0.9575909661229612,6,2024
München_Hbf,4788,31.359999,2024-08-12,593.1377168558578,0.0248538011695906,0.9685157421289357,0,2024
München_Hbf,5689,31.949999,2024-08-13,952.340657345197,0.0319915626647917,0.966043217722898,1,2024
München_Hbf,5996,30.539999,2024-08-14,636.1284840244731,0.0186791194129419,0.9729775662814412,2,2024
München_Hbf,5258,27.89,2024-08-15,419.2171372930866,0.0233929250665652,0.9573515092502436,3,2024
München_Hbf,5556,29.439999,2024-08-16,672.8476821192053,0.0215982721382289,0.960448859455482,4,2024
München_Hbf,4767,25.66,2024-08-17,542.1070663811563,0.0203482273966855,0.9627408993576018,5,2024
München_Hbf,4333,21.789999,2024-08-18,504.9587555974546,0.0207708285252711,0.9618194673580014,6,2024
München_Hbf,5407,16.88,2024-08-19,664.474814525576,0.0527094507120399,0.9527528309254196,0,2024
München_Hbf,4555,19.77,2024-08-20,734.798927613941,0.0173435784851811,0.9548704200178731,1,2024
München_Hbf,4856,22.07,2024-08-21,476.9493644509273,0.0117380560131795,0.9541571160658472,2,2024
München_Hbf,4901,23.869999,2024-08-22,563.5683274757081,0.0130585594776576,0.957411618771966,3,2024
München_Hbf,5392,28.939999,2024-08-23,504.4406779661017,0.0152077151335311,0.968361581920904,4,2024
München_Hbf,4451,30.65,2024-08-24,583.9440495299243,0.0202201752415187,0.9601008942903004,5,2024
München_Hbf,4209,22.949999,2024-08-25,659.9259442113058,0.0375386077453076,0.9837077264872872,6,2024
München_Hbf,5722,16.279999,2024-08-26,868.6250690226394,0.0505068157986717,0.9860114117430516,0,2024
München_Hbf,4637,23.65,2024-08-27,652.6861999552673,0.0357990079792969,0.9747260120778348,1,2024
München_Hbf,4448,29.08,2024-08-28,708.1971702418987,0.0148381294964028,0.963258785942492,2,2024
München_Hbf,4598,30.359999,2024-08-29,851.1370134154388,0.0110917790343627,0.9861447107983284,3,2024
München_Hbf,4409,30.14,2024-08-30,610.0572475383558,0.0095259696076207,0.9768719945042365,4,2024
München_Hbf,3487,29.359999,2024-08-31,497.74746008708274,0.012044737596788,0.97677793904209,5,2024
München_Hbf,3246,29.06,2024-09-01,563.8279301745636,0.0117067159581022,0.9635286783042394,6,2024
München_Hbf,4406,26.65,2024-09-02,684.7472426470588,0.0122560145256468,0.9825367647058824,0,2024
München_Hbf,4728,28.63,2024-09-03,768.3501394550526,0.0141708967851099,0.9899163269684615,1,2024
München_Hbf,4085,28.099998,2024-09-04,525.7624597074139,0.0127294981640146,0.981651376146789,2,2024
München_Hbf,4624,29.51,2024-09-05,772.9689549628334,0.0108131487889273,0.9881941407958024,3,2024
München_Hbf,3368,24.199999,2024-09-06,604.4531960012117,0.0198931116389548,0.9806119357770372,4,2024
München_Hbf,3424,27.47,2024-09-07,928.1221091581868,0.0528621495327102,0.96577243293247,5,2024
München_Hbf,3749,24.96,2024-09-08,754.8101611581535,0.0234729261136303,0.9680415187107348,6,2024
München_Hbf,4997,18.09,2024-09-09,587.0521684475173,0.0448268961376826,0.9780012570710244,0,2024
München_Hbf,5423,18.32,2024-09-10,702.9958599924727,0.0200995758805089,0.9725254045916448,1,2024
München_Hbf,6680,18.619999,2024-09-11,426.2122362228632,0.0139221556886227,0.9795050857750114,2,2024
München_Hbf,4724,11.139999,2024-09-12,649.7836434443964,0.0215918712955122,0.960839463435742,3,2024
München_Hbf,4776,9.599999,2024-09-13,509.9300699300699,0.0119346733668341,0.9525323161686798,4,2024
München_Hbf,3836,8.059999,2024-09-14,402.07647371216143,0.0182481751824817,0.938396176314392,5,2024
München_Hbf,3837,12.55,2024-09-15,463.7088204038257,0.0190252801667969,0.9487247608926672,6,2024
München_Hbf,4814,9.62,2024-09-16,602.2634271099744,0.0253427503115911,0.9565217391304348,0,2024
München_Hbf,4402,16.74,2024-09-17,386.94218713721847,0.0215810995002271,0.949616902716508,1,2024
München_Hbf,4813,20.52,2024-09-18,448.961562964536,0.0216081446083523,0.9571034189849223,2,2024
München_Hbf,4468,20.5,2024-09-19,583.186660490968,0.0335720680393912,0.9578508568781844,3,2024
München_Hbf,4785,21.05,2024-09-20,786.2193548387097,0.0282131661442006,0.953978494623656,4,2024
München_Hbf,3369,22.93,2024-09-21,538.8723855713853,0.0207776788364499,0.9345256138223704,5,2024
München_Hbf,3637,22.32,2024-09-22,457.2339246119734,0.0079736046191916,0.9326496674057648,6,2024
München_Hbf,4292,22.16,2024-09-23,357.81921170639606,0.0128145386766076,0.9409959877271654,0,2024
München_Hbf,4856,19.119999,2024-09-24,434.50922818791946,0.0181219110378912,0.9444211409395972,1,2024
München_Hbf,4303,21.039999,2024-09-25,390.9537572254336,0.0350917964211015,0.9328034682080923,2,2024
München_Hbf,4794,20.72,2024-09-26,582.4247562526494,0.0158531497705465,0.9582450190758796,3,2024
München_Hbf,4892,18.529999,2024-09-27,703.1765195670275,0.0179885527391659,0.966278101582015,4,2024
München_Hbf,3866,13.099999,2024-09-28,558.7025316455696,0.0191412312467666,0.9438291139240508,5,2024
München_Hbf,4095,13.79,2024-09-29,592.1889922090978,0.0283272283272283,0.9482281980397084,6,2024
München_Hbf,4971,16.88,2024-09-30,421.97869725522327,0.0179038422852544,0.9637443670626792,0,2024
München_Hbf,103,17.26,2024-10-01,199.80582524271844,0.0,0.8737864077669902,1,2024
München_Hbf,2615,25.01,2025-05-01,395.2410335518704,0.0084130019120458,0.8889317392981103,3,2025
München_Hbf,3334,27.779999,2025-05-02,466.80761099365753,0.0068986202759448,0.9127151917849592,4,2025
München_Hbf,2945,23.26,2025-05-03,605.3237410071943,0.0088285229202037,0.9146968139773896,5,2025
München_Hbf,3073,14.96,2025-05-04,369.3590582079791,0.004881223560039,0.9179202092871156,6,2025
München_Hbf,3579,9.12,2025-05-05,339.301605181639,0.0078234143615535,0.920867361306674,0,2025
München_Hbf,3508,10.469999,2025-05-06,424.2943028914973,0.0042759407069555,0.932150014314343,1,2025
München_Hbf,3757,13.91,2025-05-07,373.60691144708426,0.0141070002661698,0.9084773218142548,2,2025
München_Hbf,3082,12.15,2025-05-08,426.355017979732,0.0074626865671641,0.8996404053612291,3,2025
München_Hbf,2794,14.07,2025-05-09,555.2924187725632,0.0085898353614889,0.9303249097472924,4,2025
München_Hbf,2345,17.88,2025-05-10,496.6252676659529,0.0042643923240938,0.9164882226980728,5,2025
München_Hbf,2568,20.25,2025-05-11,494.2667188111068,0.0042834890965732,0.9092686742276104,6,2025
München_Hbf,2919,19.18,2025-05-12,704.8242591316333,0.0058239122987324,0.9362508614748448,0,2025
München_Hbf,3582,18.63,2025-05-13,859.2689295039164,0.0376884422110552,0.9428488540760082,1,2025
München_Hbf,5227,21.72,2025-05-14,651.7112195121952,0.019514061603214,0.9371707317073172,2,2025
München_Hbf,4395,17.18,2025-05-15,502.64618206833296,0.0077360637087599,0.9229534510433388,3,2025
München_Hbf,4256,15.03,2025-05-16,590.5696052942567,0.0058740601503759,0.9314582840935948,4,2025
München_Hbf,2623,17.199999,2025-05-17,244.789818742769,0.0114372855508959,0.8642499035865793,5,2025
München_Hbf,2859,18.789999,2025-05-18,488.2232426704345,0.0097936341378104,0.8767220063581773,6,2025
München_Hbf,3660,21.39,2025-05-19,257.7231279358939,0.0112021857923497,0.9107488256424426,0,2025
München_Hbf,3540,22.09,2025-05-20,580.245995423341,0.0124293785310734,0.9276315789473684,1,2025
München_Hbf,4139,20.81,2025-05-21,677.2669283611384,0.0152210678907948,0.926153091265947,2,2025
München_Hbf,4017,13.92,2025-05-22,428.3162371778834,0.0049788399302962,0.9071803852889668,3,2025
München_Hbf,4525,14.009999,2025-05-23,621.7029791018231,0.0059668508287292,0.9224099599822144,4,2025
München_Hbf,3748,16.9,2025-05-24,343.6451353524524,0.0045357524012806,0.905387295631198,5,2025
München_Hbf,3431,15.2699995,2025-05-25,404.55079271873166,0.0072865053920139,0.9157369348209042,6,2025
München_Hbf,3466,17.72,2025-05-26,496.3047285464098,0.0115406809001731,0.9022183304144776,0,2025
München_Hbf,3414,17.44,2025-05-27,771.3730111962286,0.005858230814294,0.9284030642309958,1,2025
München_Hbf,4544,17.02,2025-05-28,555.7587806494367,0.0037411971830985,0.9293130108239452,2,2025
München_Hbf,3195,17.68,2025-05-29,568.8060644346178,0.0090766823161189,0.9109286165508528,3,2025
München_Hbf,3411,25.48,2025-05-30,428.3708530805688,0.010260920551158,0.9075829383886256,4,2025
München_Hbf,3883,29.98,2025-05-31,444.27564604541897,0.0133917074426989,0.9378752283998956,5,2025
München_Hbf,3131,27.789999,2025-06-01,487.64232872306206,0.0070265091025231,0.9379221614667096,6,2025
München_Hbf,4246,21.07,2025-06-02,687.7822676491562,0.0091851154027319,0.9336819586403612,0,2025
München_Hbf,4224,24.47,2025-06-03,574.7541766109786,0.0080492424242424,0.9441527446300716,1,2025
München_Hbf,4462,27.38,2025-06-04,614.2026351658337,0.0134468848050201,0.9507042253521126,2,2025
München_Hbf,3837,18.43,2025-06-05,580.7278481012659,0.0117279124315871,0.9396097046413502,3,2025
München_Hbf,4243,25.939999,2025-06-06,838.9242170690892,0.014140938015555,0.9519483624193162,4,2025
München_Hbf,4285,18.48,2025-06-07,726.6007067137809,0.0093348891481913,0.9314487632508834,5,2025
München_Hbf,3266,20.0,2025-06-08,596.8372093023256,0.0125535823637477,0.9178294573643412,6,2025
München_Hbf,3728,20.5,2025-06-09,524.226888464685,0.016362660944206,0.912462503408781,0,2025
München_Hbf,3581,25.289999,2025-06-10,494.6320834508035,0.0094945545936889,0.929235974062588,1,2025
München_Hbf,3332,23.68,2025-06-11,600.0915750915751,0.0168067226890756,0.9270451770451772,2,2025
München_Hbf,5029,25.46,2025-06-12,715.4589371980676,0.0121296480413601,0.9361916264090178,3,2025
München_Hbf,4200,28.33,2025-06-13,601.4796905222437,0.0152380952380952,0.9240812379110253,4,2025
München_Hbf,3902,31.019999,2025-06-14,823.6066424494032,0.0123013839056893,0.9488842760768034,5,2025
München_Hbf,4765,30.429998,2025-06-15,991.9241423396548,0.0151101783840503,0.9422544214787982,6,2025
München_Hbf,4231,21.029999,2025-06-16,606.0588235294117,0.0356889624202316,0.924264705882353,0,2025
München_Hbf,4834,24.07,2025-06-17,457.3430962343096,0.0111708729830368,0.9334728033472804,1,2025
München_Hbf,4871,27.74,2025-06-18,486.9067443796836,0.0137548757955245,0.9300582847626978,2,2025
München_Hbf,4340,28.289999,2025-06-19,570.4764128911723,0.0133640552995391,0.919196637085474,3,2025
München_Hbf,4616,26.32,2025-06-20,605.1010544815466,0.0138648180242634,0.9268453427065028,4,2025
München_Hbf,3933,27.609999,2025-06-21,561.1565150346954,0.0106788710907704,0.9103058339758416,5,2025
München_Hbf,3838,31.59,2025-06-22,709.1593274619696,0.0237102657634184,0.9186015479049908,6,2025
München_Hbf,4777,30.849998,2025-06-23,883.3799237611182,0.0115135021980322,0.9309614570097416,0,2025
München_Hbf,5037,28.83,2025-06-24,534.185393258427,0.0105221361921778,0.944422150882825,1,2025
München_Hbf,5288,32.579998,2025-06-25,459.0556298986809,0.0107791225416036,0.9220034410246608,2,2025
München_Hbf,5622,31.0,2025-06-26,890.9886547811993,0.0122732123799359,0.94039258058707,3,2025
München_Hbf,4702,25.33,2025-06-27,452.5346620450607,0.018290089323692,0.936525129982669,4,2025
München_Hbf,4305,28.9,2025-06-28,476.2130455185359,0.0099883855981416,0.9167057719380572,5,2025
München_Hbf,3810,31.46,2025-06-29,978.7370103916868,0.0149606299212598,0.903277378097522,6,2025
München_Hbf,5828,31.39,2025-06-30,931.4571278274592,0.0214481811942347,0.9431877958968964,0,2025
München_Hbf,5738,32.35,2025-07-01,1380.1285255265975,0.0237016382014639,0.9484112816851124,1,2025
München_Hbf,6216,33.54,2025-07-02,1342.5596026490066,0.0283140283140283,0.9443708609271524,2,2025
München_Hbf,5904,28.41,2025-07-03,981.046090108752,0.01880081300813,0.9342309684101502,3,2025
München_Hbf,5569,25.91,2025-07-04,1128.3014746040417,0.0136469743221404,0.939741489168032,4,2025
München_Hbf,4326,28.71,2025-07-05,670.0680591410467,0.0150254276467868,0.9234921379957756,5,2025
München_Hbf,3972,24.619999,2025-07-06,801.5902140672783,0.0120845921450151,0.9171763506625892,6,2025
München_Hbf,4338,22.35,2025-07-07,728.1619204518711,0.020516366989396,0.9178630265944928,0,2025
München_Hbf,4096,15.24,2025-07-08,715.6504468718967,0.0166015625,0.9349553128103276,1,2025
München_Hbf,3441,18.39,2025-07-09,693.927625772286,0.012205754141238,0.9155634010002942,2,2025
München_Hbf,3794,23.21,2025-07-10,1178.85312415472,0.0255666842382709,0.9450906140113604,3,2025
München_Hbf,4188,23.039999,2025-07-11,958.6498911202516,0.0131327602674307,0.9349141059762884,4,2025
München_Hbf,3980,25.369999,2025-07-12,939.5793793280328,0.0203517587939698,0.93049499871762,5,2025
München_Hbf,4432,28.65,2025-07-13,1113.3914239853243,0.0160198555956678,0.9351066269204312,6,2025
München_Hbf,5059,23.15,2025-07-14,701.1724553302549,0.0154180668116228,0.9467978317606908,0,2025
München_Hbf,5858,24.82,2025-07-15,937.6178146038322,0.0110959371799248,0.947522872432246,1,2025
München_Hbf,4226,22.76,2025-07-16,616.1294964028777,0.0132513014671083,0.9453237410071944,2,2025
München_Hbf,4189,21.68,2025-07-17,734.4353281853282,0.0107424206254476,0.9343629343629344,3,2025
München_Hbf,4954,25.76,2025-07-18,801.3132137030996,0.0100928542591844,0.9475938009787928,4,2025
München_Hbf,3447,29.09,2025-07-19,309.15641476274163,0.0095735422106179,0.9045108377270064,5,2025
München_Hbf,3810,31.17,2025-07-20,511.49480415667466,0.0149606299212598,0.9293898214761523,6,2025
München_Hbf,4802,21.039999,2025-07-21,596.2276975361087,0.0195751770095793,0.9369158878504672,0,2025
München_Hbf,4453,24.1,2025-07-22,503.9836102890963,0.0134740624298225,0.9298884589119052,1,2025
München_Hbf,3898,24.92,2025-07-23,450.5282237182807,0.0092355053873781,0.9251683065769032,2,2025
München_Hbf,4611,18.619999,2025-07-24,533.8783605112384,0.0158317067881153,0.9222124283825474,3,2025
München_Hbf,4630,22.15,2025-07-25,495.3135888501742,0.0082073434125269,0.9213850174216028,4,2025
München_Hbf,3523,17.99,2025-07-26,492.5411968777103,0.0181663355095089,0.9245446660884648,5,2025
München_Hbf,2741,20.64,2025-07-27,502.4749907373101,0.0153228748631886,0.8988514264542423,6,2025
München_Hbf,3833,17.08,2025-07-28,591.6903633491311,0.0091312288025045,0.9162717219589256,0,2025
München_Hbf,3700,19.0,2025-07-29,560.7991182143842,0.0191891891891891,0.9167814825020668,1,2025
München_Hbf,4032,19.779999,2025-07-30,675.3586710294488,0.0146329365079365,0.9207148250692172,2,2025
München_Hbf,4640,21.529999,2025-07-31,573.7099236641221,0.011853448275862,0.9371864776444928,3,2025
München_Hbf,3458,19.72,2025-08-01,470.2346041055719,0.0138808559861191,0.9158357771260998,4,2025
München_Hbf,2563,16.74,2025-08-02,576.5871121718377,0.019118220834959,0.928400954653938,5,2025
München_Hbf,2293,17.97,2025-08-03,322.37108858527984,0.0104666375926733,0.8854120758043191,6,2025
München_Hbf,3052,18.5,2025-08-04,482.0854021847071,0.0101572739187418,0.9268454154253558,0,2025
München_Hbf,3994,26.43,2025-08-05,602.0966084275436,0.0255383074611917,0.9141829393627956,1,2025
München_Hbf,4519,22.029999,2025-08-06,513.9806262671773,0.017703031644169,0.9276864158594278,2,2025
München_Hbf,5327,27.289999,2025-08-07,919.2060418280404,0.0305988361178899,0.959721146398141,3,2025
München_Hbf,5233,31.09,2025-08-08,769.3112195121951,0.0206382572138352,0.9506341463414634,4,2025
München_Hbf,3794,32.45,2025-08-09,460.8032128514057,0.0155508697944122,0.9357429718875502,5,2025
München_Hbf,3139,28.519999,2025-08-10,473.7730358874879,0.0146543485186365,0.924668606530876,6,2025
München_Hbf,3899,27.18,2025-08-11,756.5149136577708,0.0197486535008976,0.9220303506017792,0,2025
München_Hbf,4263,30.24,2025-08-12,723.9503816793894,0.0166549378372038,0.946087786259542,1,2025
München_Hbf,4321,33.17,2025-08-13,727.7801268498943,0.0148113862531821,0.9382194033356824,2,2025
München_Hbf,4861,31.91,2025-08-14,805.589519650655,0.0106973873688541,0.9455188188812644,3,2025
München_Hbf,4559,32.71,2025-08-15,996.3720930232558,0.0096512393068655,0.950609080841639,4,2025
München_Hbf,2838,24.18,2025-08-16,462.7104136947218,0.0119802677942212,0.9233238231098432,5,2025
München_Hbf,3001,23.71,2025-08-17,498.1423321082526,0.0026657780739753,0.9224858002004678,6,2025
München_Hbf,3284,25.18,2025-08-18,399.19681177191904,0.0066991473812423,0.9224402207234824,0,2025
München_Hbf,3954,26.609999,2025-08-19,697.377800407332,0.0065756196256954,0.9335539714867616,1,2025
München_Hbf,3375,24.98,2025-08-20,424.58519179304193,0.0035555555555555,0.8980077311923877,2,2025
München_Hbf,3797,18.539999,2025-08-21,458.8712241653418,0.0060574137476955,0.924483306836248,3,2025
München_Hbf,3058,20.689999,2025-08-22,390.1875616979269,0.0062132112491824,0.8858177031918394,4,2025
München_Hbf,2208,17.609999,2025-08-23,398.79145842798727,0.0031702898550724,0.8882326215356656,5,2025
München_Hbf,2363,20.84,2025-08-24,614.8779443254818,0.0118493440541684,0.8972162740899358,6,2025
München_Hbf,3072,23.5,2025-08-25,932.355816226784,0.0009765625,0.9436298468556532,0,2025
München_Hbf,4301,26.98,2025-08-26,954.763948497854,0.0248779353638688,0.9453981878874582,1,2025
München_Hbf,3989,28.119999,2025-08-27,525.5401662049861,0.004512409125094,0.9299924452279024,2,2025
München_Hbf,4551,21.31,2025-08-28,590.8611910560106,0.007470885519666,0.940668585344255,3,2025
München_Hbf,4499,21.33,2025-08-29,601.5412106321197,0.0048899755501222,0.939691757873576,4,2025
München_Hbf,4034,19.91,2025-08-30,466.8946580129805,0.0069410014873574,0.9398402396405392,5,2025
München_Hbf,4586,23.699999,2025-08-31,848.0984831831172,0.0080680331443523,0.9551549791162892,6,2025
München_Hbf,2984,22.699999,2025-09-01,588.477088948787,0.0053619302949061,0.9555256064690026,0,2025
München_Hbf,607,18.69,2025-09-02,0.0,0.0,1.0,1,2025
München_Hbf,602,24.64,2025-09-03,4.78405315614618,0.0,1.0,2,2025
München_Hbf,2451,26.33,2025-09-04,694.2786479802144,0.0101999184006527,0.953833470733718,3,2025
München_Hbf,4242,15.57,2025-09-05,570.746976523595,0.0058934464875058,0.9416646905382974,4,2025
München_Hbf,4630,20.51,2025-09-06,742.4034896401308,0.009719222462203,0.9548527808069792,5,2025
München_Hbf,4245,22.43,2025-09-07,962.4518888096936,0.0084805653710247,0.9444048467569494,6,2025
München_Hbf,3824,23.25,2025-09-08,487.33403582718654,0.0073221757322175,0.9473129610115912,0,2025
München_Hbf,645,17.859999,2025-09-09,4.859813084112149,0.0046511627906976,0.9984423676012462,1,2025
München_Hbf,641,14.429999,2025-09-10,0.0,0.0,1.0,2,2025
München_Hbf,649,20.609999,2025-09-11,0.0,0.0,1.0,3,2025
München_Hbf,679,17.25,2025-09-12,0.0,0.0,1.0,4,2025
München_Hbf,570,20.96,2025-09-13,0.0,0.0,1.0,5,2025
München_Hbf,538,17.369999,2025-09-14,0.0,0.0,1.0,6,2025
München_Hbf,622,25.279999,2025-09-15,0.0,0.0,1.0,0,2025
München_Hbf,554,18.24,2025-09-16,0.0,0.0,1.0,1,2025
München_Hbf,559,18.199999,2025-09-17,2.8980322003577816,0.0,1.0,2,2025
München_Hbf,667,25.05,2025-09-18,314.4257274119449,0.0209895052473763,0.9326186830015314,3,2025
München_Hbf,575,27.519999,2025-09-19,6.608391608391608,0.0052173913043478,1.0,4,2025
München_Hbf,552,30.0,2025-09-20,0.0,0.0,1.0,5,2025
München_Hbf,532,27.51,2025-09-21,0.0,0.0,1.0,6,2025
München_Hbf,615,15.509999,2025-09-22,0.0,0.0,1.0,0,2025
München_Hbf,618,12.679999,2025-09-23,0.0,0.0,1.0,1,2025
München_Hbf,602,10.58,2025-09-24,0.0,0.0,1.0,2,2025
München_Hbf,602,14.589999,2025-09-25,0.0,0.0,1.0,3,2025
München_Hbf,613,15.0199995,2025-09-26,0.0,0.0,1.0,4,2025
München_Hbf,510,16.47,2025-09-27,0.0,0.0,1.0,5,2025
München_Hbf,584,16.109999,2025-09-28,409.7202797202797,0.0205479452054794,0.972027972027972,6,2025
München_Hbf,5070,15.5199995,2025-09-29,691.8682634730538,0.0118343195266272,0.9359281437125748,0,2025
München_Hbf,5415,12.4,2025-09-30,652.3208001481756,0.0029547553093259,0.9488794221152064,1,2025
München_Hbf,198,13.13,2025-10-01,2602.4242424242425,0.0,0.904040404040404,2,2025
Stuttgart_Hbf,569,15.969999,2022-05-01,316.989247311828,0.0193321616871704,0.9767025089605734,6,2022
Stuttgart_Hbf,992,18.869999,2022-05-02,292.0288362512873,0.0211693548387096,0.991761071060762,0,2022
Stuttgart_Hbf,988,20.699999,2022-05-03,378.0131004366812,0.0728744939271255,0.99235807860262,1,2022
Stuttgart_Hbf,988,19.85,2022-05-04,342.2107438016529,0.020242914979757,0.9948347107438016,2,2022
Stuttgart_Hbf,989,15.37,2022-05-05,334.8466257668712,0.0111223458038422,0.994887525562372,3,2022
Stuttgart_Hbf,995,17.94,2022-05-06,307.34567901234567,0.0231155778894472,0.9948559670781894,4,2022
Stuttgart_Hbf,846,20.84,2022-05-07,434.5149700598802,0.0130023640661938,0.9892215568862276,5,2022
Stuttgart_Hbf,804,20.9,2022-05-08,354.8593350383632,0.0273631840796019,0.9859335038363172,6,2022
Stuttgart_Hbf,991,23.359999,2022-05-09,324.79338842975204,0.0232088799192734,0.9927685950413224,0,2022
Stuttgart_Hbf,986,25.279999,2022-05-10,421.8518518518519,0.0141987829614604,0.9907407407407408,1,2022
Stuttgart_Hbf,988,28.31,2022-05-11,403.31616889804326,0.0172064777327935,0.9938208032955717,2,2022
Stuttgart_Hbf,988,23.98,2022-05-12,373.44295991778006,0.0151821862348178,0.9897225077081192,3,2022
Stuttgart_Hbf,977,21.89,2022-05-13,685.0418410041841,0.0214943705220061,0.99163179916318,4,2022
Stuttgart_Hbf,827,23.22,2022-05-14,434.1,0.0326481257557436,0.98625,5,2022
Stuttgart_Hbf,847,26.4,2022-05-15,410.55690072639226,0.024793388429752,0.9903147699757868,6,2022
Stuttgart_Hbf,1027,24.09,2022-05-16,318.94105894105894,0.0253164556962025,0.991008991008991,0,2022
Stuttgart_Hbf,966,25.039999,2022-05-17,313.8509968520462,0.0134575569358178,0.987408184679958,1,2022
Stuttgart_Hbf,967,27.51,2022-05-18,400.12539184952976,0.0103412616339193,0.994775339602926,2,2022
Stuttgart_Hbf,933,30.39,2022-05-19,451.4191419141914,0.0257234726688102,0.9922992299229924,3,2022
Stuttgart_Hbf,933,30.929998,2022-05-20,485.4125412541254,0.0257234726688102,0.9922992299229924,4,2022
Stuttgart_Hbf,759,21.52,2022-05-21,244.9402390438247,0.0079051383399209,0.9734395750332006,5,2022
Stuttgart_Hbf,706,24.15,2022-05-22,221.14285714285717,0.0084985835694051,0.97,6,2022
Stuttgart_Hbf,982,23.289999,2022-05-23,347.10280373831773,0.0193482688391038,0.9896157840083074,0,2022
Stuttgart_Hbf,928,19.82,2022-05-24,410.2417582417583,0.0193965517241379,0.989010989010989,1,2022
Stuttgart_Hbf,932,21.199999,2022-05-25,343.5824175824176,0.0236051502145922,0.9945054945054944,2,2022
Stuttgart_Hbf,718,20.05,2022-05-26,236.2339514978602,0.0236768802228412,0.9771754636233952,3,2022
Stuttgart_Hbf,784,19.64,2022-05-27,266.8911917098446,0.0153061224489795,0.9753886010362696,4,2022
Stuttgart_Hbf,537,17.74,2022-05-28,216.30057803468208,0.0335195530726257,0.9460500963391136,5,2022
Stuttgart_Hbf,512,14.37,2022-05-29,218.8376753507014,0.025390625,0.939879759519038,6,2022
Stuttgart_Hbf,696,18.43,2022-05-30,392.98662704309066,0.0330459770114942,0.976225854383358,0,2022
Stuttgart_Hbf,658,21.47,2022-05-31,295.5070202808112,0.0258358662613981,0.9765990639625584,1,2022
Stuttgart_Hbf,656,23.09,2022-06-01,360.1892744479495,0.0335365853658536,0.9763406940063092,2,2022
Stuttgart_Hbf,658,22.619999,2022-06-02,331.3207547169811,0.033434650455927,0.9827044025157232,3,2022
Stuttgart_Hbf,671,26.46,2022-06-03,510.0920245398773,0.0283159463487332,0.9846625766871164,4,2022
Stuttgart_Hbf,580,24.41,2022-06-04,409.443447037702,0.0396551724137931,0.9640933572710952,5,2022
Stuttgart_Hbf,513,23.33,2022-06-05,293.0952380952381,0.0175438596491228,0.9603174603174603,6,2022
Stuttgart_Hbf,526,23.439999,2022-06-06,238.25918762088972,0.0171102661596958,0.95357833655706,0,2022
Stuttgart_Hbf,663,22.73,2022-06-07,366.5740740740741,0.0226244343891402,0.9753086419753086,1,2022
Stuttgart_Hbf,658,22.99,2022-06-08,409.9065420560748,0.0243161094224924,0.968847352024922,2,2022
Stuttgart_Hbf,657,20.65,2022-06-09,297.2093023255814,0.0182648401826484,0.9674418604651164,3,2022
Stuttgart_Hbf,661,24.449999,2022-06-10,497.9076923076923,0.0166414523449319,0.9646153846153848,4,2022
Stuttgart_Hbf,751,27.07,2022-06-11,403.5405405405405,0.014647137150466,0.9783783783783784,5,2022
Stuttgart_Hbf,708,28.51,2022-06-12,378.3690987124464,0.0127118644067796,0.9799713876967096,6,2022
Stuttgart_Hbf,880,22.99,2022-06-13,315.0522648083624,0.021590909090909,0.9721254355400696,0,2022
Stuttgart_Hbf,873,25.67,2022-06-14,467.7159763313609,0.0320733104238258,0.9763313609467456,1,2022
Stuttgart_Hbf,878,30.119999,2022-06-15,609.820788530466,0.0466970387243735,0.980884109916368,2,2022
Stuttgart_Hbf,725,28.22,2022-06-16,383.3001422475107,0.0303448275862068,0.9758179231863442,3,2022
Stuttgart_Hbf,946,28.65,2022-06-17,478.62295081967216,0.0327695560253699,0.9836065573770492,4,2022
Stuttgart_Hbf,822,34.059998,2022-06-18,492.9265255292652,0.0231143552311435,0.9825653798256538,5,2022
Stuttgart_Hbf,607,35.6,2022-06-19,592.4865831842576,0.0790774299835255,0.9874776386404294,6,2022
Stuttgart_Hbf,1042,26.34,2022-06-20,512.4074074074074,0.0671785028790787,0.9938271604938272,0,2022
Stuttgart_Hbf,984,27.619999,2022-06-21,501.1578947368421,0.0345528455284552,0.9936842105263158,1,2022
Stuttgart_Hbf,983,22.32,2022-06-22,341.40932642487047,0.0183112919633774,0.9968911917098444,2,2022
Stuttgart_Hbf,985,30.06,2022-06-23,416.7515923566879,0.0436548223350253,0.9957537154989384,3,2022
Stuttgart_Hbf,992,25.31,2022-06-24,492.0982599795292,0.0151209677419354,0.9959058341862844,4,2022
Stuttgart_Hbf,854,27.01,2022-06-25,363.9473684210527,0.0210772833723653,0.9952153110047848,5,2022
Stuttgart_Hbf,788,27.779999,2022-06-26,367.9377431906615,0.0215736040609137,0.9883268482490272,6,2022
Stuttgart_Hbf,1043,21.57,2022-06-27,420.1201201201201,0.0421860019175455,0.993993993993994,0,2022
Stuttgart_Hbf,983,24.41,2022-06-28,393.096976016684,0.0244150559511698,0.9916579770594368,1,2022
Stuttgart_Hbf,982,27.359999,2022-06-29,421.8200836820084,0.0264765784114052,0.9937238493723848,2,2022
Stuttgart_Hbf,984,30.66,2022-06-30,480.44025157232704,0.0304878048780487,0.9916142557651992,3,2022
Stuttgart_Hbf,993,20.01,2022-07-01,482.2881355932203,0.0493454179254783,0.996822033898305,4,2022
Stuttgart_Hbf,853,25.529999,2022-07-02,416.77261613691934,0.041031652989449,0.991442542787286,5,2022
Stuttgart_Hbf,809,29.14,2022-07-03,402.8900255754476,0.0333745364647713,0.9910485933503836,6,2022
Stuttgart_Hbf,1043,26.17,2022-07-04,483.67722165474976,0.0613614573346116,0.9938712972420838,0,2022
Stuttgart_Hbf,983,26.869999,2022-07-05,461.6261879619853,0.0366225839267548,0.9904963041182682,1,2022
Stuttgart_Hbf,982,23.17,2022-07-06,330.94736842105266,0.0325865580448065,0.988421052631579,2,2022
Stuttgart_Hbf,984,20.26,2022-07-07,385.6223175965665,0.0528455284552845,0.992489270386266,3,2022
Stuttgart_Hbf,990,22.41,2022-07-08,457.6595744680851,0.0505050505050505,0.9914893617021276,4,2022
Stuttgart_Hbf,830,25.619999,2022-07-09,608.4261501210653,0.5024096385542168,0.9951573849878934,5,2022
Stuttgart_Hbf,787,20.789999,2022-07-10,513.3783783783783,0.4358322744599746,0.9774774774774776,6,2022
Stuttgart_Hbf,989,24.1,2022-07-11,290.1544401544402,0.4762386248736097,0.9884169884169884,0,2022
Stuttgart_Hbf,985,26.99,2022-07-12,423.265306122449,0.4030456852791878,0.9829931972789115,1,2022
Stuttgart_Hbf,983,31.63,2022-07-13,312.69406392694066,0.3316378433367243,0.9878234398782344,2,2022
Stuttgart_Hbf,985,33.28,2022-07-14,538.7772925764192,0.3025380710659898,0.9912663755458516,3,2022
Stuttgart_Hbf,968,25.56,2022-07-15,464.2899408284024,0.3016528925619834,0.9955621301775148,4,2022
Stuttgart_Hbf,836,25.82,2022-07-16,317.2425249169435,0.2799043062200957,0.9867109634551496,5,2022
Stuttgart_Hbf,795,28.71,2022-07-17,402.90050590219226,0.2540880503144654,0.96964586846543,6,2022
Stuttgart_Hbf,966,32.719997,2022-07-18,369.54154727793696,0.2774327122153209,0.9899713467048712,0,2022
Stuttgart_Hbf,970,35.52,2022-07-19,477.6790830945559,0.2804123711340206,0.9928366762177652,1,2022
Stuttgart_Hbf,897,34.809998,2022-07-20,552.1186440677966,0.2107023411371237,0.9915254237288136,2,2022
Stuttgart_Hbf,899,27.93,2022-07-21,427.5104311543811,0.200222469410456,0.9874826147426982,3,2022
Stuttgart_Hbf,904,31.65,2022-07-22,459.2,0.1703539823008849,0.9893333333333332,4,2022
Stuttgart_Hbf,783,28.99,2022-07-23,428.2789317507418,0.1392081736909323,0.9821958456973294,5,2022
Stuttgart_Hbf,744,31.58,2022-07-24,348.7211093990755,0.1276881720430107,0.9815100154083204,6,2022
Stuttgart_Hbf,957,34.98,2022-07-25,577.1662763466043,0.1076280041797283,0.9929742388758782,0,2022
Stuttgart_Hbf,899,26.369999,2022-07-26,478.840206185567,0.1368186874304783,0.9948453608247424,1,2022
Stuttgart_Hbf,898,24.97,2022-07-27,417.7149877149877,0.0935412026726058,0.9889434889434888,2,2022
Stuttgart_Hbf,900,29.33,2022-07-28,449.9632802937576,0.0922222222222222,0.9938800489596084,3,2022
Stuttgart_Hbf,918,27.189999,2022-07-29,432.6353790613719,0.0947712418300653,0.98676293622142,4,2022
Stuttgart_Hbf,1282,28.439999,2022-07-30,374.24701195219126,0.0210608424336973,0.994422310756972,5,2022
Stuttgart_Hbf,1229,31.039999,2022-07-31,321.3670886075949,0.0358014646053702,0.9864978902953586,6,2022
Stuttgart_Hbf,1359,28.65,2022-08-01,337.93313069908817,0.0316409124356144,0.9924012158054712,0,2022
Stuttgart_Hbf,1356,29.789999,2022-08-02,314.2619227857684,0.025811209439528,0.991672975018925,1,2022
Stuttgart_Hbf,1358,33.96,2022-08-03,392.9635258358663,0.0309278350515463,0.993920972644377,2,2022
Stuttgart_Hbf,1360,36.489998,2022-08-04,363.5026535253981,0.0301470588235294,0.9916603487490524,3,2022
Stuttgart_Hbf,1376,31.949999,2022-08-05,281.25,0.0116279069767441,0.9955882352941176,4,2022
Stuttgart_Hbf,1307,25.49,2022-08-06,278.7627251370399,0.0229533282325937,0.9874706342991386,5,2022
Stuttgart_Hbf,1259,27.689999,2022-08-07,233.93258426966293,0.0103256552819698,0.9871589085072232,6,2022
Stuttgart_Hbf,1361,29.5,2022-08-08,302.4161073825503,0.014695077149155,0.9970171513795676,0,2022
Stuttgart_Hbf,1359,30.15,2022-08-09,293.0264150943396,0.025018395879323,0.9969811320754716,1,2022
Stuttgart_Hbf,1358,29.46,2022-08-10,325.3899613899614,0.0463917525773195,0.996138996138996,2,2022
Stuttgart_Hbf,1360,30.019999,2022-08-11,344.7994056463596,0.0102941176470588,0.9955423476968795,3,2022
Stuttgart_Hbf,1376,29.22,2022-08-12,290.64421669106883,0.0072674418604651,0.9970717423133236,4,2022
Stuttgart_Hbf,1306,29.66,2022-08-13,194.757131842714,0.0068912710566615,0.9946029298380878,5,2022
Stuttgart_Hbf,1250,31.8,2022-08-14,170.58053965658218,0.0216,0.9869174161896974,6,2022
Stuttgart_Hbf,1358,27.96,2022-08-15,287.1752265861027,0.0250368188512518,0.9969788519637462,0,2022
Stuttgart_Hbf,1361,29.189999,2022-08-16,346.5168539325843,0.0191036002939015,0.994007490636704,1,2022
Stuttgart_Hbf,1358,27.46,2022-08-17,248.3890577507599,0.0309278350515463,0.9969604863221884,2,2022
Stuttgart_Hbf,1360,26.769999,2022-08-18,460.2661596958175,0.2264705882352941,0.9904942965779469,3,2022
Stuttgart_Hbf,1376,24.35,2022-08-19,366.0,0.2151162790697674,0.9879629629629628,4,2022
Stuttgart_Hbf,1323,25.71,2022-08-20,250.11596788581625,0.1526832955404383,0.9910793933987512,5,2022
Stuttgart_Hbf,1261,27.449999,2022-08-21,192.2586691658857,0.1538461538461538,0.9775070290534208,6,2022
Stuttgart_Hbf,1370,28.65,2022-08-22,280.8200836820084,0.1277372262773722,0.994142259414226,0,2022
Stuttgart_Hbf,1367,29.89,2022-08-23,314.5300592718036,0.1360643745427944,0.9881456392887384,1,2022
Stuttgart_Hbf,1367,30.4,2022-08-24,239.85,0.1221653255303584,0.9908333333333332,2,2022
Stuttgart_Hbf,1364,30.529999,2022-08-25,320.23489932885906,0.126099706744868,0.9958053691275168,3,2022
Stuttgart_Hbf,1269,30.72,2022-08-26,410.0163934426229,0.0386130811662726,0.99672131147541,4,2022
Stuttgart_Hbf,1186,21.41,2022-08-27,216.05172413793105,0.0219224283305227,0.988793103448276,5,2022
Stuttgart_Hbf,1133,25.24,2022-08-28,221.14285714285717,0.0114739629302736,0.9866071428571428,6,2022
Stuttgart_Hbf,1258,27.449999,2022-08-29,252.44732576985413,0.0190779014308426,0.9910858995137763,0,2022
Stuttgart_Hbf,1193,28.939999,2022-08-30,266.3651877133106,0.0176026823134953,0.9837883959044368,1,2022
Stuttgart_Hbf,1252,23.029999,2022-08-31,287.8930307941653,0.0143769968051118,0.9910858995137763,2,2022
Stuttgart_Hbf,1250,23.68,2022-09-01,152.2481869460113,0.0072,0.983883964544722,3,2022
Stuttgart_Hbf,1266,24.59,2022-09-02,235.52311435523117,0.0260663507109004,0.9910786699107867,4,2022
Stuttgart_Hbf,1179,22.48,2022-09-03,159.14602903501282,0.006785411365564,0.981212638770282,5,2022
Stuttgart_Hbf,1116,26.47,2022-09-04,230.78181818181815,0.014336917562724,0.9781818181818182,6,2022
Stuttgart_Hbf,1237,29.609999,2022-09-05,219.3718166383701,0.0476960388035569,0.9830220713073003,0,2022
Stuttgart_Hbf,1235,28.59,2022-09-06,202.28995057660623,0.0170040485829959,0.9868204283360792,1,2022
Stuttgart_Hbf,1235,28.07,2022-09-07,223.29795918367347,0.0080971659919028,0.9885714285714284,2,2022
Stuttgart_Hbf,1236,22.699999,2022-09-08,246.010101010101,0.0388349514563106,0.98989898989899,3,2022
Stuttgart_Hbf,1252,22.529999,2022-09-09,216.0096930533118,0.011182108626198,0.994345718901454,4,2022
Stuttgart_Hbf,1171,19.189999,2022-09-10,153.80500431406384,0.0102476515798462,0.9836065573770492,5,2022
Stuttgart_Hbf,1122,21.439999,2022-09-11,265.1542649727768,0.017825311942959,0.9727767695099818,6,2022
Stuttgart_Hbf,1014,25.199999,2022-09-12,368.641975308642,0.0414201183431952,0.9917695473251028,0,2022
Stuttgart_Hbf,956,27.71,2022-09-13,483.7540453074434,0.0303347280334728,0.9913700107874864,1,2022
Stuttgart_Hbf,955,25.859999,2022-09-14,413.81310418904405,0.025130890052356,0.9924812030075189,2,2022
Stuttgart_Hbf,955,18.39,2022-09-15,391.5254237288136,0.0115183246073298,0.9936440677966102,3,2022
Stuttgart_Hbf,964,16.52,2022-09-16,361.8569903948773,0.0280082987551867,0.992529348986126,4,2022
Stuttgart_Hbf,824,13.73,2022-09-17,228.54679802955664,0.0145631067961165,0.9926108374384236,5,2022
Stuttgart_Hbf,786,14.53,2022-09-18,284.5136186770428,0.0190839694656488,0.9909208819714656,6,2022
Stuttgart_Hbf,1014,14.9,2022-09-19,324.33399602385686,0.0078895463510848,0.9970178926441352,0,2022
Stuttgart_Hbf,954,15.37,2022-09-20,358.95712630359213,0.0953878406708595,0.9907300115874856,1,2022
Stuttgart_Hbf,953,16.73,2022-09-21,355.21311475409834,0.0398740818467995,0.9923497267759562,2,2022
Stuttgart_Hbf,955,18.07,2022-09-22,386.1736334405145,0.0230366492146596,0.9914255091103966,3,2022
Stuttgart_Hbf,957,18.97,2022-09-23,376.0929250263992,0.0104493207941483,0.9904963041182682,4,2022
Stuttgart_Hbf,813,16.05,2022-09-24,263.3707865168539,0.014760147601476,0.9900124843945068,5,2022
Stuttgart_Hbf,773,15.36,2022-09-25,248.63874345549735,0.0116429495472186,0.9842931937172776,6,2022
Stuttgart_Hbf,955,16.529999,2022-09-26,304.5016077170418,0.0230366492146596,0.9957127545551984,0,2022
Stuttgart_Hbf,948,11.62,2022-09-27,328.3368869936034,0.010548523206751,0.9936034115138592,1,2022
Stuttgart_Hbf,947,12.67,2022-09-28,391.572192513369,0.0126715945089757,0.9946524064171124,2,2022
Stuttgart_Hbf,948,13.63,2022-09-29,355.88865096359746,0.0147679324894514,0.994646680942184,3,2022
Stuttgart_Hbf,957,16.01,2022-09-30,396.68094218415416,0.0240334378265412,0.994646680942184,4,2022
Stuttgart_Hbf,10,14.929999,2022-10-01,978.0,0.0,1.0,5,2022
Stuttgart_Hbf,848,15.82,2023-05-01,255.71254567600488,0.0318396226415094,0.97442143727162,0,2023
Stuttgart_Hbf,1065,17.17,2023-05-02,452.6559356136821,0.0666666666666666,0.9788732394366196,1,2023
Stuttgart_Hbf,1062,18.539999,2023-05-03,283.5946462715105,0.0150659133709981,0.9894837476099426,2,2023
Stuttgart_Hbf,1066,22.72,2023-05-04,365.6818181818182,0.0093808630393996,0.9886363636363636,3,2023
Stuttgart_Hbf,1083,21.699999,2023-05-05,588.4705882352941,0.0581717451523545,0.9882352941176472,4,2023
Stuttgart_Hbf,967,20.64,2023-05-06,272.70413573700955,0.0248190279214064,0.985153764581124,5,2023
Stuttgart_Hbf,940,23.3,2023-05-07,275.19736842105266,0.0297872340425531,0.9780701754385964,6,2023
Stuttgart_Hbf,1126,18.539999,2023-05-08,337.2413793103448,0.0470692717584369,0.9850885368126748,0,2023
Stuttgart_Hbf,1041,21.08,2023-05-09,366.21490803484994,0.0076849183477425,0.9845111326234268,1,2023
Stuttgart_Hbf,1040,15.78,2023-05-10,380.5247813411079,0.010576923076923,0.9902818270165208,2,2023
Stuttgart_Hbf,1044,13.95,2023-05-11,299.4792671166828,0.0067049808429118,0.9903567984570878,3,2023
Stuttgart_Hbf,1048,14.71,2023-05-12,423.18840579710144,0.0124045801526717,0.9855072463768116,4,2023
Stuttgart_Hbf,762,15.2699995,2023-05-13,271.8169582772544,0.0249343832020997,0.9663526244952894,5,2023
Stuttgart_Hbf,745,18.039999,2023-05-14,166.59025787965615,0.0630872483221476,0.9598853868194842,6,2023
Stuttgart_Hbf,871,19.699999,2023-05-15,193.13751668891857,0.140068886337543,0.9546061415220294,0,2023
Stuttgart_Hbf,867,12.75,2023-05-16,193.52866242038215,0.0945790080738177,0.9719745222929936,1,2023
Stuttgart_Hbf,856,13.16,2023-05-17,342.8468899521531,0.0233644859813084,0.9688995215311004,2,2023
Stuttgart_Hbf,769,17.64,2023-05-18,194.07114624505928,0.0130039011703511,0.9670619235836628,3,2023
Stuttgart_Hbf,826,15.5,2023-05-19,204.79400749063672,0.0302663438256658,0.9637952559300874,4,2023
Stuttgart_Hbf,694,22.64,2023-05-20,157.05298013245033,0.1296829971181556,0.956953642384106,5,2023
Stuttgart_Hbf,680,24.74,2023-05-21,461.1458333333333,0.1529411764705882,0.9583333333333334,6,2023
Stuttgart_Hbf,892,26.65,2023-05-22,324.86301369863014,0.0179372197309417,0.976027397260274,0,2023
Stuttgart_Hbf,847,19.38,2023-05-23,349.7330097087379,0.0271546635182998,0.970873786407767,1,2023
Stuttgart_Hbf,848,16.25,2023-05-24,245.11242603550292,0.0035377358490566,0.9597633136094674,2,2023
Stuttgart_Hbf,850,21.49,2023-05-25,582.9770992366413,0.0752941176470588,0.9707379134860052,3,2023
Stuttgart_Hbf,858,22.71,2023-05-26,308.086642599278,0.0314685314685314,0.9795427196149218,4,2023
Stuttgart_Hbf,744,23.269999,2023-05-27,373.7872340425532,0.0524193548387096,0.9773049645390072,5,2023
Stuttgart_Hbf,718,24.21,2023-05-28,261.56111929307804,0.0543175487465181,0.96759941089838,6,2023
Stuttgart_Hbf,730,24.73,2023-05-29,277.64872521246457,0.0328767123287671,0.9787535410764872,0,2023
Stuttgart_Hbf,818,23.06,2023-05-30,342.6615969581749,0.0354523227383863,0.982256020278834,1,2023
Stuttgart_Hbf,815,24.93,2023-05-31,274.911838790932,0.0257668711656441,0.9773299748110832,2,2023
Stuttgart_Hbf,815,26.25,2023-06-01,359.69348659003833,0.0392638036809816,0.9821200510855684,3,2023
Stuttgart_Hbf,826,22.71,2023-06-02,365.29634300126105,0.0399515738498789,0.9823455233291298,4,2023
Stuttgart_Hbf,750,24.73,2023-06-03,268.99159663865544,0.048,0.9733893557422968,5,2023
Stuttgart_Hbf,702,24.83,2023-06-04,244.01215805471125,0.0626780626780626,0.9513677811550152,6,2023
Stuttgart_Hbf,829,25.43,2023-06-05,335.841059602649,0.0892641737032569,0.9655629139072848,0,2023
Stuttgart_Hbf,821,24.539999,2023-06-06,366.12732095490713,0.0816077953714981,0.973474801061008,1,2023
Stuttgart_Hbf,825,24.65,2023-06-07,406.8939393939394,0.04,0.9772727272727272,2,2023
Stuttgart_Hbf,549,26.67,2023-06-08,146.79174484052533,0.029143897996357,0.9774859287054408,3,2023
Stuttgart_Hbf,161,25.57,2023-06-13,384.4585987261146,0.0248447204968944,0.9681528662420382,1,2023
Stuttgart_Hbf,594,24.55,2023-06-14,429.198606271777,0.0336700336700336,0.9843205574912892,2,2023
Stuttgart_Hbf,602,25.32,2023-06-15,449.3423271500843,0.0149501661129568,0.9831365935919056,3,2023
Stuttgart_Hbf,14,26.33,2023-06-16,0.0,0.1428571428571428,1.0,4,2023
Stuttgart_Hbf,334,28.96,2023-06-19,308.7037037037037,0.029940119760479,0.9876543209876544,0,2023
Stuttgart_Hbf,600,32.63,2023-06-20,384.1247833622184,0.0383333333333333,0.9826689774696707,1,2023
Stuttgart_Hbf,601,26.449999,2023-06-21,473.1724137931034,0.0349417637271214,0.996551724137931,2,2023
Stuttgart_Hbf,601,31.97,2023-06-22,510.8163265306122,0.021630615640599,0.979591836734694,3,2023
Stuttgart_Hbf,611,24.939999,2023-06-23,580.4805914972274,0.1145662847790507,0.9833641404805916,4,2023
Stuttgart_Hbf,545,27.56,2023-06-24,833.7931034482758,0.1486238532110091,0.9956896551724138,5,2023
Stuttgart_Hbf,539,30.199999,2023-06-25,544.0421052631579,0.1187384044526901,0.9810526315789474,6,2023
Stuttgart_Hbf,650,29.939999,2023-06-26,495.98615916955015,0.1107692307692307,0.9930795847750864,0,2023
Stuttgart_Hbf,598,23.47,2023-06-27,415.0259067357513,0.0317725752508361,0.993091537132988,1,2023
Stuttgart_Hbf,598,25.17,2023-06-28,276.472602739726,0.0234113712374581,0.988013698630137,2,2023
Stuttgart_Hbf,602,27.73,2023-06-29,297.0408163265306,0.0232558139534883,0.988095238095238,3,2023
Stuttgart_Hbf,611,22.14,2023-06-30,449.7952218430034,0.0409165302782324,0.9948805460750854,4,2023
Stuttgart_Hbf,500,23.49,2023-07-01,365.16806722689074,0.048,0.9831932773109244,5,2023
Stuttgart_Hbf,497,24.99,2023-07-02,396.8443496801706,0.056338028169014,0.9786780383795308,6,2023
Stuttgart_Hbf,599,23.99,2023-07-03,490.46762589928056,0.0717863105175292,0.987410071942446,0,2023
Stuttgart_Hbf,548,26.09,2023-07-04,401.77949709864606,0.0565693430656934,0.9825918762088974,1,2023
Stuttgart_Hbf,548,22.83,2023-07-05,330.6766917293233,0.0291970802919708,0.986842105263158,2,2023
Stuttgart_Hbf,552,25.88,2023-07-06,446.2641509433962,0.0398550724637681,0.9849056603773584,3,2023
Stuttgart_Hbf,561,31.359999,2023-07-07,596.3705103969754,0.0570409982174688,0.9867674858223062,4,2023
Stuttgart_Hbf,506,32.79,2023-07-08,383.8762886597938,0.0415019762845849,0.977319587628866,5,2023
Stuttgart_Hbf,498,35.68,2023-07-09,639.2608695652174,0.0763052208835341,0.991304347826087,6,2023
Stuttgart_Hbf,551,31.58,2023-07-10,598.7854251012146,0.1034482758620689,0.98582995951417,0,2023
Stuttgart_Hbf,544,35.75,2023-07-11,459.45205479452056,0.0606617647058823,0.9823874755381604,1,2023
Stuttgart_Hbf,543,28.5,2023-07-12,552.8761061946902,0.1675874769797421,0.9889380530973452,2,2023
Stuttgart_Hbf,548,25.99,2023-07-13,803.9490445859873,0.1405109489051094,0.989384288747346,3,2023
Stuttgart_Hbf,559,29.07,2023-07-14,528.2462686567164,0.0411449016100178,0.9850746268656716,4,2023
Stuttgart_Hbf,503,34.28,2023-07-15,372.9515418502203,0.0974155069582504,0.9779735682819384,5,2023
Stuttgart_Hbf,499,25.59,2023-07-16,393.92931392931393,0.0360721442885771,0.9854469854469856,6,2023
Stuttgart_Hbf,584,26.869999,2023-07-17,394.7313691507799,0.011986301369863,0.9809358752166378,0,2023
Stuttgart_Hbf,541,27.529999,2023-07-18,360.8123791102514,0.044362292051756,0.9806576402321084,1,2023
Stuttgart_Hbf,541,28.8,2023-07-19,343.56472795497183,0.0147874306839186,0.99812382739212,2,2023
Stuttgart_Hbf,545,25.47,2023-07-20,452.5842696629214,0.0201834862385321,0.99438202247191,3,2023
Stuttgart_Hbf,554,24.09,2023-07-21,406.6666666666667,0.0252707581227436,0.9796296296296296,4,2023
Stuttgart_Hbf,364,25.89,2023-07-22,190.51724137931035,0.0439560439560439,0.9770114942528736,5,2023
Stuttgart_Hbf,497,27.22,2023-07-23,329.937369519833,0.0362173038229376,0.964509394572025,6,2023
Stuttgart_Hbf,585,23.869999,2023-07-24,331.1743772241993,0.0393162393162393,0.9804270462633452,0,2023
Stuttgart_Hbf,540,21.43,2023-07-25,361.9354838709677,0.024074074074074,0.9791271347248576,1,2023
Stuttgart_Hbf,541,19.31,2023-07-26,469.6749521988528,0.033271719038817,0.9847036328871892,2,2023
Stuttgart_Hbf,545,21.35,2023-07-27,398.6285714285714,0.036697247706422,0.9771428571428572,3,2023
Stuttgart_Hbf,563,22.25,2023-07-28,504.9717514124294,0.0568383658969804,0.9905838041431262,4,2023
Stuttgart_Hbf,1269,25.519999,2023-07-29,263.20846905537456,0.0323089046493301,0.9828990228013028,5,2023
Stuttgart_Hbf,1281,22.189999,2023-07-30,171.6975060337892,0.0296643247462919,0.9831053901850362,6,2023
Stuttgart_Hbf,1366,23.57,2023-07-31,316.85087055261164,0.0329428989751098,0.987130961392884,0,2023
Stuttgart_Hbf,1346,22.609999,2023-08-01,319.4776119402985,0.0044576523031203,0.9925373134328358,1,2023
Stuttgart_Hbf,1340,25.109999,2023-08-02,312.95454545454544,0.0149253731343283,0.9893939393939394,2,2023
Stuttgart_Hbf,1344,22.279999,2023-08-03,274.9620637329287,0.019345238095238,0.9795144157814872,3,2023
Stuttgart_Hbf,1356,20.49,2023-08-04,313.76975169300226,0.0199115044247787,0.9917231000752446,4,2023
Stuttgart_Hbf,1253,22.34,2023-08-05,157.22132471728594,0.0119712689545091,0.981421647819063,5,2023
Stuttgart_Hbf,1213,16.06,2023-08-06,153.29421626152558,0.0164880461665292,0.980720871751886,6,2023
Stuttgart_Hbf,1294,18.47,2023-08-07,249.43127962085308,0.0216383307573415,0.985781990521327,0,2023
Stuttgart_Hbf,1284,21.97,2023-08-08,206.2112787926926,0.0194704049844236,0.9833200953137412,1,2023
Stuttgart_Hbf,1292,21.48,2023-08-09,250.28169014084503,0.0108359133126934,0.9843505477308294,2,2023
Stuttgart_Hbf,1295,25.279999,2023-08-10,232.6249008723236,0.0262548262548262,0.9873116574147502,3,2023
Stuttgart_Hbf,1315,29.55,2023-08-11,164.8024786986832,0.0182509505703422,0.9821843532145624,4,2023
Stuttgart_Hbf,1255,29.66,2023-08-12,178.86699507389162,0.0294820717131474,0.9794745484400657,5,2023
Stuttgart_Hbf,1223,26.439999,2023-08-13,154.39330543933053,0.0228945216680294,0.9849372384937238,6,2023
Stuttgart_Hbf,1296,29.849998,2023-08-14,291.3126491646778,0.0300925925925925,0.9832935560859188,0,2023
Stuttgart_Hbf,1291,28.73,2023-08-15,185.36891679748825,0.0131680867544539,0.9866562009419152,1,2023
Stuttgart_Hbf,1291,30.74,2023-08-16,189.5035460992908,0.0170410534469403,0.987391646966115,2,2023
Stuttgart_Hbf,1296,27.439999,2023-08-17,327.9080824088748,0.0262345679012345,0.9857369255150554,3,2023
Stuttgart_Hbf,1315,32.16,2023-08-18,131.18564742589703,0.0250950570342205,0.9750390015600624,4,2023
Stuttgart_Hbf,1256,33.739998,2023-08-19,177.20359771054785,0.0262738853503184,0.9795584627964022,5,2023
Stuttgart_Hbf,1219,32.29,2023-08-20,200.08431703204047,0.0270713699753896,0.9738617200674536,6,2023
Stuttgart_Hbf,1296,32.32,2023-08-21,232.08267090620032,0.0293209876543209,0.9833068362480128,0,2023
Stuttgart_Hbf,1291,31.599998,2023-08-22,202.49404289118348,0.0247869868319132,0.9833200953137412,1,2023
Stuttgart_Hbf,1291,29.9,2023-08-23,177.29001584786053,0.0224632068164213,0.9786053882725833,2,2023
Stuttgart_Hbf,1293,33.79,2023-08-24,262.069523039612,0.0433101314771848,0.9870654810024252,3,2023
Stuttgart_Hbf,1313,26.519999,2023-08-25,247.2496025437202,0.0418888042650418,0.9841017488076312,4,2023
Stuttgart_Hbf,1257,20.779999,2023-08-26,198.82157676348547,0.041368337311058,0.9784232365145228,5,2023
Stuttgart_Hbf,1223,20.77,2023-08-27,196.45244215938305,0.0457890433360588,0.9845758354755784,6,2023
Stuttgart_Hbf,1290,17.01,2023-08-28,202.1178343949045,0.0263565891472868,0.9856687898089171,0,2023
Stuttgart_Hbf,1288,16.75,2023-08-29,198.6837881219904,0.0326086956521739,0.985553772070626,1,2023
Stuttgart_Hbf,1288,19.77,2023-08-30,257.9067865903516,0.0504658385093167,0.9803761242845462,2,2023
Stuttgart_Hbf,1292,19.58,2023-08-31,179.71473851030112,0.023219814241486,0.973851030110935,3,2023
Stuttgart_Hbf,1311,23.57,2023-09-01,221.5962441314554,0.0251716247139588,0.9859154929577464,4,2023
Stuttgart_Hbf,1257,26.81,2023-09-02,236.6990291262136,0.0167064439140811,0.9805825242718448,5,2023
Stuttgart_Hbf,1219,25.029999,2023-09-03,145.55,0.0155865463494667,0.9725,6,2023
Stuttgart_Hbf,1283,27.599998,2023-09-04,230.94972067039103,0.0233826968043647,0.9832402234636872,0,2023
Stuttgart_Hbf,1278,27.439999,2023-09-05,198.6024096385542,0.0258215962441314,0.9847389558232932,1,2023
Stuttgart_Hbf,1280,28.01,2023-09-06,254.17661097852027,0.01796875,0.984884645982498,2,2023
Stuttgart_Hbf,1284,28.63,2023-09-07,256.37254901960785,0.0467289719626168,0.988562091503268,3,2023
Stuttgart_Hbf,1304,28.64,2023-09-08,291.64677804295945,0.036042944785276,0.9832935560859188,4,2023
Stuttgart_Hbf,974,29.539999,2023-09-09,269.5291479820628,0.0841889117043121,0.976457399103139,5,2023
Stuttgart_Hbf,910,29.689999,2023-09-10,499.51632406287786,0.0912087912087912,0.969770253929867,6,2023
Stuttgart_Hbf,1043,30.019999,2023-09-11,538.6206896551724,0.0824544582933844,0.9895506792058516,0,2023
Stuttgart_Hbf,990,30.82,2023-09-12,383.9347826086956,0.0707070707070707,0.9847826086956522,1,2023
Stuttgart_Hbf,991,22.48,2023-09-13,768.0536912751678,0.0978809283551967,0.988814317673378,2,2023
Stuttgart_Hbf,995,22.07,2023-09-14,523.1668437832094,0.0542713567839195,0.9872476089266736,3,2023
Stuttgart_Hbf,994,26.099998,2023-09-15,465.5839822024472,0.0955734406438631,0.9833147942157954,4,2023
Stuttgart_Hbf,717,28.58,2023-09-16,389.7321428571428,0.0627615062761506,0.9866071428571428,5,2023
Stuttgart_Hbf,718,29.63,2023-09-17,317.04545454545456,0.0194986072423398,0.9801136363636364,6,2023
Stuttgart_Hbf,838,22.15,2023-09-18,318.61557478368354,0.0346062052505966,0.9839307787391842,0,2023
Stuttgart_Hbf,775,22.21,2023-09-19,352.0325203252033,0.0477419354838709,0.9796747967479674,1,2023
Stuttgart_Hbf,775,26.01,2023-09-20,315.7768924302789,0.0283870967741935,0.9787516600265604,2,2023
Stuttgart_Hbf,778,26.46,2023-09-21,397.94594594594594,0.0488431876606683,0.9824324324324324,3,2023
Stuttgart_Hbf,804,19.76,2023-09-22,516.3754889178618,0.0460199004975124,0.9856584093872228,4,2023
Stuttgart_Hbf,885,18.18,2023-09-23,433.8516746411484,0.055367231638418,0.9880382775119616,5,2023
Stuttgart_Hbf,865,19.46,2023-09-24,361.7037037037037,0.0635838150289017,0.9765432098765432,6,2023
Stuttgart_Hbf,1064,21.689999,2023-09-25,426.1825318940137,0.0422932330827067,0.9931305201177624,0,2023
Stuttgart_Hbf,1012,24.22,2023-09-26,322.29979466119096,0.0375494071146245,0.9794661190965092,1,2023
Stuttgart_Hbf,1013,25.16,2023-09-27,374.5417515274949,0.0306021717670286,0.9837067209775968,2,2023
Stuttgart_Hbf,1013,27.109999,2023-09-28,440.3703703703704,0.0404738400789733,0.9876543209876544,3,2023
Stuttgart_Hbf,1023,27.91,2023-09-29,486.4242424242424,0.032258064516129,0.9888888888888888,4,2023
Stuttgart_Hbf,916,20.449999,2023-09-30,417.7648428405122,0.0622270742358078,0.9860302677532014,5,2023
Stuttgart_Hbf,15,23.97,2023-10-01,310.0,0.2,0.8333333333333334,6,2023
Stuttgart_Hbf,6718,26.21,2024-05-01,475.4607977991747,0.0260494194700803,0.9698914870854348,2,2024
Stuttgart_Hbf,7662,21.07,2024-05-02,385.3352692713833,0.011224223440355,0.97571277719113,3,2024
Stuttgart_Hbf,8244,15.309999,2024-05-03,421.852801171732,0.0061863173216885,0.9865739045526668,4,2024
Stuttgart_Hbf,7039,19.48,2024-05-04,299.3783278169521,0.0127859070890751,0.9726579363937256,5,2024
Stuttgart_Hbf,6915,19.539999,2024-05-05,368.00059329575794,0.0250180766449746,0.9741916345298132,6,2024
Stuttgart_Hbf,8498,16.27,2024-05-06,383.2752446884698,0.0141209696399152,0.9823346860825972,0,2024
Stuttgart_Hbf,7859,15.44,2024-05-07,350.333290438811,0.0111973533528438,0.9853300733496332,1,2024
Stuttgart_Hbf,8253,14.92,2024-05-08,402.8581898131184,0.0079970919665576,0.984121167704898,2,2024
Stuttgart_Hbf,7229,19.779999,2024-05-09,421.65848182966187,0.0141098353852538,0.9703942752911464,3,2024
Stuttgart_Hbf,8267,22.1,2024-05-10,326.4981684981685,0.0093141405588484,0.9843711843711844,4,2024
Stuttgart_Hbf,7164,23.949999,2024-05-11,402.6589595375722,0.0099106644332774,0.9801212462991682,5,2024
Stuttgart_Hbf,7389,25.189999,2024-05-12,626.6033842344201,0.0162403572878603,0.984454532948136,6,2024
Stuttgart_Hbf,8848,23.939999,2024-05-13,597.3456861609728,0.0240732368896925,0.9856398378691372,0,2024
Stuttgart_Hbf,9304,25.65,2024-05-14,332.55689424364124,0.0365434221840068,0.9843819723337796,1,2024
Stuttgart_Hbf,8288,17.89,2024-05-15,413.2699901283317,0.0222007722007722,0.9870434353405726,2,2024
Stuttgart_Hbf,8238,21.16,2024-05-16,434.802315556103,0.0144452537023549,0.9842345116393644,3,2024
Stuttgart_Hbf,9657,12.78,2024-05-17,507.20820684601694,0.0107693900797349,0.9880665759447294,4,2024
Stuttgart_Hbf,8435,20.39,2024-05-18,380.60429559519474,0.0229994072317723,0.9785220240262104,5,2024
Stuttgart_Hbf,6100,19.81,2024-05-19,403.38768718802,0.0147540983606557,0.9655574043261232,6,2024
Stuttgart_Hbf,5816,23.24,2024-05-20,300.8607417774668,0.0171939477303989,0.961336599020294,0,2024
Stuttgart_Hbf,7627,16.369999,2024-05-21,421.8304814962197,0.0115379572571128,0.9832869080779943,1,2024
Stuttgart_Hbf,7602,19.23,2024-05-22,461.3573700954401,0.0076295711654827,0.9795864262990456,2,2024
Stuttgart_Hbf,7338,19.06,2024-05-23,312.0575736806031,0.005859907331698,0.9746401644962304,3,2024
Stuttgart_Hbf,7912,18.93,2024-05-24,370.7906501468898,0.0104903943377148,0.9717716183420616,4,2024
Stuttgart_Hbf,11128,21.66,2024-05-25,283.1570762052877,0.0754852624011502,0.9799766718506998,5,2024
Stuttgart_Hbf,8940,24.09,2024-05-26,419.9509173775856,0.0428411633109619,0.9742900549257918,6,2024
Stuttgart_Hbf,7875,20.4,2024-05-27,514.072821846554,0.0234920634920634,0.9782834850455135,0,2024
Stuttgart_Hbf,9244,19.46,2024-05-28,586.5963060686016,0.0160103851146689,0.9844986807387864,1,2024
Stuttgart_Hbf,6260,18.619999,2024-05-29,418.7012987012987,0.0036741214057507,0.9854096520763188,2,2024
Stuttgart_Hbf,2117,20.199999,2024-05-30,553.9126260201632,0.0160604629192253,0.9687950072011522,3,2024
Stuttgart_Hbf,8254,13.799999,2024-05-31,471.9887406682169,0.0100557305548824,0.9734426630767348,4,2024
Stuttgart_Hbf,6034,14.87,2024-06-01,999.3929539295392,0.0826980444149817,0.9887985546522132,5,2024
Stuttgart_Hbf,5348,19.449999,2024-06-02,957.8455284552846,0.1720269259536275,0.990063233965673,6,2024
Stuttgart_Hbf,9374,17.449999,2024-06-03,736.1065573770492,0.1670578195007467,0.9924436475409836,0,2024
Stuttgart_Hbf,10504,22.609999,2024-06-04,672.013093289689,0.1274752475247524,0.9888707037643208,1,2024
Stuttgart_Hbf,10869,22.43,2024-06-05,696.9914761720263,0.0501426074155856,0.9866330879504068,2,2024
Stuttgart_Hbf,11216,24.58,2024-06-06,853.8651994497936,0.027728245363766,0.9854195323246218,3,2024
Stuttgart_Hbf,9245,24.23,2024-06-07,976.5218357595288,0.0266089778258518,0.9841093454828316,4,2024
Stuttgart_Hbf,6195,25.17,2024-06-08,1031.2587646076795,0.033091202582728,0.9759599332220368,5,2024
Stuttgart_Hbf,5766,22.199999,2024-06-09,553.6165693043016,0.0202913631633714,0.9677819083023544,6,2024
Stuttgart_Hbf,9745,22.43,2024-06-10,562.8827888529381,0.0168291431503335,0.9808996973176076,0,2024
Stuttgart_Hbf,9650,17.449999,2024-06-11,529.9076727156956,0.0235233160621761,0.9859917223814072,1,2024
Stuttgart_Hbf,8932,18.88,2024-06-12,507.4747932479891,0.0117554858934169,0.9824402401721988,2,2024
Stuttgart_Hbf,9013,20.09,2024-06-13,546.1185983827494,0.0120936425163652,0.9748427672955976,3,2024
Stuttgart_Hbf,8777,19.91,2024-06-14,483.1205838063246,0.0164065170331548,0.9712730221244064,4,2024
Stuttgart_Hbf,7345,20.369999,2024-06-15,567.1426602343212,0.0122532334921715,0.9695382494831152,5,2024
Stuttgart_Hbf,6874,23.84,2024-06-16,334.8321554770318,0.0119290078556881,0.9712897526501768,6,2024
Stuttgart_Hbf,9052,21.93,2024-06-17,438.5687298588732,0.0058550596553247,0.974774974997222,0,2024
Stuttgart_Hbf,9542,30.38,2024-06-18,423.44827586206895,0.0061831901068958,0.9832331540651692,1,2024
Stuttgart_Hbf,10641,25.31,2024-06-19,492.8510557712338,0.0075180904050371,0.9857021115424676,2,2024
Stuttgart_Hbf,9911,26.74,2024-06-20,552.9804161566708,0.0107960851579053,0.9847001223990208,3,2024
Stuttgart_Hbf,11684,25.939999,2024-06-21,677.776239508523,0.0108695652173913,0.9793198927057196,4,2024
Stuttgart_Hbf,7189,21.38,2024-06-22,320.7858657243816,0.0158575601613576,0.9724381625441696,5,2024
Stuttgart_Hbf,6867,23.35,2024-06-23,333.2025186703763,0.0055337119557303,0.9692487919168252,6,2024
Stuttgart_Hbf,9756,26.699999,2024-06-24,581.1497824735861,0.0104551045510455,0.9827014708928942,0,2024
Stuttgart_Hbf,10282,27.55,2024-06-25,530.0915805022156,0.0123516825520326,0.9863121614967996,1,2024
Stuttgart_Hbf,10461,27.65,2024-06-26,703.1931109571415,0.0342223496797629,0.9831733148569732,2,2024
Stuttgart_Hbf,11012,29.949999,2024-06-27,540.7188318981655,0.0297856883399927,0.9850243354548858,3,2024
Stuttgart_Hbf,11576,27.92,2024-06-28,475.4199669248847,0.0075155494125777,0.9874662720863434,4,2024
Stuttgart_Hbf,9084,32.52,2024-06-29,457.7483885307846,0.0094671950682518,0.9872193820849078,5,2024
Stuttgart_Hbf,8182,22.699999,2024-06-30,330.4844077406632,0.0084331459300904,0.9813878959694318,6,2024
Stuttgart_Hbf,9750,20.07,2024-07-01,345.93342981186686,0.0077948717948717,0.9841844118255116,0,2024
Stuttgart_Hbf,9557,18.84,2024-07-02,451.1607801792304,0.0075337448990268,0.990089615181866,1,2024
Stuttgart_Hbf,9664,17.74,2024-07-03,337.92069934436466,0.0056912251655629,0.9870954313664272,2,2024
Stuttgart_Hbf,10090,20.18,2024-07-04,488.2190954773869,0.0138751238850346,0.9878391959798994,3,2024
Stuttgart_Hbf,10631,23.72,2024-07-05,471.1197718631179,0.0104411626375693,0.9887832699619772,4,2024
Stuttgart_Hbf,7815,26.56,2024-07-06,408.28118964851296,0.0061420345489443,0.983133771082786,5,2024
Stuttgart_Hbf,7543,21.58,2024-07-07,418.542639797144,0.0066286623359406,0.9779794474843186,6,2024
Stuttgart_Hbf,10140,26.539999,2024-07-08,405.3639540688967,0.01232741617357,0.9881178232651024,0,2024
Stuttgart_Hbf,8995,31.66,2024-07-09,540.6794247537085,0.0182323513062812,0.9856188427131696,1,2024
Stuttgart_Hbf,9554,25.109999,2024-07-10,509.3520177009799,0.0065940967134184,0.9838794647560848,2,2024
Stuttgart_Hbf,9722,27.05,2024-07-11,524.5042227087895,0.0134745937049989,0.9884266499843604,3,2024
Stuttgart_Hbf,8463,26.67,2024-07-12,373.9386708030068,0.0096892354956871,0.9862784870540507,4,2024
Stuttgart_Hbf,7129,22.58,2024-07-13,460.956816257409,0.0060317015009117,0.9748800451594694,5,2024
Stuttgart_Hbf,6493,25.55,2024-07-14,314.4724089416914,0.0147851532419528,0.98217914647491,6,2024
Stuttgart_Hbf,9350,30.929998,2024-07-15,421.2421824455467,0.0081283422459893,0.9879232262238516,0,2024
Stuttgart_Hbf,8018,25.439999,2024-07-16,396.1352412308472,0.015091045148416,0.986957072305939,1,2024
Stuttgart_Hbf,7738,25.359999,2024-07-17,439.336154456493,0.0227448953217885,0.9842634223750332,2,2024
Stuttgart_Hbf,8168,27.75,2024-07-18,523.1060700486103,0.0177522037218413,0.9872865511653994,3,2024
Stuttgart_Hbf,8704,30.599998,2024-07-19,590.9873060648802,0.0225183823529411,0.9875411377527034,4,2024
Stuttgart_Hbf,6539,31.029999,2024-07-20,357.1815212319179,0.0168221440587245,0.9771348576761548,5,2024
Stuttgart_Hbf,5700,28.32,2024-07-21,283.70396600566573,0.0091228070175438,0.9727337110481586,6,2024
Stuttgart_Hbf,9493,25.74,2024-07-22,538.6112,0.0124302117349626,0.9866666666666668,0,2024
Stuttgart_Hbf,8130,25.55,2024-07-23,378.2411312329447,0.0083640836408364,0.983006698089804,1,2024
Stuttgart_Hbf,7654,22.699999,2024-07-24,324.6384828131173,0.0079696890514763,0.9810351639668116,2,2024
Stuttgart_Hbf,8321,25.68,2024-07-25,548.4779447406689,0.0082922725633938,0.9848521570528356,3,2024
Stuttgart_Hbf,7810,26.349998,2024-07-26,335.71465696465697,0.0145966709346991,0.9766112266112266,4,2024
Stuttgart_Hbf,8346,26.869999,2024-07-27,191.30634997576345,0.0112628804217589,0.9723703344643724,5,2024
Stuttgart_Hbf,6807,23.539999,2024-07-28,320.6865936667653,0.0071984721610107,0.9603432968333828,6,2024
Stuttgart_Hbf,8398,27.75,2024-07-29,428.9502762430939,0.0085734698737794,0.9703338938265674,0,2024
Stuttgart_Hbf,8246,32.41,2024-07-30,341.7078541717641,0.0087315061848168,0.9587717151945192,1,2024
Stuttgart_Hbf,7776,32.44,2024-07-31,437.894873458793,0.0091306584362139,0.9554834523036988,2,2024
Stuttgart_Hbf,7224,26.91,2024-08-01,290.78796361091673,0.0109357696566998,0.956892932120364,3,2024
Stuttgart_Hbf,8038,26.56,2024-08-02,336.58242172764994,0.0105747698432445,0.9481956494404628,4,2024
Stuttgart_Hbf,7215,25.72,2024-08-03,241.2386664806807,0.0063756063756063,0.94964430185521,5,2024
Stuttgart_Hbf,6548,24.25,2024-08-04,254.97914413718524,0.0114538790470372,0.9385138266646068,6,2024
Stuttgart_Hbf,7474,25.34,2024-08-05,279.2071197411003,0.0077602354830077,0.9484897518878102,0,2024
Stuttgart_Hbf,7795,29.869999,2024-08-06,286.7461757842883,0.0103912764592687,0.9585169821104486,1,2024
Stuttgart_Hbf,7740,28.16,2024-08-07,316.859182349124,0.0045219638242894,0.9580791693705386,2,2024
Stuttgart_Hbf,8445,24.699999,2024-08-08,501.0462199928341,0.008525754884547,0.9566463633106412,3,2024
Stuttgart_Hbf,7939,28.539999,2024-08-09,394.5798906825982,0.0090691522861821,0.9518240752510488,4,2024
Stuttgart_Hbf,7420,29.029999,2024-08-10,412.6382863340564,0.0059299191374663,0.9556670281995662,5,2024
Stuttgart_Hbf,7193,31.31,2024-08-11,330.1886265194914,0.0050048658417906,0.9463462344557776,6,2024
Stuttgart_Hbf,8554,34.1,2024-08-12,305.8357805708916,0.0047930792611643,0.9554798543404204,0,2024
Stuttgart_Hbf,8752,34.059998,2024-08-13,373.392671367472,0.0115402193784277,0.9587330944399493,1,2024
Stuttgart_Hbf,7965,29.869999,2024-08-14,295.50607287449395,0.0076585059635907,0.9568572874493928,2,2024
Stuttgart_Hbf,7765,28.15,2024-08-15,283.4935855902553,0.0061815840309079,0.9537384994168718,3,2024
Stuttgart_Hbf,7019,29.25,2024-08-16,312.2629619020338,0.0052714061832169,0.9510169006015468,4,2024
Stuttgart_Hbf,7023,28.48,2024-08-17,301.03329506314583,0.0078314110778869,0.9481917336394948,5,2024
Stuttgart_Hbf,6540,21.0,2024-08-18,275.4432324473805,0.0047400611620795,0.9479182670149024,6,2024
Stuttgart_Hbf,7214,22.98,2024-08-19,201.5973191845853,0.0072082062655946,0.9532253560457972,0,2024
Stuttgart_Hbf,8200,23.16,2024-08-20,345.50806749599707,0.0098780487804878,0.959477768198054,1,2024
Stuttgart_Hbf,7111,21.43,2024-08-21,200.36611323967645,0.0090001406271973,0.9473534837519512,2,2024
Stuttgart_Hbf,7430,25.4,2024-08-22,177.58855585831063,0.0121130551816958,0.957765667574932,3,2024
Stuttgart_Hbf,8276,29.22,2024-08-23,198.0894209626191,0.0108748187530207,0.960298069875397,4,2024
Stuttgart_Hbf,7049,34.19,2024-08-24,246.5556353194544,0.0119165839126117,0.9527638190954774,5,2024
Stuttgart_Hbf,6724,23.949999,2024-08-25,288.3216050306932,0.0066924449732302,0.954035035184908,6,2024
Stuttgart_Hbf,7959,23.119999,2024-08-26,321.8181818181818,0.0104284457846463,0.9619095987811072,0,2024
Stuttgart_Hbf,8112,26.65,2024-08-27,491.72920892494926,0.0276134122287968,0.9650101419878296,1,2024
Stuttgart_Hbf,7034,31.359999,2024-08-28,339.7594501718213,0.0071083309638896,0.9580469644902636,2,2024
Stuttgart_Hbf,6631,32.38,2024-08-29,288.86635386711066,0.0036193635952345,0.953988194339337,3,2024
Stuttgart_Hbf,7596,32.76,2024-08-30,263.7603195739015,0.0113217482885729,0.9623169107856192,4,2024
Stuttgart_Hbf,6490,31.33,2024-08-31,252.6164319975244,0.0041602465331278,0.9551291969673528,5,2024
Stuttgart_Hbf,6188,31.179998,2024-09-01,149.69273288896113,0.0059793148028442,0.935295073971712,6,2024
Stuttgart_Hbf,6831,26.05,2024-09-02,235.56247220987103,0.0122968818620992,0.9525715132651548,0,2024
Stuttgart_Hbf,6443,28.5,2024-09-03,242.30588970473363,0.0065187024677945,0.9542259022027808,1,2024
Stuttgart_Hbf,6384,24.789999,2024-09-04,172.65248226950354,0.0061090225563909,0.9457840819542948,2,2024
Stuttgart_Hbf,6764,30.57,2024-09-05,169.51828724353257,0.0056179775280898,0.9545049063336308,3,2024
Stuttgart_Hbf,7258,23.99,2024-09-06,161.31297709923663,0.0073022871314411,0.9476752255378208,4,2024
Stuttgart_Hbf,5567,29.16,2024-09-07,559.5011169024572,0.035027842644153,0.9426656738644824,5,2024
Stuttgart_Hbf,5789,21.85,2024-09-08,350.19545694664555,0.019001554672655,0.9568586018665258,6,2024
Stuttgart_Hbf,8204,19.43,2024-09-09,374.3657780533168,0.0169429546562652,0.9785492870427774,0,2024
Stuttgart_Hbf,8607,19.34,2024-09-10,460.0306314797361,0.0138259556175206,0.97184260131951,1,2024
Stuttgart_Hbf,8120,15.599999,2024-09-11,330.4991308666501,0.0081280788177339,0.9756642662031288,2,2024
Stuttgart_Hbf,8237,14.0199995,2024-09-12,407.3027206697033,0.0138399902877261,0.9707004801181828,3,2024
Stuttgart_Hbf,7223,14.24,2024-09-13,262.4277133677888,0.0088605842447736,0.9625646039949712,4,2024
Stuttgart_Hbf,5015,14.75,2024-09-14,231.3472025853363,0.0127617148554336,0.930721066451222,5,2024
Stuttgart_Hbf,5040,15.75,2024-09-15,362.32576822655153,0.0121031746031746,0.9465756175938944,6,2024
Stuttgart_Hbf,8406,13.969999,2024-09-16,463.17402407880337,0.0217701641684511,0.9771372978231788,0,2024
Stuttgart_Hbf,7239,19.82,2024-09-17,268.8050139275766,0.0081502970023483,0.9732590529247912,1,2024
Stuttgart_Hbf,9156,22.92,2024-09-18,710.5100968833898,0.0643294014853647,0.977354966732812,2,2024
Stuttgart_Hbf,8493,22.63,2024-09-19,468.9588377723971,0.0274343577063464,0.9782082324455206,3,2024
Stuttgart_Hbf,7885,23.01,2024-09-20,493.4271694214876,0.0178820545339251,0.9795971074380164,4,2024
Stuttgart_Hbf,5280,23.789999,2024-09-21,345.61897416120325,0.0178030303030303,0.9489008870034707,5,2024
Stuttgart_Hbf,6025,23.519999,2024-09-22,408.3469831188367,0.0069709543568464,0.9525321744944008,6,2024
Stuttgart_Hbf,8177,19.99,2024-09-23,376.6918410300854,0.0122294239941298,0.9721431224464528,0,2024
Stuttgart_Hbf,7643,18.289999,2024-09-24,283.26395333421715,0.0130838675912599,0.9757390958504574,1,2024
Stuttgart_Hbf,7360,20.199999,2024-09-25,455.9949727691664,0.0270380434782608,0.9780756877531072,2,2024
Stuttgart_Hbf,7633,18.17,2024-09-26,324.0110978993262,0.0083846456177125,0.981899854670366,3,2024
Stuttgart_Hbf,8793,17.55,2024-09-27,388.7514450867052,0.016262936426703,0.9805780346820808,4,2024
Stuttgart_Hbf,5387,14.12,2024-09-28,299.6155295891444,0.0150361982550584,0.9632491519035056,5,2024
Stuttgart_Hbf,6009,14.36,2024-09-29,428.98638426626326,0.0099850224663005,0.9719280551353168,6,2024
Stuttgart_Hbf,7457,18.26,2024-09-30,338.1244881244881,0.0175673863483974,0.9823914823914824,0,2024
Stuttgart_Hbf,206,17.23,2024-10-01,538.252427184466,0.0,0.883495145631068,1,2024
Stuttgart_Hbf,5551,26.88,2025-05-01,353.2330009066183,0.0064853179607277,0.943427017225748,3,2025
Stuttgart_Hbf,6068,28.15,2025-05-02,439.5916334661355,0.007251153592617,0.953187250996016,4,2025
Stuttgart_Hbf,4850,24.25,2025-05-03,254.9065226422933,0.0074226804123711,0.9117158288325716,5,2025
Stuttgart_Hbf,4309,13.7,2025-05-04,146.1034402059443,0.0083546066372708,0.8717528668382869,6,2025
Stuttgart_Hbf,5829,13.0199995,2025-05-05,203.02915301017768,0.0054897924172242,0.9423839917198552,0,2025
Stuttgart_Hbf,5912,14.349999,2025-05-06,279.1260162601626,0.0013531799729364,0.9490176151761518,1,2025
Stuttgart_Hbf,6285,16.47,2025-05-07,514.8604427333975,0.0081145584725536,0.9610202117420596,2,2025
Stuttgart_Hbf,4701,15.25,2025-05-08,175.19588953114965,0.0063816209317166,0.93877114108328,3,2025
Stuttgart_Hbf,4783,17.17,2025-05-09,427.43240410815343,0.0025088856366297,0.9603856633829386,4,2025
Stuttgart_Hbf,4006,19.63,2025-05-10,318.9323308270677,0.0039940089865202,0.9418546365914788,5,2025
Stuttgart_Hbf,3841,22.519999,2025-05-11,329.4642857142857,0.00859151262692,0.9398634453781513,6,2025
Stuttgart_Hbf,4523,21.359999,2025-05-12,484.5280498664292,0.0068538580588105,0.9577025823686554,0,2025
Stuttgart_Hbf,5010,21.91,2025-05-13,233.49397590361448,0.0059880239520958,0.9423694779116466,1,2025
Stuttgart_Hbf,7025,22.91,2025-05-14,401.06666666666666,0.0071174377224199,0.9634408602150538,2,2025
Stuttgart_Hbf,6683,19.14,2025-05-15,289.607931500676,0.0038904683525362,0.9555355265134444,3,2025
Stuttgart_Hbf,7349,17.609999,2025-05-16,443.0617823947512,0.0044904068580759,0.9692454893384364,4,2025
Stuttgart_Hbf,5502,18.57,2025-05-17,292.35435546513776,0.0172664485641584,0.9528389125208064,5,2025
Stuttgart_Hbf,4699,20.1,2025-05-18,191.1994868505452,0.0046818472015322,0.938208253153731,6,2025
Stuttgart_Hbf,6860,21.939999,2025-05-19,265.17865019850024,0.008600583090379,0.9623584766946036,0,2025
Stuttgart_Hbf,5680,23.09,2025-05-20,280.35764872521247,0.0056338028169014,0.9635269121813032,1,2025
Stuttgart_Hbf,6600,19.8,2025-05-21,330.6909090909091,0.0,0.9684848484848484,2,2025
Stuttgart_Hbf,6290,16.109999,2025-05-22,245.8665386461834,0.0065182829888712,0.962393983037286,3,2025
Stuttgart_Hbf,6516,15.46,2025-05-23,298.3475166331425,0.0081338244321669,0.9627108154108,4,2025
Stuttgart_Hbf,5658,17.539999,2025-05-24,245.573479879454,0.0030045952633439,0.943095195887254,5,2025
Stuttgart_Hbf,4936,20.779999,2025-05-25,365.4612395172837,0.0095218800648298,0.9439558191859276,6,2025
Stuttgart_Hbf,8062,18.85,2025-05-26,302.0218851032081,0.0024807740014884,0.9720218851032082,0,2025
Stuttgart_Hbf,9509,20.57,2025-05-27,362.1281536999895,0.0037858870543695,0.976670537316584,1,2025
Stuttgart_Hbf,10664,17.949999,2025-05-28,440.89583137291805,0.003469617404351,0.97958031429378,2,2025
Stuttgart_Hbf,6319,20.449999,2025-05-29,181.36168862085384,0.0028485519860737,0.956832248849389,3,2025
Stuttgart_Hbf,7887,26.859999,2025-05-30,529.4031574894109,0.0121719284899201,0.9634193299961494,4,2025
Stuttgart_Hbf,7150,30.32,2025-05-31,366.31668317532194,0.0116083916083916,0.9599547191170228,5,2025
Stuttgart_Hbf,5865,27.73,2025-06-01,385.9634125491537,0.0027280477408354,0.9548640793298,6,2025
Stuttgart_Hbf,7733,21.27,2025-06-02,411.9168953351627,0.0103452735031682,0.9666797334378676,0,2025
Stuttgart_Hbf,7905,23.9,2025-06-03,482.9812714995541,0.0070841239721695,0.9728627850681616,1,2025
Stuttgart_Hbf,7961,21.279999,2025-06-04,473.9160045402951,0.0040195955281999,0.975785092697692,2,2025
Stuttgart_Hbf,6977,20.81,2025-06-05,398.12645011600927,0.0116095743156084,0.9638921113689096,3,2025
Stuttgart_Hbf,7408,20.34,2025-06-06,364.2523555919705,0.0114740820734341,0.9688652191724704,4,2025
Stuttgart_Hbf,7403,19.41,2025-06-07,578.7635869565217,0.0058084560313386,0.9605978260869564,5,2025
Stuttgart_Hbf,6202,17.15,2025-06-08,274.41291585127203,0.0112866817155756,0.9647749510763208,6,2025
Stuttgart_Hbf,5750,20.8,2025-06-09,220.4004214963119,0.0097391304347826,0.9625922023182296,0,2025
Stuttgart_Hbf,6474,24.14,2025-06-10,435.8556024378809,0.0115848007414272,0.9734333489607752,1,2025
Stuttgart_Hbf,6155,23.32,2025-06-11,386.11439842209074,0.0115353371242891,0.9792899408284024,2,2025
Stuttgart_Hbf,8639,27.71,2025-06-12,419.252532308767,0.005787706910522,0.9855629293282104,3,2025
Stuttgart_Hbf,8195,31.16,2025-06-13,678.0495623227715,0.0102501525320317,0.9813833066206388,4,2025
Stuttgart_Hbf,7678,33.09,2025-06-14,506.8557919621749,0.0083355040375097,0.97846073023378,5,2025
Stuttgart_Hbf,8197,25.17,2025-06-15,726.9035033804548,0.0075637428327436,0.9786109403810694,6,2025
Stuttgart_Hbf,8983,22.9,2025-06-16,720.2477064220184,0.0292775242124012,0.984059633027523,0,2025
Stuttgart_Hbf,7441,25.58,2025-06-17,413.66662138296425,0.0107512431124848,0.9839695693519902,1,2025
Stuttgart_Hbf,7627,27.779999,2025-06-18,564.0321070234114,0.0199291988986495,0.98314381270903,2,2025
Stuttgart_Hbf,6265,28.09,2025-06-19,557.2035398230089,0.0079808459696727,0.9797264682220436,3,2025
Stuttgart_Hbf,6747,26.91,2025-06-20,553.7199222836646,0.0082999851785978,0.9855029143625766,4,2025
Stuttgart_Hbf,5200,29.369999,2025-06-21,290.29016553067186,0.0125,0.9721518987341772,5,2025
Stuttgart_Hbf,4916,33.63,2025-06-22,560.1159660385173,0.0176973148901545,0.980534272106026,6,2025
Stuttgart_Hbf,7057,28.939999,2025-06-23,381.8566493955095,0.0154456567946719,0.981433506044905,0,2025
Stuttgart_Hbf,7074,28.26,2025-06-24,529.1679748822606,0.0094713033644331,0.9865848437277008,1,2025
Stuttgart_Hbf,6339,32.34,2025-06-25,416.50985378258105,0.0074144186780249,0.9833121424030516,2,2025
Stuttgart_Hbf,7226,29.31,2025-06-26,653.7262038073908,0.0113479103238306,0.983902575587906,3,2025
Stuttgart_Hbf,5962,25.47,2025-06-27,520.6454900628504,0.0125796712512579,0.9738406658739596,4,2025
Stuttgart_Hbf,4071,30.65,2025-06-28,296.8962944541159,0.0122819945959223,0.940064660532206,5,2025
Stuttgart_Hbf,3800,32.239998,2025-06-29,789.0793650793651,0.0052631578947368,0.9388888888888888,6,2025
Stuttgart_Hbf,5119,33.32,2025-06-30,882.7559055118111,0.007618675522563,0.961023622047244,0,2025
Stuttgart_Hbf,5544,34.67,2025-07-01,1355.9385290889134,0.014069264069264,0.9762166117819246,1,2025
Stuttgart_Hbf,6353,35.79,2025-07-02,965.9739842620844,0.0198331496930583,0.9779990364541512,2,2025
Stuttgart_Hbf,5071,24.529999,2025-07-03,1066.33485964563,0.0094655886412936,0.9745172207843918,3,2025
Stuttgart_Hbf,5426,27.8,2025-07-04,959.5102040816328,0.0066347217102838,0.971799628942486,4,2025
Stuttgart_Hbf,3019,29.189999,2025-07-05,564.7724974721941,0.0172242464392182,0.9710144927536232,5,2025
Stuttgart_Hbf,4129,25.18,2025-07-06,423.7408312958435,0.0094453862920804,0.9508557457212714,6,2025
Stuttgart_Hbf,6001,21.27,2025-07-07,400.6843718079673,0.0211631394767538,0.9756554307116104,0,2025
Stuttgart_Hbf,4386,18.65,2025-07-08,422.91831510356064,0.0202918376652986,0.972306260181522,1,2025
Stuttgart_Hbf,4405,21.77,2025-07-09,478.3966827919834,0.0145289443813847,0.9785763648928818,2,2025
Stuttgart_Hbf,5421,25.32,2025-07-10,688.7829500841278,0.0132816823464305,0.9753224901850812,3,2025
Stuttgart_Hbf,5329,25.269999,2025-07-11,365.35067873303166,0.0046913116907487,0.9720965309200604,4,2025
Stuttgart_Hbf,4092,26.0,2025-07-12,410.50198807157057,0.0166177908113391,0.9694333996023856,5,2025
Stuttgart_Hbf,4468,29.71,2025-07-13,521.304347826087,0.0116383169203222,0.983016304347826,6,2025
Stuttgart_Hbf,6381,25.41,2025-07-14,543.5850543906669,0.0059551794389594,0.9776131168216932,0,2025
Stuttgart_Hbf,6195,26.09,2025-07-15,808.2375979112271,0.0108151735270379,0.9689947780678853,1,2025
Stuttgart_Hbf,5645,22.65,2025-07-16,378.0928660380715,0.0042515500442869,0.9784735812133072,2,2025
Stuttgart_Hbf,6260,23.939999,2025-07-17,421.5483870967742,0.0095846645367412,0.9820967741935483,3,2025
Stuttgart_Hbf,6741,27.34,2025-07-18,599.8124441798154,0.0034119566829847,0.9819886871092588,4,2025
Stuttgart_Hbf,4880,31.119999,2025-07-19,327.4776832053145,0.0129098360655737,0.9642931285032178,5,2025
Stuttgart_Hbf,4665,30.15,2025-07-20,367.9922530664945,0.0038585209003215,0.9767591994835376,6,2025
Stuttgart_Hbf,6810,24.73,2025-07-21,520.9668755595345,0.0158590308370044,0.9862727544016712,0,2025
Stuttgart_Hbf,7035,22.72,2025-07-22,473.5149008983317,0.0031272210376687,0.9860259518037928,1,2025
Stuttgart_Hbf,6336,24.88,2025-07-23,391.6279069767442,0.0023674242424242,0.982439487422876,2,2025
Stuttgart_Hbf,6755,22.869999,2025-07-24,437.67220902612826,0.0028127313101406,0.9768408551068885,3,2025
Stuttgart_Hbf,6673,24.21,2025-07-25,511.3334337803224,0.0053948748688745,0.9740846768118124,4,2025
Stuttgart_Hbf,4805,23.96,2025-07-26,479.0977443609023,0.0035379812695109,0.9657477025898078,5,2025
Stuttgart_Hbf,4592,21.779999,2025-07-27,668.6275365481126,0.0019599303135888,0.9644337770019638,6,2025
Stuttgart_Hbf,5478,19.23,2025-07-28,498.5496603635028,0.0056589996349032,0.9831099687901598,0,2025
Stuttgart_Hbf,4744,22.609999,2025-07-29,567.0331069609508,0.0067453625632377,0.9830220713073003,1,2025
Stuttgart_Hbf,5198,21.16,2025-07-30,472.99498263218834,0.003078106964217,0.986684677730606,2,2025
Stuttgart_Hbf,5195,23.55,2025-07-31,520.5069659442725,0.0051973051010587,0.9775541795665634,3,2025
Stuttgart_Hbf,4877,22.81,2025-08-01,615.4517133956386,0.012712733237646,0.980477673935618,4,2025
Stuttgart_Hbf,3555,20.46,2025-08-02,308.9235127478753,0.0070323488045007,0.9623229461756374,5,2025
Stuttgart_Hbf,3822,18.46,2025-08-03,271.52996845425866,0.0047095761381475,0.9597791798107256,6,2025
Stuttgart_Hbf,3871,23.359999,2025-08-04,384.1968237438167,0.0077499354172048,0.9820359281437124,0,2025
Stuttgart_Hbf,4741,25.0,2025-08-05,602.7151051625239,0.0071714828095338,0.9808795411089866,1,2025
Stuttgart_Hbf,3898,22.46,2025-08-06,381.6683937823834,0.0097485890200102,0.9803108808290156,2,2025
Stuttgart_Hbf,4718,26.71,2025-08-07,412.6648175805419,0.006570580754557,0.9857051418818008,3,2025
Stuttgart_Hbf,5059,30.25,2025-08-08,476.7116759332804,0.0045463530341964,0.9727958697378872,4,2025
Stuttgart_Hbf,3613,32.6,2025-08-09,283.2313681868743,0.0047052311098809,0.9688542825361512,5,2025
Stuttgart_Hbf,3515,26.74,2025-08-10,211.45299145299143,0.0014224751066856,0.9464387464387464,6,2025
Stuttgart_Hbf,5376,28.81,2025-08-11,612.7337322363501,0.0052083333333333,0.9717651458489156,0,2025
Stuttgart_Hbf,5322,31.59,2025-08-12,631.5838873680094,0.0390830514844043,0.9763394603050448,1,2025
Stuttgart_Hbf,5209,33.579998,2025-08-13,408.3129197945476,0.0282203877903628,0.9713551955748716,2,2025
Stuttgart_Hbf,5188,33.44,2025-08-14,484.3006182380216,0.0023130300693909,0.9557573415765068,3,2025
Stuttgart_Hbf,4296,33.46,2025-08-15,417.3066980023502,0.0095437616387337,0.9426556991774384,4,2025
Stuttgart_Hbf,3517,28.599998,2025-08-16,267.7739726027397,0.0036963321012226,0.9483447488584474,5,2025
Stuttgart_Hbf,3642,24.15,2025-08-17,448.4542936288088,0.0087863811092806,0.9473684210526316,6,2025
Stuttgart_Hbf,3610,26.3,2025-08-18,567.2,0.002770083102493,0.9577777777777776,0,2025
Stuttgart_Hbf,4033,29.07,2025-08-19,383.2238805970149,0.0032234068931316,0.9554726368159204,1,2025
Stuttgart_Hbf,3594,25.38,2025-08-20,302.74706867671694,0.003338898163606,0.939140145170296,2,2025
Stuttgart_Hbf,3245,22.63,2025-08-21,351.47885149737573,0.0018489984591679,0.9357826489657302,3,2025
Stuttgart_Hbf,4490,21.38,2025-08-22,400.5510752688172,0.0057906458797327,0.94668458781362,4,2025
Stuttgart_Hbf,3404,20.75,2025-08-23,448.4676705048716,0.0049941245593419,0.9462651313847062,5,2025
Stuttgart_Hbf,3320,22.13,2025-08-24,372.8739800543971,0.0033132530120481,0.9386521607736475,6,2025
Stuttgart_Hbf,2997,24.43,2025-08-25,479.4984954864594,0.002002002002002,0.9384821130056836,0,2025
Stuttgart_Hbf,3638,29.119999,2025-08-26,633.6888643271622,0.0052226498075865,0.9242884774799668,1,2025
Stuttgart_Hbf,5028,26.15,2025-08-27,398.1024516643412,0.0021877486077963,0.913693442296193,2,2025
Stuttgart_Hbf,8545,21.15,2025-08-28,402.6293508936971,0.0047981275599765,0.936618062088429,3,2025
Stuttgart_Hbf,7385,23.789999,2025-08-29,371.3539967373573,0.0039268788083953,0.9358346927678086,4,2025
Stuttgart_Hbf,7017,21.81,2025-08-30,349.6194073213248,0.0189539689325922,0.9247530505520046,5,2025
Stuttgart_Hbf,7135,24.539999,2025-08-31,449.421768707483,0.011072179397337,0.9366496598639455,6,2025
Stuttgart_Hbf,4944,20.13,2025-09-01,328.7995124923827,0.0042475728155339,0.9482023156611822,0,2025
Stuttgart_Hbf,972,20.6,2025-09-02,1.1122554067971164,0.0010288065843621,1.0,1,2025
Stuttgart_Hbf,969,24.439999,2025-09-03,0.0619195046439628,0.0,1.0,2,2025
Stuttgart_Hbf,3401,23.66,2025-09-04,400.8198171630787,0.0029403116730373,0.9528162783839575,3,2025
Stuttgart_Hbf,6034,19.52,2025-09-05,404.6465316959841,0.0013258203513423,0.923166279455692,4,2025
Stuttgart_Hbf,7561,22.369999,2025-09-06,448.8006354249404,0.0009258034651501,0.9788191686523696,5,2025
Stuttgart_Hbf,6676,24.42,2025-09-07,435.3975903614458,0.0053924505692031,0.9757530120481928,6,2025
Stuttgart_Hbf,6499,21.13,2025-09-08,435.9160839160839,0.0098476688721341,0.9807303807303808,0,2025
Stuttgart_Hbf,959,19.48,2025-09-09,15.423197492163007,0.0020855057351407,1.0,1,2025
Stuttgart_Hbf,949,19.15,2025-09-10,0.0,0.0,1.0,2,2025
Stuttgart_Hbf,957,19.08,2025-09-11,0.0,0.0,1.0,3,2025
Stuttgart_Hbf,957,19.779999,2025-09-12,0.0,0.0,1.0,4,2025
Stuttgart_Hbf,745,22.119999,2025-09-13,0.0,0.0,1.0,5,2025
Stuttgart_Hbf,723,19.449999,2025-09-14,0.0,0.0,1.0,6,2025
Stuttgart_Hbf,836,23.76,2025-09-15,0.0,0.0,1.0,0,2025
Stuttgart_Hbf,803,18.18,2025-09-16,0.0,0.0,1.0,1,2025
Stuttgart_Hbf,798,19.609999,2025-09-17,0.0,0.0,1.0,2,2025
Stuttgart_Hbf,965,25.48,2025-09-18,357.1069182389937,0.0113989637305699,0.9779874213836478,3,2025
Stuttgart_Hbf,812,28.9,2025-09-19,1.625615763546798,0.0,1.0,4,2025
Stuttgart_Hbf,747,30.859999,2025-09-20,0.0,0.0,1.0,5,2025
Stuttgart_Hbf,719,21.82,2025-09-21,0.0,0.0,1.0,6,2025
Stuttgart_Hbf,831,11.55,2025-09-22,0.0,0.0,1.0,0,2025
Stuttgart_Hbf,794,12.61,2025-09-23,0.0,0.0,1.0,1,2025
Stuttgart_Hbf,789,10.03,2025-09-24,0.0,0.0,1.0,2,2025
Stuttgart_Hbf,796,11.25,2025-09-25,0.0,0.0,1.0,3,2025
Stuttgart_Hbf,806,11.67,2025-09-26,0.0,0.0,1.0,4,2025
Stuttgart_Hbf,741,14.929999,2025-09-27,0.0,0.0,1.0,5,2025
Stuttgart_Hbf,782,14.679999,2025-09-28,240.9399477806789,0.0204603580562659,0.9856396866840732,6,2025
Stuttgart_Hbf,7379,17.52,2025-09-29,587.9163248564397,0.0088087816777341,0.9753896636587368,0,2025
Stuttgart_Hbf,7517,16.56,2025-09-30,460.6462035541196,0.0118398297193029,0.9695745826602046,1,2025
Stuttgart_Hbf,163,14.839999,2025-10-01,242.2085889570552,0.0,0.8404907975460123,2,2025
